###############################################################
#  Generated by:      Cadence Encounter 13.10-p003_1
#  OS:                Linux i686(Host ID cadence)
#  Generated on:      Sat Sep  5 23:10:24 2026
#  Design:            adas_accelerator_top
#  Command:           summaryReport -noHtml -outfile summary_final.rpt
###############################################################


==============================
General Design Information
==============================
Design Status: Routed  
Design Name: adas_accelerator_top  
# Instances: 379783  
# Hard Macros: 0  
# Std Cells: 379783  
    ------------------------------
    Standard Cells in Netlist
    ------------------------------
               Cell Type   Instance Count  Area (um^2)  
                 SDFFRX4                3          40.0140  
               OAI2BB1X1                7          14.3640  
                  DLY4X1               34         337.2120  
              CLKAND2X12                2          15.0480  
                 NAND3X6                5          35.9100  
                 SDFFRX2                9          98.4960  
                AOI221X2              823        3659.0580  
                 AOI22XL            11955       28620.2700  
                   OR3X2                1           2.3940  
                CLKBUFX2              571         976.4100  
                   INVX8               11          30.7544  
                 NAND3X2               24          65.6640  
                 NAND3X4               26         124.4880  
                 AOI32XL               24          65.6640  
                 OAI22X4               48         311.9040  
                   OR2XL              168         287.2800  
                  ADDHX4                1           7.1820  
                DFFRHQX2             6194       48722.0040  
                 NOR2BX4                3          11.2860  
               AOI2BB1XL               21          43.0920  
                  ADDHX2                6          30.7800  
                NAND4BXL                1           2.3940  
                   FILL1            61660       21087.7200  
                 NOR2BX2               39         106.7040  
                 OAI22X2               25          85.5000  
                  INVX12                8          30.7800  
                  NOR2X4                4          13.6800  
                   BUFX2                6          10.2600  
               CLKBUFX12                3          15.3900  
                  NOR2X2                2           4.1040  
                   INVX3             2411        3360.0901  
                 DFFSRX1               10         112.8600  
                  NOR3X4                2          10.2600  
                  NOR4X6                1           8.2080  
                AOI222X1                1           3.0780  
                 NAND4X8                1          10.2600  
                CLKINVX3                2           3.4200  
                  NOR3X2                2           5.4720  
                 NAND4X6                2          17.1000  
                  NOR4X4                3          19.4940  
                OAI222XL               14          43.0920  
                   OR2X1               26          44.4600  
                  NOR4X2                5          17.1000  
                   MX2XL             1875        5130.0000  
                  XOR2X1               14          43.0920  
                 NAND4X4                6          41.0400  
               AOI2BB1X1               10          20.5200  
                   BUFX8                4          15.0480  
                  AND2X1              334         571.1400  
                 NAND4X2                7          26.3340  
                CLKMX2X2              823        2533.1940  
                  MXI2X6               64         328.3200  
                  DFFRX1               23         196.6500  
                  MXI2X4               12          61.5600  
               CLKAND2X4                6          20.5200  
                  DFFSX1                1           8.5500  
                   FILL2            61848       42304.0320  
                 XNOR2X1              707        2176.1460  
                   BUFX3                2           4.1040  
                 AOI22X2              278        1045.8360  
                  MXI2X2              262        1164.8520  
                  FILL64             4118       90134.7840  
                  INVX20              421        2652.8684  
                   INVX4              255         444.7710  
                   MX2X1               33         101.5740  
                  XOR2XL              356        1095.7680  
               OAI2BB2XL              668        2513.0160  
                   FILL8            47571      130154.2560  
                  AND2XL              505         863.5500  
                CLKBUFX3              465         954.1800  
                   OR2X2               14          28.7280  
                  DLY2X4                9          61.5600  
                 NAND2X1             3357        3501.6867  
                   OR3X4                2           6.1560  
                  DFFRXL              520        4446.0000  
                  FILL16            17001       93029.4720  
                ACHCONX2             1537       19449.1980  
                 OAI21X1               17          34.8840  
                  AND3XL                9          18.4680  
                OAI221X1              613        1677.1680  
                 OAI31X1               19          38.9880  
                  OA21X1              422        1010.2680  
                  DLY4X4               55         583.1100  
               OAI2BB2X4               61         521.5500  
               OAI2BB2X1               76         311.9040  
                 XNOR3X1               35         263.3400  
                AOI211X1                3           7.1820  
                   OR4X1                4           9.5760  
                OAI211XL                2           4.1040  
                CLKINVX4                5          10.2600  
                 SDFFRX1               41         448.7040  
                NAND2BX1             1102        1535.8023  
                  ADDFX1               48         328.3200  
                   MX2X2                5          15.3900  
                 NAND3X1               13          22.2300  
               SDFFRHQX4               11         135.4320  
               SDFFRHQX1             9911       94907.7360  
                CLKMX2X3               98         402.1920  
               CLKINVX20               27         175.4460  
                 DFFSRX4               68         953.4960  
                 OAI21XL             1049        1793.7900  
                CLKMX2X6               20          88.9200  
                 NOR2BX1              443         757.5300  
               CLKAND2X2                2           4.1040  
                 OAI22X1               24          57.4560  
                 DFFSRX2               75        1026.0000  
                 OAI32X1               11          30.0960  
                  AND2X8                2           8.8920  
                 AOI21X1               11          22.5720  
                   FILL4            55621       76089.5280  
                  NOR2X1                7           9.5760  
                 NOR3BX1                1           2.0520  
                  AND2X6               15          56.4300  
                AOI221X1             1241        3819.7980  
                  ADDFXL            17902      122449.6800  
                   INVX6              165         345.6337  
                 XNOR3XL                4          30.0960  
                  AO21X1                3           7.1820  
                  NOR3X1                3           5.1300  
                  AND2X4               38         116.9640  
                 NOR4BX1                1           3.0780  
                  AND3X6                2           8.8920  
                  DFFRX4               36         393.9840  
                 SDFFRXL             1231       12630.0600  
                 AOI31X1                5          10.2600  
                  AND2X2               23          47.1960  
                CLKBUFX4               72         172.3680  
                  NOR4X1               29          69.4260  
                  AND3X4                4          12.3120  
                AOI211XL               22          45.1440  
                  DFFRX2              108         923.4000  
                   OR2X4                6          18.4680  
                 NAND4X1               67         137.4840  
               AOI2BB2X1              820        2804.4000  
                  AND3X2                4          10.9440  
                  ADDHXL              847        4055.4360  
                 NAND3XL               15          25.6500  
                  AND4X4                1           3.7620  
                DFFSHQX1                1           8.2080  
                 ADDFHXL                1           7.5240  
                  AND4X2                1           3.0780  
                 OAI22XL            11282       23150.6640  
                  NOR2XL             1479        1517.4540  
                   INVX1            37786       26168.6943  
               CLKBUFX20                4          32.8320  
               OAI2BB2X2              110         601.9200  
                  FILL32             4064       44476.4160  
                 OAI33X1                1           2.7360  
                 NOR2BXL               94         160.7400  
                  MXI2X1               13          35.5680  
                CLKINVX2                8          10.9440  
                 AOI22X1              157         375.8580  
                  AO21XL                3           7.1820  
                  NOR3XL                1           1.7100  
                 NAND2X6               10          47.8800  
                 AOI21XL             1350        2308.5000  
                 NAND2X4               72         246.2400  
                   OR3X1                2           4.1040  
                AOI211X2                3          10.2600  
                   BUFX6               31          95.4180  
                 NOR3BXL                5          10.2600  
               OAI2BB1XL               14          28.7280  
                  AO22XL              545        1491.1200  
                 NAND2X2              276         481.3992  
                  NOR4XL               89         182.6280  
                NAND4BX1                1           2.3940  
               SDFFRHQX8                4          53.3520  
                   MX2X4              284        1165.5360  
                 OAI21X2                1           3.0780  
               CLKINVX12                1           4.1040  
                  DLY2X1               26         151.1640  
                NAND3BXL               46          81.8064  
               SDFFRHQX2               64         634.7520  
                CLKMX2X4               49         201.0960  
               CLKAND2X3                8          24.6240  
                   INVX2              636         663.4116  
                  MXI2XL             1402        3356.3880  
                 NAND4XL               12          24.6240  
# Pads: 0  
# Net: 162513  
# Special Net: 2  
# IO Pins: 
    ------------------------------
    Issued IO Information
    ------------------------------
    # Unplaced IO Pin  0  
    # Floating IO  0  
    # IO Connected to Non-IO Inst  
        ------------------------------
        IO Connected to Non-IO Inst
        ------------------------------
                     IO Name      Non-IO Inst Name  
                 final_valid  core_inst/done_l4_reg  
        final_predictions[0][0]  core_inst/final_predictions_reg[0][0]  
        final_predictions[0][1]  core_inst/final_predictions_reg[0][1]  
        final_predictions[0][2]  core_inst/final_predictions_reg[0][2]  
        final_predictions[0][3]  core_inst/final_predictions_reg[0][3]  
        final_predictions[0][4]  core_inst/final_predictions_reg[0][4]  
        final_predictions[0][5]  core_inst/final_predictions_reg[0][5]  
        final_predictions[0][6]  core_inst/final_predictions_reg[0][6]  
        final_predictions[0][7]  core_inst/final_predictions_reg[0][7]  
        final_predictions[0][8]  core_inst/final_predictions_reg[0][8]  
        final_predictions[0][9]  core_inst/final_predictions_reg[0][9]  
        final_predictions[0][10]  core_inst/final_predictions_reg[0][10]  
        final_predictions[0][11]  core_inst/final_predictions_reg[0][11]  
        final_predictions[0][12]  core_inst/final_predictions_reg[0][12]  
        final_predictions[0][13]  core_inst/final_predictions_reg[0][13]  
        final_predictions[0][14]  core_inst/final_predictions_reg[0][14]  
        final_predictions[0][15]  core_inst/final_predictions_reg[0][14]  
        final_predictions[0][16]  core_inst/final_predictions_reg[0][14]  
        final_predictions[0][17]  core_inst/final_predictions_reg[0][14]  
        final_predictions[0][18]  core_inst/final_predictions_reg[0][14]  
        final_predictions[0][19]  core_inst/final_predictions_reg[0][14]  
        final_predictions[0][20]  core_inst/final_predictions_reg[0][14]  
        final_predictions[0][21]  core_inst/final_predictions_reg[0][14]  
        final_predictions[0][22]  core_inst/final_predictions_reg[0][14]  
        final_predictions[0][23]  core_inst/final_predictions_reg[0][14]  
        final_predictions[0][24]  core_inst/final_predictions_reg[0][14]  
        final_predictions[0][25]  core_inst/final_predictions_reg[0][14]  
        final_predictions[0][26]  core_inst/final_predictions_reg[0][14]  
        final_predictions[0][27]  core_inst/final_predictions_reg[0][14]  
        final_predictions[0][28]  core_inst/final_predictions_reg[0][14]  
        final_predictions[0][29]  core_inst/final_predictions_reg[0][14]  
        final_predictions[0][30]  core_inst/final_predictions_reg[0][14]  
        final_predictions[0][31]  core_inst/final_predictions_reg[0][14]  
        final_predictions[1][0]  core_inst/final_predictions_reg[1][0]  
        final_predictions[1][1]  core_inst/final_predictions_reg[1][1]  
        final_predictions[1][2]  core_inst/final_predictions_reg[1][2]  
        final_predictions[1][3]  core_inst/final_predictions_reg[1][3]  
        final_predictions[1][4]  core_inst/final_predictions_reg[1][4]  
        final_predictions[1][5]  core_inst/final_predictions_reg[1][5]  
        final_predictions[1][6]  core_inst/final_predictions_reg[1][6]  
        final_predictions[1][7]  core_inst/final_predictions_reg[1][7]  
        final_predictions[1][8]  core_inst/final_predictions_reg[1][8]  
        final_predictions[1][9]  core_inst/final_predictions_reg[1][9]  
        final_predictions[1][10]  core_inst/final_predictions_reg[1][10]  
        final_predictions[1][11]  core_inst/final_predictions_reg[1][11]  
        final_predictions[1][12]  core_inst/final_predictions_reg[1][12]  
        final_predictions[1][13]  core_inst/final_predictions_reg[1][13]  
        final_predictions[1][14]  core_inst/final_predictions_reg[1][14]  
        final_predictions[1][15]  core_inst/final_predictions_reg[1][14]  
        final_predictions[1][16]  core_inst/final_predictions_reg[1][14]  
        final_predictions[1][17]  core_inst/final_predictions_reg[1][14]  
        final_predictions[1][18]  core_inst/final_predictions_reg[1][14]  
        final_predictions[1][19]  core_inst/final_predictions_reg[1][14]  
        final_predictions[1][20]  core_inst/final_predictions_reg[1][14]  
        final_predictions[1][21]  core_inst/final_predictions_reg[1][14]  
        final_predictions[1][22]  core_inst/final_predictions_reg[1][14]  
        final_predictions[1][23]  core_inst/final_predictions_reg[1][14]  
        final_predictions[1][24]  core_inst/final_predictions_reg[1][14]  
        final_predictions[1][25]  core_inst/final_predictions_reg[1][14]  
        final_predictions[1][26]  core_inst/final_predictions_reg[1][14]  
        final_predictions[1][27]  core_inst/final_predictions_reg[1][14]  
        final_predictions[1][28]  core_inst/final_predictions_reg[1][14]  
        final_predictions[1][29]  core_inst/final_predictions_reg[1][14]  
        final_predictions[1][30]  core_inst/final_predictions_reg[1][14]  
        final_predictions[1][31]  core_inst/final_predictions_reg[1][14]  
                sensor_valid  FE_PHC2905_sensor_valid  
           sensor_data_in[0]  FE_PHC2902_sensor_data_in_0_  
           sensor_data_in[1]  FE_PHC2891_sensor_data_in_1_  
           sensor_data_in[2]  FE_PHC2903_sensor_data_in_2_  
           sensor_data_in[3]  FE_PHC2901_sensor_data_in_3_  
           sensor_data_in[4]  FE_PHC2869_sensor_data_in_4_  
           sensor_data_in[5]  FE_PHC2888_sensor_data_in_5_  
           sensor_data_in[6]  FE_PHC2899_sensor_data_in_6_  
           sensor_data_in[7]  FE_PHC2889_sensor_data_in_7_  
           sensor_data_in[8]  FE_PHC2887_sensor_data_in_8_  
           sensor_data_in[9]  FE_PHC2890_sensor_data_in_9_  
          sensor_data_in[10]  FE_PHC2900_sensor_data_in_10_  
          sensor_data_in[11]  FE_PHC2904_sensor_data_in_11_  
          sensor_data_in[12]  FE_PHC2896_sensor_data_in_12_  
          sensor_data_in[13]  FE_PHC2895_sensor_data_in_13_  
          sensor_data_in[14]  FE_PHC2872_sensor_data_in_14_  
          sensor_data_in[15]  FE_PHC2864_sensor_data_in_15_  
          sensor_data_in[16]  FE_PHC2861_sensor_data_in_16_  
          sensor_data_in[17]  FE_PHC2868_sensor_data_in_17_  
          sensor_data_in[18]  FE_PHC2873_sensor_data_in_18_  
          sensor_data_in[19]  FE_PHC2866_sensor_data_in_19_  
          sensor_data_in[20]  FE_PHC2894_sensor_data_in_20_  
          sensor_data_in[21]  FE_PHC2867_sensor_data_in_21_  
          sensor_data_in[22]  FE_PHC2862_sensor_data_in_22_  
          sensor_data_in[23]  FE_PHC2860_sensor_data_in_23_  
          sensor_data_in[24]  FE_PHC2898_sensor_data_in_24_  
          sensor_data_in[25]  FE_PHC2863_sensor_data_in_25_  
          sensor_data_in[26]  FE_PHC2892_sensor_data_in_26_  
          sensor_data_in[27]  FE_PHC2870_sensor_data_in_27_  
          sensor_data_in[28]  FE_PHC2897_sensor_data_in_28_  
          sensor_data_in[29]  FE_PHC2893_sensor_data_in_29_  
          sensor_data_in[30]  FE_PHC2865_sensor_data_in_30_  
          sensor_data_in[31]  FE_PHC2871_sensor_data_in_31_  
             start_inference  FE_PHC2874_start_inference  
                       rst_n      FE_PHC2858_rst_n  
                         clk            clk__L1_I0  101  101  
# Pins: 
    ------------------------------
    Correctness of Pin Connectivity for All Instances
    ------------------------------
    # Floating Terms  0  
    # Output Term Marked Tie Hi/Lo  0  
    # Output Term Shorted to PG Net  0  491033  
# PG Pins: 
    ------------------------------
    Correctness of PG Pin Connectivity for All Instances
    ------------------------------
    # Instances that No Net Defined for Any PG Pin  0  
    # Floating PG Terms  0  
    # PG Pins Connect to Non-PG Net  0  
    # Power Pins Connect Ground Net  0  
    # Ground Pins Connect Power Net  0  759566  
Average Pins Per Net(Signal): 3.021  

==============================
General Library Information
==============================
# Routing Layers: 9  
# Masterslice Layers: 2  
# Pin Layers: 
    General Caution:
        1) Library have Metal1, Metal2, Metal3, Metal4, Metal5 and Metal6 pins, you should setPreRouteAsObs {1 2 3}                                 to ensure these pins are accessible after placement

    ------------------------------
    Pin Layers
    ------------------------------
    Metal6  
    Metal5  
    Metal4  
    Metal3  
    Metal2  
    Metal1  6  
# Layers: 
    ------------------------------
    Layer OVERLAP Information
    ------------------------------
    Type  Overlap  
    ------------------------------
    Layer Metal9 Information
    ------------------------------
    Type  Routing  
    Wire Pitch X  0.330 um  
    Wire Pitch Y  0.330 um  
    Offset X  0.165 um  
    Offset Y  0.165 um  
    Wire Width  0.070 um  
    Spacing  0.070 um  
    ------------------------------
    Layer Via8 Information
    ------------------------------
    Type  Cut  
    Wire Width  0.070 um  
    Vias  
        ------------------------------
        Via list in layer Via8
        ------------------------------
                Vias in Via8  Default  
               VIA8_0_X2S_VH      Yes  
               VIA8_0_X2N_VH      Yes  
               VIA8_0_X2V_VH      Yes  
               VIA8_0_X2W_VH      Yes  
               VIA8_0_X2E_VH      Yes  
               VIA8_0_X2H_VH      Yes  
                   VIA8_0_VH      Yes  For complete list click here  
    ------------------------------
    Layer Metal8 Information
    ------------------------------
    Type  Routing  
    Wire Pitch X  0.200 um  
    Wire Pitch Y  0.200 um  
    Offset X  0.100 um  
    Offset Y  0.100 um  
    Wire Width  0.070 um  
    Spacing  0.070 um  
    ------------------------------
    Layer Via7 Information
    ------------------------------
    Type  Cut  
    Wire Width  0.070 um  
    Vias  
        ------------------------------
        Via list in layer Via7
        ------------------------------
                Vias in Via7  Default  
               VIA7_0_X2S_VH      Yes  
               VIA7_0_X2N_VH      Yes  
               VIA7_0_X2V_VH      Yes  
               VIA7_0_X2W_VH      Yes  
               VIA7_0_X2E_VH      Yes  
               VIA7_0_X2H_VH      Yes  
                   VIA7_0_VH      Yes  For complete list click here  
    ------------------------------
    Layer Metal7 Information
    ------------------------------
    Type  Routing  
    Wire Pitch X  0.200 um  
    Wire Pitch Y  0.200 um  
    Offset X  0.100 um  
    Offset Y  0.100 um  
    Wire Width  0.070 um  
    Spacing  0.070 um  
    ------------------------------
    Layer Via6 Information
    ------------------------------
    Type  Cut  
    Wire Width  0.070 um  
    Vias  
        ------------------------------
        Via list in layer Via6
        ------------------------------
                Vias in Via6  Default  
               VIA6_0_X2S_HV      Yes  
               VIA6_0_X2N_HV      Yes  
               VIA6_0_X2V_HV      Yes  
               VIA6_0_X2W_HV      Yes  
               VIA6_0_X2E_HV      Yes  
               VIA6_0_X2H_HV      Yes  
                   VIA6_0_HV      Yes  For complete list click here  
    ------------------------------
    Layer Metal6 Information
    ------------------------------
    Type  Routing  
    Wire Pitch X  0.200 um  
    Wire Pitch Y  0.200 um  
    Offset X  0.100 um  
    Offset Y  0.100 um  
    Wire Width  0.070 um  
    Spacing  0.070 um  
    ------------------------------
    Layer Via5 Information
    ------------------------------
    Type  Cut  
    Wire Width  0.070 um  
    Vias  
        ------------------------------
        Via list in layer Via5
        ------------------------------
                Vias in Via5  Default  
               VIA5_0_X4S_VH      Yes  
               VIA5_0_X4N_VH      Yes  
               VIA5_0_X4V_VH      Yes  
               VIA5_0_X4W_VH      Yes  
               VIA5_0_X4E_VH      Yes  
               VIA5_0_X4H_VH      Yes  
               VIA5_0_X2S_VH      Yes  
               VIA5_0_X2N_VH      Yes  
               VIA5_0_X2V_VH      Yes  
               VIA5_0_X2W_VH      Yes  
               VIA5_0_X2E_VH      Yes  
               VIA5_0_X2H_VH      Yes  
                   VIA5_0_VH      Yes  For complete list click here  
    ------------------------------
    Layer Metal5 Information
    ------------------------------
    Type  Routing  
    Wire Pitch X  0.200 um  
    Wire Pitch Y  0.200 um  
    Offset X  0.100 um  
    Offset Y  0.100 um  
    Wire Width  0.070 um  
    Spacing  0.070 um  
    ------------------------------
    Layer Via4 Information
    ------------------------------
    Type  Cut  
    Wire Width  0.070 um  
    Vias  
        ------------------------------
        Via list in layer Via4
        ------------------------------
                Vias in Via4  Default  
                    VIA45_4C      Yes  
                 VIA45_2ST_S      Yes  
                 VIA45_2ST_N      Yes  
                  VIA45_2C_S      Yes  
                  VIA45_2C_N      Yes  
                  VIA45_2C_W      Yes  
                  VIA45_2C_E      Yes  
                 VIA45_1ST_S      Yes  
                 VIA45_1ST_N      Yes  
                  VIA45_1C_V      Yes  
                  VIA45_1C_H      Yes  
                    VIA45_1C      Yes  For complete list click here  
    ------------------------------
    Layer Metal4 Information
    ------------------------------
    Type  Routing  
    Wire Pitch X  0.200 um  
    Wire Pitch Y  0.200 um  
    Offset X  0.100 um  
    Offset Y  0.100 um  
    Wire Width  0.070 um  
    Spacing  0.070 um  
    ------------------------------
    Layer Via3 Information
    ------------------------------
    Type  Cut  
    Wire Width  0.070 um  
    Vias  
        ------------------------------
        Via list in layer Via3
        ------------------------------
                Vias in Via3  Default  
                    VIA34_4C      Yes  
                  VIA34_2C_S      Yes  
                  VIA34_2C_N      Yes  
                  VIA34_2C_W      Yes  
                  VIA34_2C_E      Yes  
                 VIA34_1ST_W      Yes  
                 VIA34_1ST_E      Yes  
                  VIA34_1C_V      Yes  
                  VIA34_1C_H      Yes  
                    VIA34_1C      Yes  For complete list click here  
    ------------------------------
    Layer Metal3 Information
    ------------------------------
    Type  Routing  
    Wire Pitch X  0.200 um  
    Wire Pitch Y  0.200 um  
    Offset X  0.100 um  
    Offset Y  0.100 um  
    Wire Width  0.070 um  
    Spacing  0.070 um  
    ------------------------------
    Layer Via2 Information
    ------------------------------
    Type  Cut  
    Wire Width  0.070 um  
    Vias  
        ------------------------------
        Via list in layer Via2
        ------------------------------
                Vias in Via2  Default  
                    VIA23_4C      Yes  
                  VIA23_2C_S      Yes  
                  VIA23_2C_N      Yes  
                  VIA23_2C_W      Yes  
                  VIA23_2C_E      Yes  
                 VIA23_1ST_S      Yes  
                 VIA23_1ST_N      Yes  
                  VIA23_1C_H      Yes  
                  VIA23_1C_V      Yes  
                    VIA23_1C      Yes  For complete list click here  
    ------------------------------
    Layer Metal2 Information
    ------------------------------
    Type  Routing  
    Wire Pitch X  0.200 um  
    Wire Pitch Y  0.200 um  
    Offset X  0.100 um  
    Offset Y  0.100 um  
    Wire Width  0.070 um  
    Spacing  0.070 um  
    ------------------------------
    Layer Via1 Information
    ------------------------------
    Type  Cut  
    Wire Width  0.070 um  
    Vias  
        ------------------------------
        Via list in layer Via1
        ------------------------------
                Vias in Via1  Default  
                    VIA12_4C      Yes  
                 VIA12_2C_WS      Yes  
                 VIA12_2C_ES      Yes  
                 VIA12_2C_HS      Yes  
                 VIA12_2C_HN      Yes  
                  VIA12_2C_S      Yes  
                  VIA12_2C_N      Yes  
                  VIA12_2C_W      Yes  
                  VIA12_2C_E      Yes  
                  VIA12_1C_V      Yes  
                  VIA12_1C_H      Yes  
                    VIA12_1C      Yes  For complete list click here  
    ------------------------------
    Layer Metal1 Information
    ------------------------------
    Type  Routing  
    Wire Pitch X  0.190 um  
    Wire Pitch Y  0.190 um  
    Offset X  0.095 um  
    Offset Y  0.095 um  
    Wire Width  0.060 um  
    Spacing  0.060 um  
    ------------------------------
    Layer Cont Information
    ------------------------------
    Type  Cut  
    Wire Width  0.060 um  
    Vias  
        ------------------------------
        Via list in layer Cont
        ------------------------------  
    ------------------------------
    Layer SiProt Information
    ------------------------------
    Type  Implant  
    Wire Width  0.220 um  
    ------------------------------
    Layer Plvt Information
    ------------------------------
    Type  Implant  
    ------------------------------
    Layer Nlvt Information
    ------------------------------
    Type  Implant  
    ------------------------------
    Layer Nzvt Information
    ------------------------------
    Type  Implant  
    Wire Width  0.350 um  
    ------------------------------
    Layer Pimp Information
    ------------------------------
    Type  Implant  
    Wire Width  0.120 um  
    ------------------------------
    Layer Phvt Information
    ------------------------------
    Type  Implant  
    ------------------------------
    Layer Nimp Information
    ------------------------------
    Type  Implant  
    Wire Width  0.120 um  
    ------------------------------
    Layer Nhvt Information
    ------------------------------
    Type  Implant  
    ------------------------------
    Layer Poly Information
    ------------------------------
    Type  Masterslice  
    ------------------------------
    Layer Oxide Information
    ------------------------------
    Type  Masterslice  29  
# Pins without Physical Port: 0  
# Pins in Library without Timing Lib: 
    ------------------------------
    Pins in Library without timing lib
    ------------------------------
               Cell Name      List of Pin Name  
                DFFNSRX4                   CKN  
                DFFNSRX4                     D  
                DFFNSRX4                     Q  
                DFFNSRX4                    QN  
                DFFNSRX4                    RN  
                DFFNSRX4                    SN  
                 ANTENNA                     A  
                  DFFSX2                    CK  
                  DFFSX2                     D  
                  DFFSX2                     Q  
                  DFFSX2                    QN  
                  DFFSX2                    SN  12  
# Pins Missing Direction: 0  
Antenna Summary Report: 
    General Caution:
    ------------------------------
    These Layers have antenna info
    ------------------------------
    Metal9  
    Via8  
    Metal8  
    Via7  
    Metal7  
    Via6  
    Metal6  
    Via5  
    Metal5  
    Via4  
    Metal4  
    Via3  
    Metal3  
    Via2  
    Metal2  
    Via1  
    Metal1  
    Cont  
    ------------------------------
    These Pins have antenna info
    ------------------------------
               Cell Name      List of Pin Name  
               OAI2BB1X4                   A0N  
               OAI2BB1X4                   A1N  
               OAI2BB1X4                    B0  
               OAI2BB1X4                     Y  
                  OA22X2                    A0  
                  OA22X2                    A1  
                  OA22X2                    B0  
                  OA22X2                    B1  
                  OA22X2                     Y  
                 NAND3X8                     A  
                 NAND3X8                     B  
                 NAND3X8                     C  
                 NAND3X8                     Y  
                 SDFFRX4                    CK  
                 SDFFRX4                     D  
                 SDFFRX4                     Q  
                 SDFFRX4                    QN  
                 SDFFRX4                    RN  
                 SDFFRX4                    SE  
                 SDFFRX4                    SI  
                TLATSRX1                     D  
                TLATSRX1                     G  
                TLATSRX1                     Q  
                TLATSRX1                    QN  
                TLATSRX1                    RN  
                TLATSRX1                    SN  
               OAI2BB1X1                   A0N  
               OAI2BB1X1                   A1N  
               OAI2BB1X1                    B0  
               OAI2BB1X1                     Y  
                  DLY4X1                     A  
                  DLY4X1                     Y  
                  ADDFX4                     A  
                  ADDFX4                     B  
                  ADDFX4                    CI  
                  ADDFX4                    CO  
                  ADDFX4                     S  
              CLKAND2X12                     A  
              CLKAND2X12                     B  
              CLKAND2X12                     Y  
                  MXI3XL                     A  
                  MXI3XL                     B  
                  MXI3XL                     C  
                  MXI3XL                    S0  
                  MXI3XL                    S1  
                  MXI3XL                     Y  
                 NAND3X6                     A  
                 NAND3X6                     B  
                 NAND3X6                     C  
                 NAND3X6                     Y  
                 SDFFRX2                    CK  
                 SDFFRX2                     D  
                 SDFFRX2                     Q  
                 SDFFRX2                    QN  
                 SDFFRX2                    RN  
                 SDFFRX2                    SE  
                 SDFFRX2                    SI  
                   MX3X1                     A  
                   MX3X1                     B  
                   MX3X1                     C  
                   MX3X1                    S0  
                   MX3X1                    S1  
                   MX3X1                     Y  
              SDFFSRHQX1                    CK  
              SDFFSRHQX1                     D  
              SDFFSRHQX1                     Q  
              SDFFSRHQX1                    RN  
              SDFFSRHQX1                    SE  
              SDFFSRHQX1                    SI  
              SDFFSRHQX1                    SN  
            TLATNTSCAX16                    CK  
            TLATNTSCAX16                     E  
            TLATNTSCAX16                   ECK  
            TLATNTSCAX16                    SE  
                 OAI33XL                    A0  
                 OAI33XL                    A1  
                 OAI33XL                    A2  
                 OAI33XL                    B0  
                 OAI33XL                    B1  
                 OAI33XL                    B2  
                 OAI33XL                     Y  
                TLATSRX4                     D  
                TLATSRX4                     G  
                TLATSRX4                     Q  
                TLATSRX4                    QN  
                TLATSRX4                    RN  
                TLATSRX4                    SN  
                 DFFHQX4                    CK  
                 DFFHQX4                     D  
                 DFFHQX4                     Q  
                AOI221X2                    A0  
                AOI221X2                    A1  
                AOI221X2                    B0  
                AOI221X2                    B1  
                AOI221X2                    C0  
                AOI221X2                     Y  
                  ADDFX2                     A  
                  ADDFX2                     B  
                  ADDFX2                    CI  
                  ADDFX2                    CO  
                  ADDFX2                     S  
                 AOI22XL                    A0  
                 AOI22XL                    A1  
                 AOI22XL                    B0  
                 AOI22XL                    B1  
                 AOI22XL                     Y  
                NAND3BX2                    AN  
                NAND3BX2                     B  
                NAND3BX2                     C  
                NAND3BX2                     Y  
                SDFFTRXL                    CK  
                SDFFTRXL                     D  
                SDFFTRXL                     Q  
                SDFFTRXL                    QN  
                SDFFTRXL                    RN  
                SDFFTRXL                    SE  
                SDFFTRXL                    SI  
                   OR3X2                     A  
                   OR3X2                     B  
                   OR3X2                     C  
                   OR3X2                     Y  
                CLKBUFX2                     A  
                CLKBUFX2                     Y  
                  TLATX1                     D  
                  TLATX1                     G  
                  TLATX1                     Q  
                  TLATX1                    QN  
                 DFFHQX2                    CK  
                 DFFHQX2                     D  
                 DFFHQX2                     Q  
                  MXI4XL                     A  
                  MXI4XL                     B  
                  MXI4XL                     C  
                  MXI4XL                     D  
                  MXI4XL                    S0  
                  MXI4XL                    S1  
                  MXI4XL                     Y  
               AOI2BB2X2                   A0N  
               AOI2BB2X2                   A1N  
               AOI2BB2X2                    B0  
               AOI2BB2X2                    B1  
               AOI2BB2X2                     Y  
               SEDFFTRX2                    CK  
               SEDFFTRX2                     D  
               SEDFFTRX2                     E  
               SEDFFTRX2                     Q  
               SEDFFTRX2                    QN  
               SEDFFTRX2                    RN  
               SEDFFTRX2                    SE  
               SEDFFTRX2                    SI  
               SDFFNSRX2                   CKN  
               SDFFNSRX2                     D  
               SDFFNSRX2                     Q  
               SDFFNSRX2                    QN  
               SDFFNSRX2                    RN  
               SDFFNSRX2                    SE  
               SDFFNSRX2                    SI  
               SDFFNSRX2                    SN  
                   INVX8                     A  
                   INVX8                     Y  
                 AOI33X1                    A0  
                 AOI33X1                    A1  
                 AOI33X1                    A2  
                 AOI33X1                    B0  
                 AOI33X1                    B1  
                 AOI33X1                    B2  
                 AOI33X1                     Y  
                   OR4X4                     A  
                   OR4X4                     B  
                   OR4X4                     C  
                   OR4X4                     D  
                   OR4X4                     Y  
                DFFNSRX1                   CKN  
                DFFNSRX1                     D  
                DFFNSRX1                     Q  
                DFFNSRX1                    QN  
                DFFNSRX1                    RN  
                DFFNSRX1                    SN  
                 NAND3X2                     A  
                 NAND3X2                     B  
                 NAND3X2                     C  
                 NAND3X2                     Y  
                 ADDFHX4                     A  
                 ADDFHX4                     B  
                 ADDFHX4                    CI  
                 ADDFHX4                    CO  
                 ADDFHX4                     S  
                 NAND3X4                     A  
                 NAND3X4                     B  
                 NAND3X4                     C  
                 NAND3X4                     Y  
                  NOR2X8                     A  
                  NOR2X8                     B  
                  NOR2X8                     Y  
                 AOI32XL                    A0  
                 AOI32XL                    A1  
                 AOI32XL                    A2  
                 AOI32XL                    B0  
                 AOI32XL                    B1  
                 AOI32XL                     Y  
                 OAI22X4                    A0  
                 OAI22X4                    A1  
                 OAI22X4                    B0  
                 OAI22X4                    B1  
                 OAI22X4                     Y  
                   OR2XL                     A  
                   OR2XL                     B  
                   OR2XL                     Y  
              SDFFSRHQX4                    CK  
              SDFFSRHQX4                     D  
              SDFFSRHQX4                     Q  
              SDFFSRHQX4                    RN  
              SDFFSRHQX4                    SE  
              SDFFSRHQX4                    SI  
              SDFFSRHQX4                    SN  
                 TBUFX20                     A  
                 TBUFX20                    OE  
                 TBUFX20                     Y  
                  INVX16                     A  
                  INVX16                     Y  
                  ADDHX4                     A  
                  ADDHX4                     B  
                  ADDHX4                    CO  
                  ADDHX4                     S  
               SDFFSHQX8                    CK  
               SDFFSHQX8                     D  
               SDFFSHQX8                     Q  
               SDFFSHQX8                    SE  
               SDFFSHQX8                    SI  
               SDFFSHQX8                    SN  
                DFFRHQX2                    CK  
                DFFRHQX2                     D  
                DFFRHQX2                     Q  
                DFFRHQX2                    RN  
                DFFNSRX4                   CKN  
                DFFNSRX4                     D  
                DFFNSRX4                     Q  
                DFFNSRX4                    QN  
                DFFNSRX4                    RN  
                DFFNSRX4                    SN  
               TLATNSRX4                     D  
               TLATNSRX4                    GN  
               TLATNSRX4                     Q  
               TLATNSRX4                    QN  
               TLATNSRX4                    RN  
               TLATNSRX4                    SN  
                 ADDFHX2                     A  
                 ADDFHX2                     B  
                 ADDFHX2                    CI  
                 ADDFHX2                    CO  
                 ADDFHX2                     S  
                NOR4BBXL                    AN  
                NOR4BBXL                    BN  
                NOR4BBXL                     C  
                NOR4BBXL                     D  
                NOR4BBXL                     Y  
                  NOR2X6                     A  
                  NOR2X6                     B  
                  NOR2X6                     Y  
                CLKBUFX8                     A  
                CLKBUFX8                     Y  
                 NOR2BX4                    AN  
                 NOR2BX4                     B  
                 NOR2BX4                     Y  
               TLATNSRX1                     D  
               TLATNSRX1                    GN  
               TLATNSRX1                     Q  
               TLATNSRX1                    QN  
               TLATNSRX1                    RN  
               TLATNSRX1                    SN  
               AOI2BB1XL                   A0N  
               AOI2BB1XL                   A1N  
               AOI2BB1XL                    B0  
               AOI2BB1XL                     Y  
                  NOR3X8                     A  
                  NOR3X8                     B  
                  NOR3X8                     C  
                  NOR3X8                     Y  
                  ADDHX2                     A  
                  ADDHX2                     B  
                  ADDHX2                    CO  
                  ADDHX2                     S  
               SDFFSHQX2                    CK  
               SDFFSHQX2                     D  
               SDFFSHQX2                     Q  
               SDFFSHQX2                    SE  
               SDFFSHQX2                    SI  
               SDFFSHQX2                    SN  
                 OAI32X4                    A0  
                 OAI32X4                    A1  
                 OAI32X4                    A2  
                 OAI32X4                    B0  
                 OAI32X4                    B1  
                 OAI32X4                     Y  
                NAND4BXL                    AN  
                NAND4BXL                     B  
                NAND4BXL                     C  
                NAND4BXL                     D  
                NAND4BXL                     Y  
              TLATNCAX16                    CK  
              TLATNCAX16                     E  
              TLATNCAX16                   ECK  
                DFFSHQX2                    CK  
                DFFSHQX2                     D  
                DFFSHQX2                     Q  
                DFFSHQX2                    SN  
                  TBUFX3                     A  
                  TBUFX3                    OE  
                  TBUFX3                     Y  
                 NOR2BX2                    AN  
                 NOR2BX2                     B  
                 NOR2BX2                     Y  
                 AOI21X4                    A0  
                 AOI21X4                    A1  
                 AOI21X4                    B0  
                 AOI21X4                     Y  
                   OR2X6                     A  
                   OR2X6                     B  
                   OR2X6                     Y  
                 OAI22X2                    A0  
                 OAI22X2                    A1  
                 OAI22X2                    B0  
                 OAI22X2                    B1  
                 OAI22X2                     Y  
                  TBUFX1                     A  
                  TBUFX1                    OE  
                  TBUFX1                     Y  
                  SDFFX4                    CK  
                  SDFFX4                     D  
                  SDFFX4                     Q  
                  SDFFX4                    QN  
                  SDFFX4                    SE  
                  SDFFX4                    SI  
                  INVX12                     A  
                  INVX12                     Y  
                DFFRHQX8                    CK  
                DFFRHQX8                     D  
                DFFRHQX8                     Q  
                DFFRHQX8                    RN  
                  NOR2X4                     A  
                  NOR2X4                     B  
                  NOR2X4                     Y  
                   OR3X8                     A  
                   OR3X8                     B  
                   OR3X8                     C  
                   OR3X8                     Y  
                   BUFX2                     A  
                   BUFX2                     Y  
                  NOR4X8                     A  
                  NOR4X8                     B  
                  NOR4X8                     C  
                  NOR4X8                     D  
                  NOR4X8                     Y  
                 AOI21X2                    A0  
                 AOI21X2                    A1  
                 AOI21X2                    B0  
                 AOI21X2                     Y  
                   DFFX4                    CK  
                   DFFX4                     D  
                   DFFX4                     Q  
                   DFFX4                    QN  
               CLKBUFX12                     A  
               CLKBUFX12                     Y  
                  NOR2X2                     A  
                  NOR2X2                     B  
                  NOR2X2                     Y  
                   TIELO                     Y  
                SDFFHQX1                    CK  
                SDFFHQX1                     D  
                SDFFHQX1                     Q  
                SDFFHQX1                    SE  
                SDFFHQX1                    SI  
                 NOR3BX4                    AN  
                 NOR3BX4                     B  
                 NOR3BX4                     C  
                 NOR3BX4                     Y  
                   INVX3                     A  
                   INVX3                     Y  
               CLKXOR2X4                     A  
               CLKXOR2X4                     B  
               CLKXOR2X4                     Y  
                 DFFSRX1                    CK  
                 DFFSRX1                     D  
                 DFFSRX1                     Q  
                 DFFSRX1                    QN  
                 DFFSRX1                    RN  
                 DFFSRX1                    SN  
                  AO21X4                    A0  
                  AO21X4                    A1  
                  AO21X4                    B0  
                  AO21X4                     Y  
                SDFFTRX2                    CK  
                SDFFTRX2                     D  
                SDFFTRX2                     Q  
                SDFFTRX2                    QN  
                SDFFTRX2                    RN  
                SDFFTRX2                    SE  
                SDFFTRX2                    SI  
                  SDFFX2                    CK  
                  SDFFX2                     D  
                  SDFFX2                     Q  
                  SDFFX2                    QN  
                  SDFFX2                    SE  
                  SDFFX2                    SI  
                  NOR3X4                     A  
                  NOR3X4                     B  
                  NOR3X4                     C  
                  NOR3X4                     Y  
                 AOI31X4                    A0  
                 AOI31X4                    A1  
                 AOI31X4                    A2  
                 AOI31X4                    B0  
                 AOI31X4                     Y  
                 OAI32X2                    A0  
                 OAI32X2                    A1  
                 OAI32X2                    A2  
                 OAI32X2                    B0  
                 OAI32X2                    B1  
                 OAI32X2                     Y  
               CLKXOR2X1                     A  
               CLKXOR2X1                     B  
               CLKXOR2X1                     Y  
                  NOR4X6                     A  
                  NOR4X6                     B  
                  NOR4X6                     C  
                  NOR4X6                     D  
                  NOR4X6                     Y  
                AOI222X1                    A0  
                AOI222X1                    A1  
                AOI222X1                    B0  
                AOI222X1                    B1  
                AOI222X1                    C0  
                AOI222X1                    C1  
                AOI222X1                     Y  
                 NAND4X8                     A  
                 NAND4X8                     B  
                 NAND4X8                     C  
                 NAND4X8                     D  
                 NAND4X8                     Y  
                 SDFFSX4                    CK  
                 SDFFSX4                     D  
                 SDFFSX4                     Q  
                 SDFFSX4                    QN  
                 SDFFSX4                    SE  
                 SDFFSX4                    SI  
                 SDFFSX4                    SN  
                DFFSHQX8                    CK  
                DFFSHQX8                     D  
                DFFSHQX8                     Q  
                DFFSHQX8                    SN  
                 NOR4BX4                    AN  
                 NOR4BX4                     B  
                 NOR4BX4                     C  
                 NOR4BX4                     D  
                 NOR4BX4                     Y  
                CLKINVX3                     A  
                CLKINVX3                     Y  
                SDFFHQX4                    CK  
                SDFFHQX4                     D  
                SDFFHQX4                     Q  
                SDFFHQX4                    SE  
                SDFFHQX4                    SI  
                  NOR3X6                     A  
                  NOR3X6                     B  
                  NOR3X6                     C  
                  NOR3X6                     Y  
                 TLATNX1                     D  
                 TLATNX1                    GN  
                 TLATNX1                     Q  
                 TLATNX1                    QN  
                  AO21X2                    A0  
                  AO21X2                    A1  
                  AO21X2                    B0  
                  AO21X2                     Y  
                 AOI31X2                    A0  
                 AOI31X2                    A1  
                 AOI31X2                    A2  
                 AOI31X2                    B0  
                 AOI31X2                     Y  
                  NOR3X2                     A  
                  NOR3X2                     B  
                  NOR3X2                     C  
                  NOR3X2                     Y  
                 NOR3BX2                    AN  
                 NOR3BX2                     B  
                 NOR3BX2                     C  
                 NOR3BX2                     Y  
                 DFFTRX1                    CK  
                 DFFTRX1                     D  
                 DFFTRX1                     Q  
                 DFFTRX1                    QN  
                 DFFTRX1                    RN  
                  TLATXL                     D  
                  TLATXL                     G  
                  TLATXL                     Q  
                  TLATXL                    QN  
                  AO22X4                    A0  
                  AO22X4                    A1  
                  AO22X4                    B0  
                  AO22X4                    B1  
                  AO22X4                     Y  
                 NAND4X6                     A  
                 NAND4X6                     B  
                 NAND4X6                     C  
                 NAND4X6                     D  
                 NAND4X6                     Y  
                 SDFFSX2                    CK  
                 SDFFSX2                     D  
                 SDFFSX2                     Q  
                 SDFFSX2                    QN  
                 SDFFSX2                    SE  
                 SDFFSX2                    SI  
                 SDFFSX2                    SN  
                   MX3X2                     A  
                   MX3X2                     B  
                   MX3X2                     C  
                   MX3X2                    S0  
                   MX3X2                    S1  
                   MX3X2                     Y  
                  NOR4X4                     A  
                  NOR4X4                     B  
                  NOR4X4                     C  
                  NOR4X4                     D  
                  NOR4X4                     Y  
                OAI222XL                    A0  
                OAI222XL                    A1  
                OAI222XL                    B0  
                OAI222XL                    B1  
                OAI222XL                    C0  
                OAI222XL                    C1  
                OAI222XL                     Y  
                AOI222X4                    A0  
                AOI222X4                    A1  
                AOI222X4                    B0  
                AOI222X4                    B1  
                AOI222X4                    C0  
                AOI222X4                    C1  
                AOI222X4                     Y  
                CLKINVX6                     A  
                CLKINVX6                     Y  
                NOR4BBX2                    AN  
                NOR4BBX2                    BN  
                NOR4BBX2                     C  
                NOR4BBX2                     D  
                NOR4BBX2                     Y  
                   OR2X1                     A  
                   OR2X1                     B  
                   OR2X1                     Y  
                   MX4X4                     A  
                   MX4X4                     B  
                   MX4X4                     C  
                   MX4X4                     D  
                   MX4X4                    S0  
                   MX4X4                    S1  
                   MX4X4                     Y  
                MDFFHQX1                    CK  
                MDFFHQX1                    D0  
                MDFFHQX1                    D1  
                MDFFHQX1                     Q  
                MDFFHQX1                    S0  
                 NOR4BX2                    AN  
                 NOR4BX2                     B  
                 NOR4BX2                     C  
                 NOR4BX2                     D  
                 NOR4BX2                     Y  
               DFFSRHQX4                    CK  
               DFFSRHQX4                     D  
               DFFSRHQX4                     Q  
               DFFSRHQX4                    RN  
               DFFSRHQX4                    SN  
                NAND4BX2                    AN  
                NAND4BX2                     B  
                NAND4BX2                     C  
                NAND4BX2                     D  
                NAND4BX2                     Y  
               AOI2BB1X4                   A0N  
               AOI2BB1X4                   A1N  
               AOI2BB1X4                    B0  
               AOI2BB1X4                     Y  
                  AO22X2                    A0  
                  AO22X2                    A1  
                  AO22X2                    B0  
                  AO22X2                    B1  
                  AO22X2                     Y  
                  NOR4X2                     A  
                  NOR4X2                     B  
                  NOR4X2                     C  
                  NOR4X2                     D  
                  NOR4X2                     Y  
                  DFFQX1                    CK  
                  DFFQX1                     D  
                  DFFQX1                     Q  
                   MX2XL                     A  
                   MX2XL                     B  
                   MX2XL                    S0  
                   MX2XL                     Y  
                  XOR2X1                     A  
                  XOR2X1                     B  
                  XOR2X1                     Y  
                 NAND4X4                     A  
                 NAND4X4                     B  
                 NAND4X4                     C  
                 NAND4X4                     D  
                 NAND4X4                     Y  
               AOI2BB1X1                   A0N  
               AOI2BB1X1                   A1N  
               AOI2BB1X1                    B0  
               AOI2BB1X1                     Y  
               CLKINVX16                     A  
               CLKINVX16                     Y  
                   BUFX8                     A  
                   BUFX8                     Y  
                  AND2X1                     A  
                  AND2X1                     B  
                  AND2X1                     Y  
                 NAND4X2                     A  
                 NAND4X2                     B  
                 NAND4X2                     C  
                 NAND4X2                     D  
                 NAND4X2                     Y  
               DFFSRHQX1                    CK  
               DFFSRHQX1                     D  
               DFFSRHQX1                     Q  
               DFFSRHQX1                    RN  
               DFFSRHQX1                    SN  
             TLATNTSCAX3                    CK  
             TLATNTSCAX3                     E  
             TLATNTSCAX3                   ECK  
             TLATNTSCAX3                    SE  
                  BUFX16                     A  
                  BUFX16                     Y  
                 AOI33XL                    A0  
                 AOI33XL                    A1  
                 AOI33XL                    A2  
                 AOI33XL                    B0  
                 AOI33XL                    B1  
                 AOI33XL                    B2  
                 AOI33XL                     Y  
                TLATSRXL                     D  
                TLATSRXL                     G  
                TLATSRXL                     Q  
                TLATSRXL                    QN  
                TLATSRXL                    RN  
                TLATSRXL                    SN  
                  MXI2X8                     A  
                  MXI2X8                     B  
                  MXI2X8                    S0  
                  MXI2X8                     Y  
                CLKMX2X2                     A  
                CLKMX2X2                     B  
                CLKMX2X2                    S0  
                CLKMX2X2                     Y  
                   MX2X6                     A  
                   MX2X6                     B  
                   MX2X6                    S0  
                   MX2X6                     Y  
                  MXI2X6                     A  
                  MXI2X6                     B  
                  MXI2X6                    S0  
                  MXI2X6                     Y  
                  XOR3X1                     A  
                  XOR3X1                     B  
                  XOR3X1                     C  
                  XOR3X1                     Y  
                MDFFHQX4                    CK  
                MDFFHQX4                    D0  
                MDFFHQX4                    D1  
                MDFFHQX4                     Q  
                MDFFHQX4                    S0  
                OAI211X1                    A0  
                OAI211X1                    A1  
                OAI211X1                    B0  
                OAI211X1                    C0  
                OAI211X1                     Y  
                  TBUFXL                     A  
                  TBUFXL                    OE  
                  TBUFXL                     Y  
                  DFFRX1                    CK  
                  DFFRX1                     D  
                  DFFRX1                     Q  
                  DFFRX1                    QN  
                  DFFRX1                    RN  
                  AND3X1                     A  
                  AND3X1                     B  
                  AND3X1                     C  
                  AND3X1                     Y  
                OAI222X2                    A0  
                OAI222X2                    A1  
                OAI222X2                    B0  
                OAI222X2                    B1  
                OAI222X2                    C0  
                OAI222X2                    C1  
                OAI222X2                     Y  
                 OAI33X4                    A0  
                 OAI33X4                    A1  
                 OAI33X4                    A2  
                 OAI33X4                    B0  
                 OAI33X4                    B1  
                 OAI33X4                    B2  
                 OAI33X4                     Y  
                  MXI2X4                     A  
                  MXI2X4                     B  
                  MXI2X4                    S0  
                  MXI2X4                     Y  
               CLKAND2X4                     A  
               CLKAND2X4                     B  
               CLKAND2X4                     Y  
                  DFFSX1                    CK  
                  DFFSX1                     D  
                  DFFSX1                     Q  
                  DFFSX1                    QN  
                  DFFSX1                    SN  
                DFFNSRXL                   CKN  
                DFFNSRXL                     D  
                DFFNSRXL                     Q  
                DFFNSRXL                    QN  
                DFFNSRXL                    RN  
                DFFNSRXL                    SN  
                OAI211X4                    A0  
                OAI211X4                    A1  
                OAI211X4                    B0  
                OAI211X4                    C0  
                OAI211X4                     Y  
               TLATNCAX8                    CK  
               TLATNCAX8                     E  
               TLATNCAX8                   ECK  
                  BUFX12                     A  
                  BUFX12                     Y  
                 SEDFFX1                    CK  
                 SEDFFX1                     D  
                 SEDFFX1                     E  
                 SEDFFX1                     Q  
                 SEDFFX1                    QN  
                 SEDFFX1                    SE  
                 SEDFFX1                    SI  
                 OAI33X2                    A0  
                 OAI33X2                    A1  
                 OAI33X2                    A2  
                 OAI33X2                    B0  
                 OAI33X2                    B1  
                 OAI33X2                    B2  
                 OAI33X2                     Y  
                EDFFHQX2                    CK  
                EDFFHQX2                     D  
                EDFFHQX2                     E  
                EDFFHQX2                     Q  
                  AND4X1                     A  
                  AND4X1                     B  
                  AND4X1                     C  
                  AND4X1                     D  
                  AND4X1                     Y  
                CLKMX2X8                     A  
                CLKMX2X8                     B  
                CLKMX2X8                    S0  
                CLKMX2X8                     Y  
                 XNOR2X1                     A  
                 XNOR2X1                     B  
                 XNOR2X1                     Y  
                 AOI22X4                    A0  
                 AOI22X4                    A1  
                 AOI22X4                    B0  
                 AOI22X4                    B1  
                 AOI22X4                     Y  
               SMDFFHQX4                    CK  
               SMDFFHQX4                    D0  
               SMDFFHQX4                    D1  
               SMDFFHQX4                     Q  
               SMDFFHQX4                    S0  
               SMDFFHQX4                    SE  
               SMDFFHQX4                    SI  
                   BUFX3                     A  
                   BUFX3                     Y  
              TLATNCAX20                    CK  
              TLATNCAX20                     E  
              TLATNCAX20                   ECK  
                 AOI22X2                    A0  
                 AOI22X2                    A1  
                 AOI22X2                    B0  
                 AOI22X2                    B1  
                 AOI22X2                     Y  
                  MXI3X4                     A  
                  MXI3X4                     B  
                  MXI3X4                     C  
                  MXI3X4                    S0  
                  MXI3X4                    S1  
                  MXI3X4                     Y  
               TLATNCAX2                    CK  
               TLATNCAX2                     E  
               TLATNCAX2                   ECK  
               OAI2BB1X2                   A0N  
               OAI2BB1X2                   A1N  
               OAI2BB1X2                    B0  
               OAI2BB1X2                     Y  
                  MXI2X2                     A  
                  MXI2X2                     B  
                  MXI2X2                    S0  
                  MXI2X2                     Y  
               SMDFFHQX1                    CK  
               SMDFFHQX1                    D0  
               SMDFFHQX1                    D1  
               SMDFFHQX1                     Q  
               SMDFFHQX1                    S0  
               SMDFFHQX1                    SE  
               SMDFFHQX1                    SI  
                TLATSRX2                     D  
                TLATSRX2                     G  
                TLATSRX2                     Q  
                TLATSRX2                    QN  
                TLATSRX2                    RN  
                TLATSRX2                    SN  
                  INVX20                     A  
                  INVX20                     Y  
                 AOI32X4                    A0  
                 AOI32X4                    A1  
                 AOI32X4                    A2  
                 AOI32X4                    B0  
                 AOI32X4                    B1  
                 AOI32X4                     Y  
                 SDFFQX1                    CK  
                 SDFFQX1                     D  
                 SDFFQX1                     Q  
                 SDFFQX1                    SE  
                 SDFFQX1                    SI  
                   INVX4                     A  
                   INVX4                     Y  
               CLKMX2X12                     A  
               CLKMX2X12                     B  
               CLKMX2X12                    S0  
               CLKMX2X12                     Y  
                 DFFSRXL                    CK  
                 DFFSRXL                     D  
                 DFFSRXL                     Q  
                 DFFSRXL                    QN  
                 DFFSRXL                    RN  
                 DFFSRXL                    SN  
                EDFFHQX8                    CK  
                EDFFHQX8                     D  
                EDFFHQX8                     E  
                EDFFHQX8                     Q  
                  MXI3X2                     A  
                  MXI3X2                     B  
                  MXI3X2                     C  
                  MXI3X2                    S0  
                  MXI3X2                    S1  
                  MXI3X2                     Y  
                   MX2X1                     A  
                   MX2X1                     B  
                   MX2X1                    S0  
                   MX2X1                     Y  
               SEDFFHQX4                    CK  
               SEDFFHQX4                     D  
               SEDFFHQX4                     E  
               SEDFFHQX4                     Q  
               SEDFFHQX4                    SE  
               SEDFFHQX4                    SI  
                  MXI4X4                     A  
                  MXI4X4                     B  
                  MXI4X4                     C  
                  MXI4X4                     D  
                  MXI4X4                    S0  
                  MXI4X4                    S1  
                  MXI4X4                     Y  
                  DLY1X4                     A  
                  DLY1X4                     Y  
              SDFFSRHQX2                    CK  
              SDFFSRHQX2                     D  
              SDFFSRHQX2                     Q  
              SDFFSRHQX2                    RN  
              SDFFSRHQX2                    SE  
              SDFFSRHQX2                    SI  
              SDFFSRHQX2                    SN  
                  XOR2XL                     A  
                  XOR2XL                     B  
                  XOR2XL                     Y  
               SEDFFHQX1                    CK  
               SEDFFHQX1                     D  
               SEDFFHQX1                     E  
               SEDFFHQX1                     Q  
               SEDFFHQX1                    SE  
               SEDFFHQX1                    SI  
                 TLATNXL                     D  
                 TLATNXL                    GN  
                 TLATNXL                     Q  
                 TLATNXL                    QN  
               OAI2BB2XL                   A0N  
               OAI2BB2XL                   A1N  
               OAI2BB2XL                    B0  
               OAI2BB2XL                    B1  
               OAI2BB2XL                     Y  
                   OR4XL                     A  
                   OR4XL                     B  
                   OR4XL                     C  
                   OR4XL                     D  
                   OR4XL                     Y  
                  DFFQXL                    CK  
                  DFFQXL                     D  
                  DFFQXL                     Q  
                  AND2XL                     A  
                  AND2XL                     B  
                  AND2XL                     Y  
                CLKBUFX3                     A  
                CLKBUFX3                     Y  
                 DFFTRXL                    CK  
                 DFFTRXL                     D  
                 DFFTRXL                     Q  
                 DFFTRXL                    QN  
                 DFFTRXL                    RN  
                   OR2X2                     A  
                   OR2X2                     B  
                   OR2X2                     Y  
                  DLY2X4                     A  
                  DLY2X4                     Y  
                 NAND2X1                     A  
                 NAND2X1                     B  
                 NAND2X1                     Y  
                  MXI4X2                     A  
                  MXI4X2                     B  
                  MXI4X2                     C  
                  MXI4X2                     D  
                  MXI4X2                    S0  
                  MXI4X2                    S1  
                  MXI4X2                     Y  
                 AOI32X2                    A0  
                 AOI32X2                    A1  
                 AOI32X2                    A2  
                 AOI32X2                    B0  
                 AOI32X2                    B1  
                 AOI32X2                     Y  
                DFFNSRX2                   CKN  
                DFFNSRX2                     D  
                DFFNSRX2                     Q  
                DFFNSRX2                    QN  
                DFFNSRX2                    RN  
                DFFNSRX2                    SN  
                   OR3X4                     A  
                   OR3X4                     B  
                   OR3X4                     C  
                   OR3X4                     Y  
                  DFFRXL                    CK  
                  DFFRXL                     D  
                  DFFRXL                     Q  
                  DFFRXL                    QN  
                  DFFRXL                    RN  
                  XOR3XL                     A  
                  XOR3XL                     B  
                  XOR3XL                     C  
                  XOR3XL                     Y  
                CLKBUFX6                     A  
                CLKBUFX6                     Y  
                AOI222XL                    A0  
                AOI222XL                    A1  
                AOI222XL                    B0  
                AOI222XL                    B1  
                AOI222XL                    C0  
                AOI222XL                    C1  
                AOI222XL                     Y  
                   OR4X6                     A  
                   OR4X6                     B  
                   OR4X6                     C  
                   OR4X6                     D  
                   OR4X6                     Y  
                ACHCONX2                     A  
                ACHCONX2                     B  
                ACHCONX2                    CI  
                ACHCONX2                   CON  
                 OAI21X1                    A0  
                 OAI21X1                    A1  
                 OAI21X1                    B0  
                 OAI21X1                     Y  
                  DLY3X4                     A  
                  DLY3X4                     Y  
               TLATNSRX2                     D  
               TLATNSRX2                    GN  
               TLATNSRX2                     Q  
               TLATNSRX2                    QN  
               TLATNSRX2                    RN  
               TLATNSRX2                    SN  
                  AND3XL                     A  
                  AND3XL                     B  
                  AND3XL                     C  
                  AND3XL                     Y  
                  DFFSXL                    CK  
                  DFFSXL                     D  
                  DFFSXL                     Q  
                  DFFSXL                    QN  
                  DFFSXL                    SN  
               NAND4BBXL                    AN  
               NAND4BBXL                    BN  
               NAND4BBXL                     C  
               NAND4BBXL                     D  
               NAND4BBXL                     Y  
               CLKBUFX16                     A  
               CLKBUFX16                     Y  
                OAI221X1                    A0  
                OAI221X1                    A1  
                OAI221X1                    B0  
                OAI221X1                    B1  
                OAI221X1                    C0  
                OAI221X1                     Y  
                  AND4XL                     A  
                  AND4XL                     B  
                  AND4XL                     C  
                  AND4XL                     D  
                  AND4XL                     Y  
                 OAI31X1                    A0  
                 OAI31X1                    A1  
                 OAI31X1                    A2  
                 OAI31X1                    B0  
                 OAI31X1                     Y  
                  OA21X1                    A0  
                  OA21X1                    A1  
                  OA21X1                    B0  
                  OA21X1                     Y  
                  DLY4X4                     A  
                  DLY4X4                     Y  
               CLKXOR2X8                     A  
               CLKXOR2X8                     B  
               CLKXOR2X8                     Y  
                   OR2X8                     A  
                   OR2X8                     B  
                   OR2X8                     Y  
                   DFFXL                    CK  
                   DFFXL                     D  
                   DFFXL                     Q  
                   DFFXL                    QN  
               OAI2BB2X4                   A0N  
               OAI2BB2X4                   A1N  
               OAI2BB2X4                    B0  
               OAI2BB2X4                    B1  
               OAI2BB2X4                     Y  
                  EDFFX1                    CK  
                  EDFFX1                     D  
                  EDFFX1                     E  
                  EDFFX1                     Q  
                  EDFFX1                    QN  
                  HOLDX1                     Y  
             TLATNTSCAX8                    CK  
             TLATNTSCAX8                     E  
             TLATNTSCAX8                   ECK  
             TLATNTSCAX8                    SE  
                 ANTENNA                     A  
               OAI2BB2X1                   A0N  
               OAI2BB2X1                   A1N  
               OAI2BB2X1                    B0  
               OAI2BB2X1                    B1  
               OAI2BB2X1                     Y  
                CLKINVX1                     A  
                CLKINVX1                     Y  
                SDFFHQX2                    CK  
                SDFFHQX2                     D  
                SDFFHQX2                     Q  
                SDFFHQX2                    SE  
                SDFFHQX2                    SI  
              SDFFSRHQX8                    CK  
              SDFFSRHQX8                     D  
              SDFFSRHQX8                     Q  
              SDFFSRHQX8                    RN  
              SDFFSRHQX8                    SE  
              SDFFSRHQX8                    SI  
              SDFFSRHQX8                    SN  
               CLKXOR2X2                     A  
               CLKXOR2X2                     B  
               CLKXOR2X2                     Y  
                OAI221X4                    A0  
                OAI221X4                    A1  
                OAI221X4                    B0  
                OAI221X4                    B1  
                OAI221X4                    C0  
                OAI221X4                     Y  
                 XNOR3X1                     A  
                 XNOR3X1                     B  
                 XNOR3X1                     C  
                 XNOR3X1                     Y  
                 SEDFFXL                    CK  
                 SEDFFXL                     D  
                 SEDFFXL                     E  
                 SEDFFXL                     Q  
                 SEDFFXL                    QN  
                 SEDFFXL                    SE  
                 SEDFFXL                    SI  
                  OA22X1                    A0  
                  OA22X1                    A1  
                  OA22X1                    B0  
                  OA22X1                    B1  
                  OA22X1                     Y  
                AOI211X1                    A0  
                AOI211X1                    A1  
                AOI211X1                    B0  
                AOI211X1                    C0  
                AOI211X1                     Y  
                  TLATX4                     D  
                  TLATX4                     G  
                  TLATX4                     Q  
                  TLATX4                    QN  
                  BUFX20                     A  
                  BUFX20                     Y  
                 XNOR2XL                     A  
                 XNOR2XL                     B  
                 XNOR2XL                     Y  
                   OR4X1                     A  
                   OR4X1                     B  
                   OR4X1                     C  
                   OR4X1                     D  
                   OR4X1                     Y  
                OAI211XL                    A0  
                OAI211XL                    A1  
                OAI211XL                    B0  
                OAI211XL                    C0  
                OAI211XL                     Y  
                   BUFX4                     A  
                   BUFX4                     Y  
                CLKINVX4                     A  
                CLKINVX4                     Y  
                 AOI33X4                    A0  
                 AOI33X4                    A1  
                 AOI33X4                    A2  
                 AOI33X4                    B0  
                 AOI33X4                    B1  
                 AOI33X4                    B2  
                 AOI33X4                     Y  
                 TBUFX16                     A  
                 TBUFX16                    OE  
                 TBUFX16                     Y  
                 SDFFRX1                    CK  
                 SDFFRX1                     D  
                 SDFFRX1                     Q  
                 SDFFRX1                    QN  
                 SDFFRX1                    RN  
                 SDFFRX1                    SE  
                 SDFFRX1                    SI  
               DFFSRHQX8                    CK  
               DFFSRHQX8                     D  
               DFFSRHQX8                     Q  
               DFFSRHQX8                    RN  
               DFFSRHQX8                    SN  
                AOI222X2                    A0  
                AOI222X2                    A1  
                AOI222X2                    B0  
                AOI222X2                    B1  
                AOI222X2                    C0  
                AOI222X2                    C1  
                AOI222X2                     Y  
                NAND2BX1                    AN  
                NAND2BX1                     B  
                NAND2BX1                     Y  
                AOI211X4                    A0  
                AOI211X4                    A1  
                AOI211X4                    B0  
                AOI211X4                    C0  
                AOI211X4                     Y  
                  BMXIX4                     A  
                  BMXIX4                    M0  
                  BMXIX4                    M1  
                  BMXIX4                   PPN  
                  BMXIX4                     S  
                  BMXIX4                    X2  
                   MX4XL                     A  
                   MX4XL                     B  
                   MX4XL                     C  
                   MX4XL                     D  
                   MX4XL                    S0  
                   MX4XL                    S1  
                   MX4XL                     Y  
                  TLATX2                     D  
                  TLATX2                     G  
                  TLATX2                     Q  
                  TLATX2                    QN  
                  TBUFX8                     A  
                  TBUFX8                    OE  
                  TBUFX8                     Y  
                NAND2BX4                    AN  
                NAND2BX4                     B  
                NAND2BX4                     Y  
                 SDFFQXL                    CK  
                 SDFFQXL                     D  
                 SDFFQXL                     Q  
                 SDFFQXL                    SE  
                 SDFFQXL                    SI  
                 AOI33X2                    A0  
                 AOI33X2                    A1  
                 AOI33X2                    A2  
                 AOI33X2                    B0  
                 AOI33X2                    B1  
                 AOI33X2                    B2  
                 AOI33X2                     Y  
                  ADDFX1                     A  
                  ADDFX1                     B  
                  ADDFX1                    CI  
                  ADDFX1                    CO  
                  ADDFX1                     S  
                SDFFHQX8                    CK  
                SDFFHQX8                     D  
                SDFFHQX8                     Q  
                SDFFHQX8                    SE  
                SDFFHQX8                    SI  
                MDFFHQX2                    CK  
                MDFFHQX2                    D0  
                MDFFHQX2                    D1  
                MDFFHQX2                     Q  
                MDFFHQX2                    S0  
                   MX3X4                     A  
                   MX3X4                     B  
                   MX3X4                     C  
                   MX3X4                    S0  
                   MX3X4                    S1  
                   MX3X4                     Y  
                   MX2X2                     A  
                   MX2X2                     B  
                   MX2X2                    S0  
                   MX2X2                     Y  
               NAND4BBX4                    AN  
               NAND4BBX4                    BN  
               NAND4BBX4                     C  
               NAND4BBX4                     D  
               NAND4BBX4                     Y  
                  BMXIX2                     A  
                  BMXIX2                    M0  
                  BMXIX2                    M1  
                  BMXIX2                   PPN  
                  BMXIX2                     S  
                  BMXIX2                    X2  
               AOI2BB1X2                   A0N  
               AOI2BB1X2                   A1N  
               AOI2BB1X2                    B0  
               AOI2BB1X2                     Y  
                  TBUFX6                     A  
                  TBUFX6                    OE  
                  TBUFX6                     Y  
                 TBUFX12                     A  
                 TBUFX12                    OE  
                 TBUFX12                     Y  
                 NAND3X1                     A  
                 NAND3X1                     B  
                 NAND3X1                     C  
                 NAND3X1                     Y  
               DFFSRHQX2                    CK  
               DFFSRHQX2                     D  
               DFFSRHQX2                     Q  
               DFFSRHQX2                    RN  
               DFFSRHQX2                    SN  
               NAND4BBX1                    AN  
               NAND4BBX1                    BN  
               NAND4BBX1                     C  
               NAND4BBX1                     D  
               NAND4BBX1                     Y  
                 DFFHQX1                    CK  
                 DFFHQX1                     D  
                 DFFHQX1                     Q  
               SEDFFTRXL                    CK  
               SEDFFTRXL                     D  
               SEDFFTRXL                     E  
               SEDFFTRXL                     Q  
               SEDFFTRXL                    QN  
               SEDFFTRXL                    RN  
               SEDFFTRXL                    SE  
               SEDFFTRXL                    SI  
             TLATNTSCAX6                    CK  
             TLATNTSCAX6                     E  
             TLATNTSCAX6                   ECK  
             TLATNTSCAX6                    SE  
               SDFFRHQX4                    CK  
               SDFFRHQX4                     D  
               SDFFRHQX4                     Q  
               SDFFRHQX4                    RN  
               SDFFRHQX4                    SE  
               SDFFRHQX4                    SI  
                 NAND2XL                     A  
                 NAND2XL                     B  
                 NAND2XL                     Y  
                  TBUFX4                     A  
                  TBUFX4                    OE  
                  TBUFX4                     Y  
               AOI2BB2XL                   A0N  
               AOI2BB2XL                   A1N  
               AOI2BB2XL                    B0  
               AOI2BB2XL                    B1  
               AOI2BB2XL                     Y  
               SDFFNSRXL                   CKN  
               SDFFNSRXL                     D  
               SDFFNSRXL                     Q  
               SDFFNSRXL                    QN  
               SDFFNSRXL                    RN  
               SDFFNSRXL                    SE  
               SDFFNSRXL                    SI  
               SDFFNSRXL                    SN  
                 ADDFHX1                     A  
                 ADDFHX1                     B  
                 ADDFHX1                    CI  
                 ADDFHX1                    CO  
                 ADDFHX1                     S  
               SDFFRHQX1                    CK  
               SDFFRHQX1                     D  
               SDFFRHQX1                     Q  
               SDFFRHQX1                    RN  
               SDFFRHQX1                    SE  
               SDFFRHQX1                    SI  
                CLKMX2X3                     A  
                CLKMX2X3                     B  
                CLKMX2X3                    S0  
                CLKMX2X3                     Y  
                EDFFTRX1                    CK  
                EDFFTRX1                     D  
                EDFFTRX1                     E  
                EDFFTRX1                     Q  
                EDFFTRX1                    QN  
                EDFFTRX1                    RN  
                   DFFX1                    CK  
                   DFFX1                     D  
                   DFFX1                     Q  
                   DFFX1                    QN  
                MDFFHQX8                    CK  
                MDFFHQX8                    D0  
                MDFFHQX8                    D1  
                MDFFHQX8                     Q  
                MDFFHQX8                    S0  
               CLKAND2X8                     A  
               CLKAND2X8                     B  
               CLKAND2X8                     Y  
               CLKINVX20                     A  
               CLKINVX20                     Y  
                  OA21XL                    A0  
                  OA21XL                    A1  
                  OA21XL                    B0  
                  OA21XL                     Y  
                OAI211X2                    A0  
                OAI211X2                    A1  
                OAI211X2                    B0  
                OAI211X2                    C0  
                OAI211X2                     Y  
                  TBUFX2                     A  
                  TBUFX2                    OE  
                  TBUFX2                     Y  
                 DFFSRX4                    CK  
                 DFFSRX4                     D  
                 DFFSRX4                     Q  
                 DFFSRX4                    QN  
                 DFFSRX4                    RN  
                 DFFSRX4                    SN  
                  ADDHX1                     A  
                  ADDHX1                     B  
                  ADDHX1                    CO  
                  ADDHX1                     S  
                  EDFFXL                    CK  
                  EDFFXL                     D  
                  EDFFXL                     E  
                  EDFFXL                     Q  
                  EDFFXL                    QN  
                 OAI21XL                    A0  
                 OAI21XL                    A1  
                 OAI21XL                    B0  
                 OAI21XL                     Y  
                   MX2X8                     A  
                   MX2X8                     B  
                   MX2X8                    S0  
                   MX2X8                     Y  
                CLKMX2X6                     A  
                CLKMX2X6                     B  
                CLKMX2X6                    S0  
                CLKMX2X6                     Y  
                EDFFTRX4                    CK  
                EDFFTRX4                     D  
                EDFFTRX4                     E  
                EDFFTRX4                     Q  
                EDFFTRX4                    QN  
                EDFFTRX4                    RN  
                 NOR2BX1                    AN  
                 NOR2BX1                     B  
                 NOR2BX1                     Y  
                SDFFSRX1                    CK  
                SDFFSRX1                     D  
                SDFFSRX1                     Q  
                SDFFSRX1                    QN  
                SDFFSRX1                    RN  
                SDFFSRX1                    SE  
                SDFFSRX1                    SI  
                SDFFSRX1                    SN  
               CLKAND2X2                     A  
               CLKAND2X2                     B  
               CLKAND2X2                     Y  
                 OAI22X1                    A0  
                 OAI22X1                    A1  
                 OAI22X1                    B0  
                 OAI22X1                    B1  
                 OAI22X1                     Y  
                 DFFSRX2                    CK  
                 DFFSRX2                     D  
                 DFFSRX2                     Q  
                 DFFSRX2                    QN  
                 DFFSRX2                    RN  
                 DFFSRX2                    SN  
                 OAI32X1                    A0  
                 OAI32X1                    A1  
                 OAI32X1                    A2  
                 OAI32X1                    B0  
                 OAI32X1                    B1  
                 OAI32X1                     Y  
               TLATNCAX6                    CK  
               TLATNCAX6                     E  
               TLATNCAX6                   ECK  
                  OA22XL                    A0  
                  OA22XL                    A1  
                  OA22XL                    B0  
                  OA22XL                    B1  
                  OA22XL                     Y  
                  AND2X8                     A  
                  AND2X8                     B  
                  AND2X8                     Y  
                 TLATNX4                     D  
                 TLATNX4                    GN  
                 TLATNX4                     Q  
                 TLATNX4                    QN  
               SMDFFHQX8                    CK  
               SMDFFHQX8                    D0  
               SMDFFHQX8                    D1  
               SMDFFHQX8                     Q  
               SMDFFHQX8                    S0  
               SMDFFHQX8                    SE  
               SMDFFHQX8                    SI  
                 AOI21X1                    A0  
                 AOI21X1                    A1  
                 AOI21X1                    B0  
                 AOI21X1                     Y  
                 DFFTRX4                    CK  
                 DFFTRX4                     D  
                 DFFTRX4                     Q  
                 DFFTRX4                    QN  
                 DFFTRX4                    RN  
               TLATNCAX3                    CK  
               TLATNCAX3                     E  
               TLATNCAX3                   ECK  
                 OAI31XL                    A0  
                 OAI31XL                    A1  
                 OAI31XL                    A2  
                 OAI31XL                    B0  
                 OAI31XL                     Y  
                  NOR2X1                     A  
                  NOR2X1                     B  
                  NOR2X1                     Y  
                SDFFSRX4                    CK  
                SDFFSRX4                     D  
                SDFFSRX4                     Q  
                SDFFSRX4                    QN  
                SDFFSRX4                    RN  
                SDFFSRX4                    SE  
                SDFFSRX4                    SI  
                SDFFSRX4                    SN  
               SMDFFHQX2                    CK  
               SMDFFHQX2                    D0  
               SMDFFHQX2                    D1  
               SMDFFHQX2                     Q  
               SMDFFHQX2                    S0  
               SMDFFHQX2                    SE  
               SMDFFHQX2                    SI  
                   MX4X1                     A  
                   MX4X1                     B  
                   MX4X1                     C  
                   MX4X1                     D  
                   MX4X1                    S0  
                   MX4X1                    S1  
                   MX4X1                     Y  
                 NOR3BX1                    AN  
                 NOR3BX1                     B  
                 NOR3BX1                     C  
                 NOR3BX1                     Y  
                  SDFFX1                    CK  
                  SDFFX1                     D  
                  SDFFX1                     Q  
                  SDFFX1                    QN  
                  SDFFX1                    SE  
                  SDFFX1                    SI  
                  AND2X6                     A  
                  AND2X6                     B  
                  AND2X6                     Y  
               SEDFFHQX8                    CK  
               SEDFFHQX8                     D  
               SEDFFHQX8                     E  
               SEDFFHQX8                     Q  
               SEDFFHQX8                    SE  
               SEDFFHQX8                    SI  
                 DFFTRX2                    CK  
                 DFFTRX2                     D  
                 DFFTRX2                     Q  
                 DFFTRX2                    QN  
                 DFFTRX2                    RN  
             TLATNTSCAX4                    CK  
             TLATNTSCAX4                     E  
             TLATNTSCAX4                   ECK  
             TLATNTSCAX4                    SE  
                  DFFQX4                    CK  
                  DFFQX4                     D  
                  DFFQX4                     Q  
                  AND3X8                     A  
                  AND3X8                     B  
                  AND3X8                     C  
                  AND3X8                     Y  
                AOI221X1                    A0  
                AOI221X1                    A1  
                AOI221X1                    B0  
                AOI221X1                    B1  
                AOI221X1                    C0  
                AOI221X1                     Y  
                 TLATNX2                     D  
                 TLATNX2                    GN  
                 TLATNX2                     Q  
                 TLATNX2                    QN  
                   INVXL                     A  
                   INVXL                     Y  
                  ADDFXL                     A  
                  ADDFXL                     B  
                  ADDFXL                    CI  
                  ADDFXL                    CO  
                  ADDFXL                     S  
                   INVX6                     A  
                   INVX6                     Y  
                 XNOR3XL                     A  
                 XNOR3XL                     B  
                 XNOR3XL                     C  
                 XNOR3XL                     Y  
                   OR4X2                     A  
                   OR4X2                     B  
                   OR4X2                     C  
                   OR4X2                     D  
                   OR4X2                     Y  
                  AO21X1                    A0  
                  AO21X1                    A1  
                  AO21X1                    B0  
                  AO21X1                     Y  
                OAI221XL                    A0  
                OAI221XL                    A1  
                OAI221XL                    B0  
                OAI221XL                    B1  
                OAI221XL                    C0  
                OAI221XL                     Y  
                  NOR3X1                     A  
                  NOR3X1                     B  
                  NOR3X1                     C  
                  NOR3X1                     Y  
                  AND2X4                     A  
                  AND2X4                     B  
                  AND2X4                     Y  
              TLATNCAX12                    CK  
              TLATNCAX12                     E  
              TLATNCAX12                   ECK  
                  XOR2X4                     A  
                  XOR2X4                     B  
                  XOR2X4                     Y  
                 SDFFSX1                    CK  
                 SDFFSX1                     D  
                 SDFFSX1                     Q  
                 SDFFSX1                    QN  
                 SDFFSX1                    SE  
                 SDFFSX1                    SI  
                 SDFFSX1                    SN  
               AOI2BB2X4                   A0N  
               AOI2BB2X4                   A1N  
               AOI2BB2X4                    B0  
               AOI2BB2X4                    B1  
               AOI2BB2X4                     Y  
                 NOR4BX1                    AN  
                 NOR4BX1                     B  
                 NOR4BX1                     C  
                 NOR4BX1                     D  
                 NOR4BX1                     Y  
               SEDFFTRX1                    CK  
               SEDFFTRX1                     D  
               SEDFFTRX1                     E  
               SEDFFTRX1                     Q  
               SEDFFTRX1                    QN  
               SEDFFTRX1                    RN  
               SEDFFTRX1                    SE  
               SEDFFTRX1                    SI  
               SEDFFTRX4                    CK  
               SEDFFTRX4                     D  
               SEDFFTRX4                     E  
               SEDFFTRX4                     Q  
               SEDFFTRX4                    QN  
               SEDFFTRX4                    RN  
               SEDFFTRX4                    SE  
               SEDFFTRX4                    SI  
                NAND3BX1                    AN  
                NAND3BX1                     B  
                NAND3BX1                     C  
                NAND3BX1                     Y  
                  DFFQX2                    CK  
                  DFFQX2                     D  
                  DFFQX2                     Q  
                  AND3X6                     A  
                  AND3X6                     B  
                  AND3X6                     C  
                  AND3X6                     Y  
                AOI221X4                    A0  
                AOI221X4                    A1  
                AOI221X4                    B0  
                AOI221X4                    B1  
                AOI221X4                    C0  
                AOI221X4                     Y  
                  XOR2X2                     A  
                  XOR2X2                     B  
                  XOR2X2                     Y  
                  DFFRX4                    CK  
                  DFFRX4                     D  
                  DFFRX4                     Q  
                  DFFRX4                    QN  
                  DFFRX4                    RN  
                  AND4X8                     A  
                  AND4X8                     B  
                  AND4X8                     C  
                  AND4X8                     D  
                  AND4X8                     Y  
                 SDFFRXL                    CK  
                 SDFFRXL                     D  
                 SDFFRXL                     Q  
                 SDFFRXL                    QN  
                 SDFFRXL                    RN  
                 SDFFRXL                    SE  
                 SDFFRXL                    SI  
               SDFFNSRX1                   CKN  
               SDFFNSRX1                     D  
               SDFFNSRX1                     Q  
               SDFFNSRX1                    QN  
               SDFFNSRX1                    RN  
               SDFFNSRX1                    SE  
               SDFFNSRX1                    SI  
               SDFFNSRX1                    SN  
                 AOI31X1                    A0  
                 AOI31X1                    A1  
                 AOI31X1                    A2  
                 AOI31X1                    B0  
                 AOI31X1                     Y  
               SDFFNSRX4                   CKN  
               SDFFNSRX4                     D  
               SDFFNSRX4                     Q  
               SDFFNSRX4                    QN  
               SDFFNSRX4                    RN  
               SDFFNSRX4                    SE  
               SDFFNSRX4                    SI  
               SDFFNSRX4                    SN  
                  AND2X2                     A  
                  AND2X2                     B  
                  AND2X2                     Y  
                   OR3XL                     A  
                   OR3XL                     B  
                   OR3XL                     C  
                   OR3XL                     Y  
                CLKBUFX4                     A  
                CLKBUFX4                     Y  
                  AO22X1                    A0  
                  AO22X1                    A1  
                  AO22X1                    B0  
                  AO22X1                    B1  
                  AO22X1                     Y  
                  NOR4X1                     A  
                  NOR4X1                     B  
                  NOR4X1                     C  
                  NOR4X1                     D  
                  NOR4X1                     Y  
                NAND3BX4                    AN  
                NAND3BX4                     B  
                NAND3BX4                     C  
                NAND3BX4                     Y  
                  AND3X4                     A  
                  AND3X4                     B  
                  AND3X4                     C  
                  AND3X4                     Y  
                DFFRHQX1                    CK  
                DFFRHQX1                     D  
                DFFRHQX1                     Q  
                DFFRHQX1                    RN  
                AOI211XL                    A0  
                AOI211XL                    A1  
                AOI211XL                    B0  
                AOI211XL                    C0  
                AOI211XL                     Y  
                  DFFRX2                    CK  
                  DFFRX2                     D  
                  DFFRX2                     Q  
                  DFFRX2                    QN  
                  DFFRX2                    RN  
                  AND4X6                     A  
                  AND4X6                     B  
                  AND4X6                     C  
                  AND4X6                     D  
                  AND4X6                     Y  
                   OR2X4                     A  
                   OR2X4                     B  
                   OR2X4                     Y  
                 NAND4X1                     A  
                 NAND4X1                     B  
                 NAND4X1                     C  
                 NAND4X1                     D  
                 NAND4X1                     Y  
               AOI2BB2X1                   A0N  
               AOI2BB2X1                   A1N  
               AOI2BB2X1                    B0  
               AOI2BB2X1                    B1  
               AOI2BB2X1                     Y  
                NAND2BXL                    AN  
                NAND2BXL                     B  
                NAND2BXL                     Y  
                  DFFSX4                    CK  
                  DFFSX4                     D  
                  DFFSX4                     Q  
                  DFFSX4                    QN  
                  DFFSX4                    SN  
                   OR3X6                     A  
                   OR3X6                     B  
                   OR3X6                     C  
                   OR3X6                     Y  
                  AND3X2                     A  
                  AND3X2                     B  
                  AND3X2                     C  
                  AND3X2                     Y  
                  ADDHXL                     A  
                  ADDHXL                     B  
                  ADDHXL                    CO  
                  ADDHXL                     S  
                DFFRHQX4                    CK  
                DFFRHQX4                     D  
                DFFRHQX4                     Q  
                DFFRHQX4                    RN  
                 NAND3XL                     A  
                 NAND3XL                     B  
                 NAND3XL                     C  
                 NAND3XL                     Y  
                 SEDFFX4                    CK  
                 SEDFFX4                     D  
                 SEDFFX4                     E  
                 SEDFFX4                     Q  
                 SEDFFX4                    QN  
                 SEDFFX4                    SE  
                 SEDFFX4                    SI  
                  AND4X4                     A  
                  AND4X4                     B  
                  AND4X4                     C  
                  AND4X4                     D  
                  AND4X4                     Y  
                   OR4X8                     A  
                   OR4X8                     B  
                   OR4X8                     C  
                   OR4X8                     D  
                   OR4X8                     Y  
                DFFSHQX1                    CK  
                DFFSHQX1                     D  
                DFFSHQX1                     Q  
                DFFSHQX1                    SN  
               SDFFSHQX1                    CK  
               SDFFSHQX1                     D  
               SDFFSHQX1                     Q  
               SDFFSHQX1                    SE  
               SDFFSHQX1                    SI  
               SDFFSHQX1                    SN  
               SDFFSHQX4                    CK  
               SDFFSHQX4                     D  
               SDFFSHQX4                     Q  
               SDFFSHQX4                    SE  
               SDFFSHQX4                    SI  
               SDFFSHQX4                    SN  
             TLATNTSCAX2                    CK  
             TLATNTSCAX2                     E  
             TLATNTSCAX2                   ECK  
             TLATNTSCAX2                    SE  
                 XNOR2X4                     A  
                 XNOR2X4                     B  
                 XNOR2X4                     Y  
                  DFFSX2                    CK  
                  DFFSX2                     D  
                  DFFSX2                     Q  
                  DFFSX2                    QN  
                  DFFSX2                    SN  
                   DFFX2                    CK  
                   DFFX2                     D  
                   DFFX2                     Q  
                   DFFX2                    QN  
                 SEDFFX2                    CK  
                 SEDFFX2                     D  
                 SEDFFX2                     E  
                 SEDFFX2                     Q  
                 SEDFFX2                    QN  
                 SEDFFX2                    SE  
                 SEDFFX2                    SI  
                 ADDFHXL                     A  
                 ADDFHXL                     B  
                 ADDFHXL                    CI  
                 ADDFHXL                    CO  
                 ADDFHXL                     S  
                OAI221X2                    A0  
                OAI221X2                    A1  
                OAI221X2                    B0  
                OAI221X2                    B1  
                OAI221X2                    C0  
                OAI221X2                     Y  
               SEDFFHQX2                    CK  
               SEDFFHQX2                     D  
               SEDFFHQX2                     E  
               SEDFFHQX2                     Q  
               SEDFFHQX2                    SE  
               SEDFFHQX2                    SI  
                SDFFTRX1                    CK  
                SDFFTRX1                     D  
                SDFFTRX1                     Q  
                SDFFTRX1                    QN  
                SDFFTRX1                    RN  
                SDFFTRX1                    SE  
                SDFFTRX1                    SI  
                  AND4X2                     A  
                  AND4X2                     B  
                  AND4X2                     C  
                  AND4X2                     D  
                  AND4X2                     Y  
                 OAI22XL                    A0  
                 OAI22XL                    A1  
                 OAI22XL                    B0  
                 OAI22XL                    B1  
                 OAI22XL                     Y  
                DFFSHQX4                    CK  
                DFFSHQX4                     D  
                DFFSHQX4                     Q  
                DFFSHQX4                    SN  
                  NOR2XL                     A  
                  NOR2XL                     B  
                  NOR2XL                     Y  
                 XNOR2X2                     A  
                 XNOR2X2                     B  
                 XNOR2X2                     Y  
                   INVX1                     A  
                   INVX1                     Y  
                 NAND2X8                     A  
                 NAND2X8                     B  
                 NAND2X8                     Y  
                 SDFFQX4                    CK  
                 SDFFQX4                     D  
                 SDFFQX4                     Q  
                 SDFFQX4                    SE  
                 SDFFQX4                    SI  
                  SDFFXL                    CK  
                  SDFFXL                     D  
                  SDFFXL                     Q  
                  SDFFXL                    QN  
                  SDFFXL                    SE  
                  SDFFXL                    SI  
               CLKBUFX20                     A  
               CLKBUFX20                     Y  
               OAI2BB2X2                   A0N  
               OAI2BB2X2                   A1N  
               OAI2BB2X2                    B0  
               OAI2BB2X2                    B1  
               OAI2BB2X2                     Y  
                 OAI33X1                    A0  
                 OAI33X1                    A1  
                 OAI33X1                    A2  
                 OAI33X1                    B0  
                 OAI33X1                    B1  
                 OAI33X1                    B2  
                 OAI33X1                     Y  
                SDFFTRX4                    CK  
                SDFFTRX4                     D  
                SDFFTRX4                     Q  
                SDFFTRX4                    QN  
                SDFFTRX4                    RN  
                SDFFTRX4                    SE  
                SDFFTRX4                    SI  
                 NOR2BXL                    AN  
                 NOR2BXL                     B  
                 NOR2BXL                     Y  
                  MXI2X1                     A  
                  MXI2X1                     B  
                  MXI2X1                    S0  
                  MXI2X1                     Y  
                NOR4BBX1                    AN  
                NOR4BBX1                    BN  
                NOR4BBX1                     C  
                NOR4BBX1                     D  
                NOR4BBX1                     Y  
                CLKINVX2                     A  
                CLKINVX2                     Y  
                 SDFFQX2                    CK  
                 SDFFQX2                     D  
                 SDFFQX2                     Q  
                 SDFFQX2                    SE  
                 SDFFQX2                    SI  
                 AOI22X1                    A0  
                 AOI22X1                    A1  
                 AOI22X1                    B0  
                 AOI22X1                    B1  
                 AOI22X1                     Y  
            TLATNTSCAX20                    CK  
            TLATNTSCAX20                     E  
            TLATNTSCAX20                   ECK  
            TLATNTSCAX20                    SE  
                  AO21XL                    A0  
                  AO21XL                    A1  
                  AO21XL                    B0  
                  AO21XL                     Y  
                 OAI32XL                    A0  
                 OAI32XL                    A1  
                 OAI32XL                    A2  
                 OAI32XL                    B0  
                 OAI32XL                    B1  
                 OAI32XL                     Y  
                  NOR3XL                     A  
                  NOR3XL                     B  
                  NOR3XL                     C  
                  NOR3XL                     Y  
                EDFFTRXL                    CK  
                EDFFTRXL                     D  
                EDFFTRXL                     E  
                EDFFTRXL                     Q  
                EDFFTRXL                    QN  
                EDFFTRXL                    RN  
                   MX4X2                     A  
                   MX4X2                     B  
                   MX4X2                     C  
                   MX4X2                     D  
                   MX4X2                    S0  
                   MX4X2                    S1  
                   MX4X2                     Y  
                 NAND2X6                     A  
                 NAND2X6                     B  
                 NAND2X6                     Y  
                 AOI21XL                    A0  
                 AOI21XL                    A1  
                 AOI21XL                    B0  
                 AOI21XL                     Y  
                 NAND2X4                     A  
                 NAND2X4                     B  
                 NAND2X4                     Y  
                NOR4BBX4                    AN  
                NOR4BBX4                    BN  
                NOR4BBX4                     C  
                NOR4BBX4                     D  
                NOR4BBX4                     Y  
                SDFFSRXL                    CK  
                SDFFSRXL                     D  
                SDFFSRXL                     Q  
                SDFFSRXL                    QN  
                SDFFSRXL                    RN  
                SDFFSRXL                    SE  
                SDFFSRXL                    SI  
                SDFFSRXL                    SN  
                   OR3X1                     A  
                   OR3X1                     B  
                   OR3X1                     C  
                   OR3X1                     Y  
                AOI211X2                    A0  
                AOI211X2                    A1  
                AOI211X2                    B0  
                AOI211X2                    C0  
                AOI211X2                     Y  
                   BUFX6                     A  
                   BUFX6                     Y  
                 NOR3BXL                    AN  
                 NOR3BXL                     B  
                 NOR3BXL                     C  
                 NOR3BXL                     Y  
                  MXI3X1                     A  
                  MXI3X1                     B  
                  MXI3X1                     C  
                  MXI3X1                    S0  
                  MXI3X1                    S1  
                  MXI3X1                     Y  
                NAND2BX2                    AN  
                NAND2BX2                     B  
                NAND2BX2                     Y  
                 AOI32X1                    A0  
                 AOI32X1                    A1  
                 AOI32X1                    A2  
                 AOI32X1                    B0  
                 AOI32X1                    B1  
                 AOI32X1                     Y  
               OAI2BB1XL                   A0N  
               OAI2BB1XL                   A1N  
               OAI2BB1XL                    B0  
               OAI2BB1XL                     Y  
                  AO22XL                    A0  
                  AO22XL                    A1  
                  AO22XL                    B0  
                  AO22XL                    B1  
                  AO22XL                     Y  
                 NAND2X2                     A  
                 NAND2X2                     B  
                 NAND2X2                     Y  
                  NOR4XL                     A  
                  NOR4XL                     B  
                  NOR4XL                     C  
                  NOR4XL                     D  
                  NOR4XL                     Y  
                   MX3XL                     A  
                   MX3XL                     B  
                   MX3XL                     C  
                   MX3XL                    S0  
                   MX3XL                    S1  
                   MX3XL                     Y  
                CLKINVX8                     A  
                CLKINVX8                     Y  
                NAND4BX1                    AN  
                NAND4BX1                     B  
                NAND4BX1                     C  
                NAND4BX1                     D  
                NAND4BX1                     Y  
                 AOI31XL                    A0  
                 AOI31XL                    A1  
                 AOI31XL                    A2  
                 AOI31XL                    B0  
                 AOI31XL                     Y  
                  DLY1X1                     A  
                  DLY1X1                     Y  
                 OAI21X4                    A0  
                 OAI21X4                    A1  
                 OAI21X4                    B0  
                 OAI21X4                     Y  
               SDFFRHQX8                    CK  
               SDFFRHQX8                     D  
               SDFFRHQX8                     Q  
               SDFFRHQX8                    RN  
               SDFFRHQX8                    SE  
               SDFFRHQX8                    SI  
               NAND4BBX2                    AN  
               NAND4BBX2                    BN  
               NAND4BBX2                     C  
               NAND4BBX2                     D  
               NAND4BBX2                     Y  
                 SDFFSXL                    CK  
                 SDFFSXL                     D  
                 SDFFSXL                     Q  
                 SDFFSXL                    QN  
                 SDFFSXL                    SE  
                 SDFFSXL                    SI  
                 SDFFSXL                    SN  
                   MX2X4                     A  
                   MX2X4                     B  
                   MX2X4                    S0  
                   MX2X4                     Y  
                 NOR4BXL                    AN  
                 NOR4BXL                     B  
                 NOR4BXL                     C  
                 NOR4BXL                     D  
                 NOR4BXL                     Y  
                  MXI4X1                     A  
                  MXI4X1                     B  
                  MXI4X1                     C  
                  MXI4X1                     D  
                  MXI4X1                    S0  
                  MXI4X1                    S1  
                  MXI4X1                     Y  
                 OAI21X2                    A0  
                 OAI21X2                    A1  
                 OAI21X2                    B0  
                 OAI21X2                     Y  
                NAND4BX4                    AN  
                NAND4BX4                     B  
                NAND4BX4                     C  
                NAND4BX4                     D  
                NAND4BX4                     Y  
                   TIEHI                     Y  
               CLKINVX12                     A  
               CLKINVX12                     Y  
                  OA21X4                    A0  
                  OA21X4                    A1  
                  OA21X4                    B0  
                  OA21X4                     Y  
                AOI221XL                    A0  
                AOI221XL                    A1  
                AOI221XL                    B0  
                AOI221XL                    B1  
                AOI221XL                    C0  
                AOI221XL                     Y  
                  DLY2X1                     A  
                  DLY2X1                     Y  
                 OAI31X4                    A0  
                 OAI31X4                    A1  
                 OAI31X4                    A2  
                 OAI31X4                    B0  
                 OAI31X4                     Y  
            TLATNTSCAX12                    CK  
            TLATNTSCAX12                     E  
            TLATNTSCAX12                   ECK  
            TLATNTSCAX12                    SE  
                NAND3BXL                    AN  
                NAND3BXL                     B  
                NAND3BXL                     C  
                NAND3BXL                     Y  
                  EDFFX4                    CK  
                  EDFFX4                     D  
                  EDFFX4                     E  
                  EDFFX4                     Q  
                  EDFFX4                    QN  
                OAI222X1                    A0  
                OAI222X1                    A1  
                OAI222X1                    B0  
                OAI222X1                    B1  
                OAI222X1                    C0  
                OAI222X1                    C1  
                OAI222X1                     Y  
               SDFFRHQX2                    CK  
               SDFFRHQX2                     D  
               SDFFRHQX2                     Q  
               SDFFRHQX2                    RN  
               SDFFRHQX2                    SE  
               SDFFRHQX2                    SI  
                CLKMX2X4                     A  
                CLKMX2X4                     B  
                CLKMX2X4                    S0  
                CLKMX2X4                     Y  
                EDFFTRX2                    CK  
                EDFFTRX2                     D  
                EDFFTRX2                     E  
                EDFFTRX2                     Q  
                EDFFTRX2                    QN  
                EDFFTRX2                    RN  
               CLKAND2X6                     A  
               CLKAND2X6                     B  
               CLKAND2X6                     Y  
                  OA21X2                    A0  
                  OA21X2                    A1  
                  OA21X2                    B0  
                  OA21X2                     Y  
                 OAI31X2                    A0  
                 OAI31X2                    A1  
                 OAI31X2                    A2  
                 OAI31X2                    B0  
                 OAI31X2                     Y  
                EDFFHQX1                    CK  
                EDFFHQX1                     D  
                EDFFHQX1                     E  
                EDFFHQX1                     Q  
                SDFFSRX2                    CK  
                SDFFSRX2                     D  
                SDFFSRX2                     Q  
                SDFFSRX2                    QN  
                SDFFSRX2                    RN  
                SDFFSRX2                    SE  
                SDFFSRX2                    SI  
                SDFFSRX2                    SN  
                  OA22X4                    A0  
                  OA22X4                    A1  
                  OA22X4                    B0  
                  OA22X4                    B1  
                  OA22X4                     Y  
               CLKAND2X3                     A  
               CLKAND2X3                     B  
               CLKAND2X3                     Y  
                  EDFFX2                    CK  
                  EDFFX2                     D  
                  EDFFX2                     E  
                  EDFFX2                     Q  
                  EDFFX2                    QN  
                  DLY3X1                     A  
                  DLY3X1                     Y  
                OAI222X4                    A0  
                OAI222X4                    A1  
                OAI222X4                    B0  
                OAI222X4                    B1  
                OAI222X4                    C0  
                OAI222X4                    C1  
                OAI222X4                     Y  
                   INVX2                     A  
                   INVX2                     Y  
               TLATNSRXL                     D  
               TLATNSRXL                    GN  
               TLATNSRXL                     Q  
               TLATNSRXL                    QN  
               TLATNSRXL                    RN  
               TLATNSRXL                    SN  
                  MXI2XL                     A  
                  MXI2XL                     B  
                  MXI2XL                    S0  
                  MXI2XL                     Y  
                 NAND4XL                     A  
                 NAND4XL                     B  
                 NAND4XL                     C  
                 NAND4XL                     D  
                 NAND4XL                     Y  
                 DFFHQX8                    CK  
                 DFFHQX8                     D  
                 DFFHQX8                     Q  
                EDFFHQX4                    CK  
                EDFFHQX4                     D  
                EDFFHQX4                     E  
                EDFFHQX4                     Q  
               TLATNCAX4                    CK  
               TLATNCAX4                     E  
               TLATNCAX4                   ECK  For more information click here  
# Cells Missing LEF Info: 0  
# Cells with Dimension Errors: 
    ------------------------------
    Size of cell is not an integer multiple of its site
    ------------------------------
               Cell Name        Tech Site name  
                   INVX8              CoreSite  
                   INVX8              CoreSite  
                  INVX16              CoreSite  
                  INVX16              CoreSite  
                  INVX12              CoreSite  
                  INVX12              CoreSite  
                   INVX3              CoreSite  
                   INVX3              CoreSite  
                  INVX20              CoreSite  
                  INVX20              CoreSite  
                   INVX4              CoreSite  
                   INVX4              CoreSite  
                 NAND2X1              CoreSite  
                 NAND2X1              CoreSite  
                NAND2BX1              CoreSite  
                NAND2BX1              CoreSite  
                NAND2BX4              CoreSite  
                NAND2BX4              CoreSite  
                   INVXL              CoreSite  
                   INVXL              CoreSite  
                   INVX6              CoreSite  
                   INVX6              CoreSite  
                NAND2BXL              CoreSite  
                NAND2BXL              CoreSite  
                   INVX1              CoreSite  
                   INVX1              CoreSite  
                NAND2BX2              CoreSite  
                NAND2BX2              CoreSite  
                 NAND2X2              CoreSite  
                 NAND2X2              CoreSite  
                NAND3BXL              CoreSite  
                NAND3BXL              CoreSite  
                   INVX2              CoreSite  
                   INVX2              CoreSite  34  

==============================
Netlist Information
==============================
# HFO (>200) Nets: 0  
# No-driven Nets: 11786  
    General Caution:
        1) TODO
    No-driven Nets  
    my_rom/memory[41][0]  
    my_rom/memory[41][1]  
    my_rom/memory[41][2]  
    my_rom/memory[41][3]  
    my_rom/memory[41][4]  
    my_rom/memory[41][5]  
    my_rom/memory[41][6]  
    my_rom/memory[41][7]  
    my_rom/memory[452][0]  
    my_rom/memory[452][1]  
    my_rom/memory[452][2]  
    my_rom/memory[452][3]  
    my_rom/memory[452][4]  
    my_rom/memory[452][5]  
    my_rom/memory[452][6]  
    my_rom/memory[452][7]  
    my_rom/memory[438][0]  
    my_rom/memory[438][1]  
    my_rom/memory[438][2]  
    my_rom/memory[438][3]  
    my_rom/memory[438][4]  
    my_rom/memory[438][5]  
    my_rom/memory[438][6]  
    my_rom/memory[438][7]  
    my_rom/memory[9][0]  
    my_rom/memory[9][1]  
    my_rom/memory[9][2]  
    my_rom/memory[9][3]  
    my_rom/memory[9][4]  
    my_rom/memory[9][5]  
    my_rom/memory[9][6]  
    my_rom/memory[9][7]  
    my_rom/memory[1][0]  
    my_rom/memory[1][1]  
    my_rom/memory[1][2]  
    my_rom/memory[1][3]  
    my_rom/memory[1][4]  
    my_rom/memory[1][5]  
    my_rom/memory[1][6]  
    my_rom/memory[1][7]  
    my_rom/memory[17][0]  
    my_rom/memory[17][1]  
    my_rom/memory[17][2]  
    my_rom/memory[17][3]  
    my_rom/memory[17][4]  
    my_rom/memory[17][5]  
    my_rom/memory[17][6]  
    my_rom/memory[17][7]  
    my_rom/memory[33][0]  
    my_rom/memory[33][1]  
    my_rom/memory[33][2]  
    my_rom/memory[33][3]  
    my_rom/memory[33][4]  
    my_rom/memory[33][5]  
    my_rom/memory[33][6]  
    my_rom/memory[33][7]  
    my_rom/memory[475][0]  
    my_rom/memory[475][1]  
    my_rom/memory[475][2]  
    my_rom/memory[475][3]  
    my_rom/memory[475][4]  
    my_rom/memory[475][5]  
    my_rom/memory[475][6]  
    my_rom/memory[475][7]  
    my_rom/memory[462][0]  
    my_rom/memory[462][1]  
    my_rom/memory[462][2]  
    my_rom/memory[462][3]  
    my_rom/memory[462][4]  
    my_rom/memory[462][5]  
    my_rom/memory[462][6]  
    my_rom/memory[462][7]  
    my_rom/memory[478][0]  
    my_rom/memory[478][1]  
    my_rom/memory[478][2]  
    my_rom/memory[478][3]  
    my_rom/memory[478][4]  
    my_rom/memory[478][5]  
    my_rom/memory[478][6]  
    my_rom/memory[478][7]  
    my_rom/memory[24][0]  
    my_rom/memory[24][1]  
    my_rom/memory[24][2]  
    my_rom/memory[24][3]  
    my_rom/memory[24][4]  
    my_rom/memory[24][5]  
    my_rom/memory[24][6]  
    my_rom/memory[24][7]  
    my_rom/memory[470][0]  
    my_rom/memory[470][1]  
    my_rom/memory[470][2]  
    my_rom/memory[470][3]  
    my_rom/memory[470][4]  
    my_rom/memory[470][5]  
    my_rom/memory[470][6]  
    my_rom/memory[470][7]  
    my_rom/memory[466][0]  
    my_rom/memory[466][1]  
    my_rom/memory[466][2]  
    my_rom/memory[466][3]  
    my_rom/memory[466][4]  
    my_rom/memory[466][5]  
    my_rom/memory[466][6]  
    my_rom/memory[466][7]  
    my_rom/memory[8][0]  
    my_rom/memory[8][1]  
    my_rom/memory[8][2]  
    my_rom/memory[8][3]  
    my_rom/memory[8][4]  
    my_rom/memory[8][5]  
    my_rom/memory[8][6]  
    my_rom/memory[8][7]  
    my_rom/memory[455][0]  
    my_rom/memory[455][1]  
    my_rom/memory[455][2]  
    my_rom/memory[455][3]  
    my_rom/memory[455][4]  
    my_rom/memory[455][5]  
    my_rom/memory[455][6]  
    my_rom/memory[455][7]  
    my_rom/memory[16][0]  
    my_rom/memory[16][1]  
    my_rom/memory[16][2]  
    my_rom/memory[16][3]  
    my_rom/memory[16][4]  
    my_rom/memory[16][5]  
    my_rom/memory[16][6]  
    my_rom/memory[16][7]  
    my_rom/memory[411][0]  
    my_rom/memory[411][1]  
    my_rom/memory[411][2]  
    my_rom/memory[411][3]  
    my_rom/memory[411][4]  
    my_rom/memory[411][5]  
    my_rom/memory[411][6]  
    my_rom/memory[411][7]  
    my_rom/memory[414][0]  
    my_rom/memory[414][1]  
    my_rom/memory[414][2]  
    my_rom/memory[414][3]  
    my_rom/memory[414][4]  
    my_rom/memory[414][5]  
    my_rom/memory[414][6]  
    my_rom/memory[414][7]  
    my_rom/memory[474][0]  
    my_rom/memory[474][1]  
    my_rom/memory[474][2]  
    my_rom/memory[474][3]  
    my_rom/memory[474][4]  
    my_rom/memory[474][5]  
    my_rom/memory[474][6]  
    my_rom/memory[474][7]  
    my_rom/memory[32][0]  
    my_rom/memory[32][1]  
    my_rom/memory[32][2]  
    my_rom/memory[32][3]  
    my_rom/memory[32][4]  
    my_rom/memory[32][5]  
    my_rom/memory[32][6]  
    my_rom/memory[32][7]  
    my_rom/memory[56][0]  
    my_rom/memory[56][1]  
    my_rom/memory[56][2]  
    my_rom/memory[56][3]  
    my_rom/memory[56][4]  
    my_rom/memory[56][5]  
    my_rom/memory[56][6]  
    my_rom/memory[56][7]  
    my_rom/memory[49][0]  
    my_rom/memory[49][1]  
    my_rom/memory[49][2]  
    my_rom/memory[49][3]  
    my_rom/memory[49][4]  
    my_rom/memory[49][5]  
    my_rom/memory[49][6]  
    my_rom/memory[49][7]  
    my_rom/memory[40][0]  
    my_rom/memory[40][1]  
    my_rom/memory[40][2]  
    my_rom/memory[40][3]  
    my_rom/memory[40][4]  
    my_rom/memory[40][5]  
    my_rom/memory[40][6]  
    my_rom/memory[40][7]  
    my_rom/memory[419][0]  
    my_rom/memory[419][1]  
    my_rom/memory[419][2]  
    my_rom/memory[419][3]  
    my_rom/memory[419][4]  
    my_rom/memory[419][5]  
    my_rom/memory[419][6]  
    my_rom/memory[419][7]  
    my_rom/memory[25][0]  
    my_rom/memory[25][1]  
    my_rom/memory[25][2]  
    my_rom/memory[25][3]  
    my_rom/memory[25][4]  
    my_rom/memory[25][5]  
    my_rom/memory[25][6]  
    my_rom/memory[25][7]  
    my_rom/memory[422][0]  
    my_rom/memory[422][1]  
    my_rom/memory[422][2]  
    my_rom/memory[422][3]  
    my_rom/memory[422][4]  
    my_rom/memory[422][5]  
    my_rom/memory[422][6]  
    my_rom/memory[422][7]  
    my_rom/memory[398][0]  
    my_rom/memory[398][1]  
    my_rom/memory[398][2]  
    my_rom/memory[398][3]  
    my_rom/memory[398][4]  
    my_rom/memory[398][5]  
    my_rom/memory[398][6]  
    my_rom/memory[398][7]  
    my_rom/memory[459][0]  
    my_rom/memory[459][1]  
    my_rom/memory[459][2]  
    my_rom/memory[459][3]  
    my_rom/memory[459][4]  
    my_rom/memory[459][5]  
    my_rom/memory[459][6]  
    my_rom/memory[459][7]  
    my_rom/memory[57][0]  
    my_rom/memory[57][1]  
    my_rom/memory[57][2]  
    my_rom/memory[57][3]  
    my_rom/memory[57][4]  
    my_rom/memory[57][5]  
    my_rom/memory[57][6]  
    my_rom/memory[57][7]  
    my_rom/memory[395][0]  
    my_rom/memory[395][1]  
    my_rom/memory[395][2]  
    my_rom/memory[395][3]  
    my_rom/memory[395][4]  
    my_rom/memory[395][5]  
    my_rom/memory[395][6]  
    my_rom/memory[395][7]  
    my_rom/memory[477][0]  
    my_rom/memory[477][1]  
    my_rom/memory[477][2]  
    my_rom/memory[477][3]  
    my_rom/memory[477][4]  
    my_rom/memory[477][5]  
    my_rom/memory[477][6]  
    my_rom/memory[477][7]  
    my_rom/memory[467][0]  
    my_rom/memory[467][1]  
    my_rom/memory[467][2]  
    my_rom/memory[467][3]  
    my_rom/memory[467][4]  
    my_rom/memory[467][5]  
    my_rom/memory[467][6]  
    my_rom/memory[467][7]  
    my_rom/memory[469][0]  
    my_rom/memory[469][1]  
    my_rom/memory[469][2]  
    my_rom/memory[469][3]  
    my_rom/memory[469][4]  
    my_rom/memory[469][5]  
    my_rom/memory[469][6]  
    my_rom/memory[469][7]  
    my_rom/memory[257][0]  
    my_rom/memory[257][1]  
    my_rom/memory[257][2]  
    my_rom/memory[257][3]  
    my_rom/memory[257][4]  
    my_rom/memory[257][5]  
    my_rom/memory[257][6]  
    my_rom/memory[257][7]  
    my_rom/memory[256][0]  
    my_rom/memory[256][1]  
    my_rom/memory[256][2]  
    my_rom/memory[256][3]  
    my_rom/memory[256][4]  
    my_rom/memory[256][5]  
    my_rom/memory[256][6]  
    my_rom/memory[256][7]  
    my_rom/memory[65][0]  
    my_rom/memory[65][1]  
    my_rom/memory[65][2]  
    my_rom/memory[65][3]  
    my_rom/memory[65][4]  
    my_rom/memory[65][5]  
    my_rom/memory[65][6]  
    my_rom/memory[65][7]  
    my_rom/memory[97][0]  
    my_rom/memory[97][1]  
    my_rom/memory[97][2]  
    my_rom/memory[97][3]  
    my_rom/memory[97][4]  
    my_rom/memory[97][5]  
    my_rom/memory[97][6]  
    my_rom/memory[97][7]  
    my_rom/memory[96][0]  
    my_rom/memory[96][1]  
    my_rom/memory[96][2]  
    my_rom/memory[96][3]  
    my_rom/memory[96][4]  
    my_rom/memory[96][5]  
    my_rom/memory[96][6]  
    my_rom/memory[96][7]  
    my_rom/memory[289][0]  
    my_rom/memory[289][1]  
    my_rom/memory[289][2]  
    my_rom/memory[289][3]  
    my_rom/memory[289][4]  
    my_rom/memory[289][5]  
    my_rom/memory[289][6]  
    my_rom/memory[289][7]  
    my_rom/memory[288][0]  
    my_rom/memory[288][1]  
    my_rom/memory[288][2]  
    my_rom/memory[288][3]  
    my_rom/memory[288][4]  
    my_rom/memory[288][5]  
    my_rom/memory[288][6]  
    my_rom/memory[288][7]  
    my_rom/memory[121][0]  
    my_rom/memory[121][1]  
    my_rom/memory[121][2]  
    my_rom/memory[121][3]  
    my_rom/memory[121][4]  
    my_rom/memory[121][5]  
    my_rom/memory[121][6]  
    my_rom/memory[121][7]  
    my_rom/memory[120][0]  
    my_rom/memory[120][1]  
    my_rom/memory[120][2]  
    my_rom/memory[120][3]  
    my_rom/memory[120][4]  
    my_rom/memory[120][5]  
    my_rom/memory[120][6]  
    my_rom/memory[120][7]  
    my_rom/memory[73][0]  
    my_rom/memory[73][1]  
    my_rom/memory[73][2]  
    my_rom/memory[73][3]  
    my_rom/memory[73][4]  
    my_rom/memory[73][5]  
    my_rom/memory[73][6]  
    my_rom/memory[73][7]  
    my_rom/memory[72][0]  
    my_rom/memory[72][1]  
    my_rom/memory[72][2]  
    my_rom/memory[72][3]  
    my_rom/memory[72][4]  
    my_rom/memory[72][5]  
    my_rom/memory[72][6]  
    my_rom/memory[72][7]  
    my_rom/memory[89][0]  
    my_rom/memory[89][1]  
    my_rom/memory[89][2]  
    my_rom/memory[89][3]  
    my_rom/memory[89][4]  
    my_rom/memory[89][5]  
    my_rom/memory[89][6]  
    my_rom/memory[89][7]  
    my_rom/memory[88][0]  
    my_rom/memory[88][1]  
    my_rom/memory[88][2]  
    my_rom/memory[88][3]  
    my_rom/memory[88][4]  
    my_rom/memory[88][5]  
    my_rom/memory[88][6]  
    my_rom/memory[88][7]  
    my_rom/memory[105][0]  
    my_rom/memory[105][1]  
    my_rom/memory[105][2]  
    my_rom/memory[105][3]  
    my_rom/memory[105][4]  
    my_rom/memory[105][5]  
    my_rom/memory[105][6]  
    my_rom/memory[105][7]  
    my_rom/memory[104][0]  
    my_rom/memory[104][1]  
    my_rom/memory[104][2]  
    my_rom/memory[104][3]  
    my_rom/memory[104][4]  
    my_rom/memory[104][5]  
    my_rom/memory[104][6]  
    my_rom/memory[104][7]  
    my_rom/memory[201][0]  
    my_rom/memory[201][1]  
    my_rom/memory[201][2]  
    my_rom/memory[201][3]  
    my_rom/memory[201][4]  
    my_rom/memory[201][5]  
    my_rom/memory[201][6]  
    my_rom/memory[201][7]  
    my_rom/memory[435][0]  
    my_rom/memory[435][1]  
    my_rom/memory[435][2]  
    my_rom/memory[435][3]  
    my_rom/memory[435][4]  
    my_rom/memory[435][5]  
    my_rom/memory[435][6]  
    my_rom/memory[435][7]  
    my_rom/memory[281][0]  
    my_rom/memory[281][1]  
    my_rom/memory[281][2]  
    my_rom/memory[281][3]  
    my_rom/memory[281][4]  
    my_rom/memory[281][5]  
    my_rom/memory[281][6]  
    my_rom/memory[281][7]  
    my_rom/memory[280][0]  
    my_rom/memory[280][1]  
    my_rom/memory[280][2]  
    my_rom/memory[280][3]  
    my_rom/memory[280][4]  
    my_rom/memory[280][5]  
    my_rom/memory[280][6]  
    my_rom/memory[280][7]  
    my_rom/memory[297][0]  
    my_rom/memory[297][1]  
    my_rom/memory[297][2]  
    my_rom/memory[297][3]  
    my_rom/memory[297][4]  
    my_rom/memory[297][5]  
    my_rom/memory[297][6]  
    my_rom/memory[297][7]  
    my_rom/memory[296][0]  
    my_rom/memory[296][1]  
    my_rom/memory[296][2]  
    my_rom/memory[296][3]  
    my_rom/memory[296][4]  
    my_rom/memory[296][5]  
    my_rom/memory[296][6]  
    my_rom/memory[296][7]  
    my_rom/memory[193][0]  
    my_rom/memory[193][1]  
    my_rom/memory[193][2]  
    my_rom/memory[193][3]  
    my_rom/memory[193][4]  
    my_rom/memory[193][5]  
    my_rom/memory[193][6]  
    my_rom/memory[193][7]  
    my_rom/memory[192][0]  
    my_rom/memory[192][1]  
    my_rom/memory[192][2]  
    my_rom/memory[192][3]  
    my_rom/memory[192][4]  
    my_rom/memory[192][5]  
    my_rom/memory[192][6]  
    my_rom/memory[192][7]  
    my_rom/memory[225][0]  
    my_rom/memory[225][1]  
    my_rom/memory[225][2]  
    my_rom/memory[225][3]  
    my_rom/memory[225][4]  
    my_rom/memory[225][5]  
    my_rom/memory[225][6]  
    my_rom/memory[225][7]  
    my_rom/memory[224][0]  
    my_rom/memory[224][1]  
    my_rom/memory[224][2]  
    my_rom/memory[224][3]  
    my_rom/memory[224][4]  
    my_rom/memory[224][5]  
    my_rom/memory[224][6]  
    my_rom/memory[224][7]  
    my_rom/memory[200][0]  
    my_rom/memory[200][1]  
    my_rom/memory[200][2]  
    my_rom/memory[200][3]  
    my_rom/memory[200][4]  
    my_rom/memory[200][5]  
    my_rom/memory[200][6]  
    my_rom/memory[200][7]  
    my_rom/memory[217][0]  
    my_rom/memory[217][1]  
    my_rom/memory[217][2]  
    my_rom/memory[217][3]  
    my_rom/memory[217][4]  
    my_rom/memory[217][5]  
    my_rom/memory[217][6]  
    my_rom/memory[217][7]  
    my_rom/memory[216][0]  
    my_rom/memory[216][1]  
    my_rom/memory[216][2]  
    my_rom/memory[216][3]  
    my_rom/memory[216][4]  
    my_rom/memory[216][5]  
    my_rom/memory[216][6]  
    my_rom/memory[216][7]  
    my_rom/memory[209][0]  
    my_rom/memory[209][1]  
    my_rom/memory[209][2]  
    my_rom/memory[209][3]  
    my_rom/memory[209][4]  
    my_rom/memory[209][5]  
    my_rom/memory[209][6]  
    my_rom/memory[209][7]  
    my_rom/memory[208][0]  
    my_rom/memory[208][1]  
    my_rom/memory[208][2]  
    my_rom/memory[208][3]  
    my_rom/memory[208][4]  
    my_rom/memory[208][5]  
    my_rom/memory[208][6]  
    my_rom/memory[208][7]  
    my_rom/memory[233][0]  
    my_rom/memory[233][1]  
    my_rom/memory[233][2]  
    my_rom/memory[233][3]  
    my_rom/memory[233][4]  
    my_rom/memory[233][5]  
    my_rom/memory[233][6]  
    my_rom/memory[233][7]  
    my_rom/memory[241][0]  
    my_rom/memory[241][1]  
    my_rom/memory[241][2]  
    my_rom/memory[241][3]  
    my_rom/memory[241][4]  
    my_rom/memory[241][5]  
    my_rom/memory[241][6]  
    my_rom/memory[241][7]  
    my_rom/memory[240][0]  
    my_rom/memory[240][1]  
    my_rom/memory[240][2]  
    my_rom/memory[240][3]  
    my_rom/memory[240][4]  
    my_rom/memory[240][5]  
    my_rom/memory[240][6]  
    my_rom/memory[240][7]  
    my_rom/memory[249][0]  
    my_rom/memory[249][1]  
    my_rom/memory[249][2]  
    my_rom/memory[249][3]  
    my_rom/memory[249][4]  
    my_rom/memory[249][5]  
    my_rom/memory[249][6]  
    my_rom/memory[249][7]  
    my_rom/memory[248][0]  
    my_rom/memory[248][1]  
    my_rom/memory[248][2]  
    my_rom/memory[248][3]  
    my_rom/memory[248][4]  
    my_rom/memory[248][5]  
    my_rom/memory[248][6]  
    my_rom/memory[248][7]  
    my_rom/memory[137][0]  
    my_rom/memory[137][1]  
    my_rom/memory[137][2]  
    my_rom/memory[137][3]  
    my_rom/memory[137][4]  
    my_rom/memory[137][5]  
    my_rom/memory[137][6]  
    my_rom/memory[137][7]  
    my_rom/memory[313][0]  
    my_rom/memory[313][1]  
    my_rom/memory[313][2]  
    my_rom/memory[313][3]  
    my_rom/memory[313][4]  
    my_rom/memory[313][5]  
    my_rom/memory[313][6]  
    my_rom/memory[313][7]  
    my_rom/memory[312][0]  
    my_rom/memory[312][1]  
    my_rom/memory[312][2]  
    my_rom/memory[312][3]  
    my_rom/memory[312][4]  
    my_rom/memory[312][5]  
    my_rom/memory[312][6]  
    my_rom/memory[312][7]  
    my_rom/memory[377][0]  
    my_rom/memory[377][1]  
    my_rom/memory[377][2]  
    my_rom/memory[377][3]  
    my_rom/memory[377][4]  
    my_rom/memory[377][5]  
    my_rom/memory[377][6]  
    my_rom/memory[377][7]  
    my_rom/memory[401][0]  
    my_rom/memory[401][1]  
    my_rom/memory[401][2]  
    my_rom/memory[401][3]  
    my_rom/memory[401][4]  
    my_rom/memory[401][5]  
    my_rom/memory[401][6]  
    my_rom/memory[401][7]  
    my_rom/memory[400][0]  
    my_rom/memory[400][1]  
    my_rom/memory[400][2]  
    my_rom/memory[400][3]  
    my_rom/memory[400][4]  
    my_rom/memory[400][5]  
    my_rom/memory[400][6]  
    my_rom/memory[400][7]  
    my_rom/memory[425][0]  
    my_rom/memory[425][1]  
    my_rom/memory[425][2]  
    my_rom/memory[425][3]  
    my_rom/memory[425][4]  
    my_rom/memory[425][5]  
    my_rom/memory[425][6]  
    my_rom/memory[425][7]  
    my_rom/memory[424][0]  
    my_rom/memory[424][1]  
    my_rom/memory[424][2]  
    my_rom/memory[424][3]  
    my_rom/memory[424][4]  
    my_rom/memory[424][5]  
    my_rom/memory[424][6]  
    my_rom/memory[424][7]  
    my_rom/memory[393][0]  
    my_rom/memory[393][1]  
    my_rom/memory[393][2]  
    my_rom/memory[393][3]  
    my_rom/memory[393][4]  
    my_rom/memory[393][5]  
    my_rom/memory[393][6]  
    my_rom/memory[393][7]  
    my_rom/memory[392][0]  
    my_rom/memory[392][1]  
    my_rom/memory[392][2]  
    my_rom/memory[392][3]  
    my_rom/memory[392][4]  
    my_rom/memory[392][5]  
    my_rom/memory[392][6]  
    my_rom/memory[392][7]  
    my_rom/memory[409][0]  
    my_rom/memory[409][1]  
    my_rom/memory[409][2]  
    my_rom/memory[409][3]  
    my_rom/memory[409][4]  
    my_rom/memory[409][5]  
    my_rom/memory[409][6]  
    my_rom/memory[409][7]  
    my_rom/memory[408][0]  
    my_rom/memory[408][1]  
    my_rom/memory[408][2]  
    my_rom/memory[408][3]  
    my_rom/memory[408][4]  
    my_rom/memory[408][5]  
    my_rom/memory[408][6]  
    my_rom/memory[408][7]  
    my_rom/memory[353][0]  
    my_rom/memory[353][1]  
    my_rom/memory[353][2]  
    my_rom/memory[353][3]  
    my_rom/memory[353][4]  
    my_rom/memory[353][5]  
    my_rom/memory[353][6]  
    my_rom/memory[353][7]  
    my_rom/memory[352][0]  
    my_rom/memory[352][1]  
    my_rom/memory[352][2]  
    my_rom/memory[352][3]  
    my_rom/memory[352][4]  
    my_rom/memory[352][5]  
    my_rom/memory[352][6]  
    my_rom/memory[352][7]  
    my_rom/memory[337][0]  
    my_rom/memory[337][1]  
    my_rom/memory[337][2]  
    my_rom/memory[337][3]  
    my_rom/memory[337][4]  
    my_rom/memory[337][5]  
    my_rom/memory[337][6]  
    my_rom/memory[337][7]  
    my_rom/memory[336][0]  
    my_rom/memory[336][1]  
    my_rom/memory[336][2]  
    my_rom/memory[336][3]  
    my_rom/memory[336][4]  
    my_rom/memory[336][5]  
    my_rom/memory[336][6]  
    my_rom/memory[336][7]  
    my_rom/memory[361][0]  
    my_rom/memory[361][1]  
    my_rom/memory[361][2]  
    my_rom/memory[361][3]  
    my_rom/memory[361][4]  
    my_rom/memory[361][5]  
    my_rom/memory[361][6]  
    my_rom/memory[361][7]  
    my_rom/memory[360][0]  
    my_rom/memory[360][1]  
    my_rom/memory[360][2]  
    my_rom/memory[360][3]  
    my_rom/memory[360][4]  
    my_rom/memory[360][5]  
    my_rom/memory[360][6]  
    my_rom/memory[360][7]  
    my_rom/memory[273][0]  
    my_rom/memory[273][1]  
    my_rom/memory[273][2]  
    my_rom/memory[273][3]  
    my_rom/memory[273][4]  
    my_rom/memory[273][5]  
    my_rom/memory[273][6]  
    my_rom/memory[273][7]  
    my_rom/memory[272][0]  
    my_rom/memory[272][1]  
    my_rom/memory[272][2]  
    my_rom/memory[272][3]  
    my_rom/memory[272][4]  
    my_rom/memory[272][5]  
    my_rom/memory[272][6]  
    my_rom/memory[272][7]  
    my_rom/memory[329][0]  
    my_rom/memory[329][1]  
    my_rom/memory[329][2]  
    my_rom/memory[329][3]  
    my_rom/memory[329][4]  
    my_rom/memory[329][5]  
    my_rom/memory[329][6]  
    my_rom/memory[329][7]  
    my_rom/memory[328][0]  
    my_rom/memory[328][1]  
    my_rom/memory[328][2]  
    my_rom/memory[328][3]  
    my_rom/memory[328][4]  
    my_rom/memory[328][5]  
    my_rom/memory[328][6]  
    my_rom/memory[328][7]  
    my_rom/memory[345][0]  
    my_rom/memory[345][1]  
    my_rom/memory[345][2]  
    my_rom/memory[345][3]  
    my_rom/memory[345][4]  
    my_rom/memory[345][5]  
    my_rom/memory[345][6]  
    my_rom/memory[345][7]  
    my_rom/memory[344][0]  
    my_rom/memory[344][1]  
    my_rom/memory[344][2]  
    my_rom/memory[344][3]  
    my_rom/memory[344][4]  
    my_rom/memory[344][5]  
    my_rom/memory[344][6]  
    my_rom/memory[344][7]  
    my_rom/memory[369][0]  
    my_rom/memory[369][1]  
    my_rom/memory[369][2]  
    my_rom/memory[369][3]  
    my_rom/memory[369][4]  
    my_rom/memory[369][5]  
    my_rom/memory[369][6]  
    my_rom/memory[369][7]  
    my_rom/memory[368][0]  
    my_rom/memory[368][1]  
    my_rom/memory[368][2]  
    my_rom/memory[368][3]  
    my_rom/memory[368][4]  
    my_rom/memory[368][5]  
    my_rom/memory[368][6]  
    my_rom/memory[368][7]  
    my_rom/memory[457][0]  
    my_rom/memory[457][1]  
    my_rom/memory[457][2]  
    my_rom/memory[457][3]  
    my_rom/memory[457][4]  
    my_rom/memory[457][5]  
    my_rom/memory[457][6]  
    my_rom/memory[457][7]  
    my_rom/memory[456][0]  
    my_rom/memory[456][1]  
    my_rom/memory[456][2]  
    my_rom/memory[456][3]  
    my_rom/memory[456][4]  
    my_rom/memory[456][5]  
    my_rom/memory[456][6]  
    my_rom/memory[456][7]  
    my_rom/memory[481][0]  
    my_rom/memory[481][1]  
    my_rom/memory[481][2]  
    my_rom/memory[481][3]  
    my_rom/memory[481][4]  
    my_rom/memory[481][5]  
    my_rom/memory[481][6]  
    my_rom/memory[481][7]  
    my_rom/memory[480][0]  
    my_rom/memory[480][1]  
    my_rom/memory[480][2]  
    my_rom/memory[480][3]  
    my_rom/memory[480][4]  
    my_rom/memory[480][5]  
    my_rom/memory[480][6]  
    my_rom/memory[480][7]  
    my_rom/memory[487][0]  
    my_rom/memory[487][1]  
    my_rom/memory[487][2]  
    my_rom/memory[487][3]  
    my_rom/memory[487][4]  
    my_rom/memory[487][5]  
    my_rom/memory[487][6]  
    my_rom/memory[487][7]  
    my_rom/memory[484][0]  
    my_rom/memory[484][1]  
    my_rom/memory[484][2]  
    my_rom/memory[484][3]  
    my_rom/memory[484][4]  
    my_rom/memory[484][5]  
    my_rom/memory[484][6]  
    my_rom/memory[484][7]  
    my_rom/memory[465][0]  
    my_rom/memory[465][1]  
    my_rom/memory[465][2]  
    my_rom/memory[465][3]  
    my_rom/memory[465][4]  
    my_rom/memory[465][5]  
    my_rom/memory[465][6]  
    my_rom/memory[465][7]  
    my_rom/memory[464][0]  
    my_rom/memory[464][1]  
    my_rom/memory[464][2]  
    my_rom/memory[464][3]  
    my_rom/memory[464][4]  
    my_rom/memory[464][5]  
    my_rom/memory[464][6]  
    my_rom/memory[464][7]  
    my_rom/memory[129][0]  
    my_rom/memory[129][1]  
    my_rom/memory[129][2]  
    my_rom/memory[129][3]  
    my_rom/memory[129][4]  
    my_rom/memory[129][5]  
    my_rom/memory[129][6]  
    my_rom/memory[129][7]  
    my_rom/memory[128][0]  
    my_rom/memory[128][1]  
    my_rom/memory[128][2]  
    my_rom/memory[128][3]  
    my_rom/memory[128][4]  
    my_rom/memory[128][5]  
    my_rom/memory[128][6]  
    my_rom/memory[128][7]  
    my_rom/memory[161][0]  
    my_rom/memory[161][1]  
    my_rom/memory[161][2]  
    my_rom/memory[161][3]  
    my_rom/memory[161][4]  
    my_rom/memory[161][5]  
    my_rom/memory[161][6]  
    my_rom/memory[161][7]  
    my_rom/memory[160][0]  
    my_rom/memory[160][1]  
    my_rom/memory[160][2]  
    my_rom/memory[160][3]  
    my_rom/memory[160][4]  
    my_rom/memory[160][5]  
    my_rom/memory[160][6]  
    my_rom/memory[160][7]  
    my_rom/memory[471][0]  
    my_rom/memory[471][1]  
    my_rom/memory[471][2]  
    my_rom/memory[471][3]  
    my_rom/memory[471][4]  
    my_rom/memory[471][5]  
    my_rom/memory[471][6]  
    my_rom/memory[471][7]  
    my_rom/memory[468][0]  
    my_rom/memory[468][1]  
    my_rom/memory[468][2]  
    my_rom/memory[468][3]  
    my_rom/memory[468][4]  
    my_rom/memory[468][5]  
    my_rom/memory[468][6]  
    my_rom/memory[468][7]  
    my_rom/memory[136][0]  
    my_rom/memory[136][1]  
    my_rom/memory[136][2]  
    my_rom/memory[136][3]  
    my_rom/memory[136][4]  
    my_rom/memory[136][5]  
    my_rom/memory[136][6]  
    my_rom/memory[136][7]  
    my_rom/memory[153][0]  
    my_rom/memory[153][1]  
    my_rom/memory[153][2]  
    my_rom/memory[153][3]  
    my_rom/memory[153][4]  
    my_rom/memory[153][5]  
    my_rom/memory[153][6]  
    my_rom/memory[153][7]  
    my_rom/memory[145][0]  
    my_rom/memory[145][1]  
    my_rom/memory[145][2]  
    my_rom/memory[145][3]  
    my_rom/memory[145][4]  
    my_rom/memory[145][5]  
    my_rom/memory[145][6]  
    my_rom/memory[145][7]  
    my_rom/memory[144][0]  
    my_rom/memory[144][1]  
    my_rom/memory[144][2]  
    my_rom/memory[144][3]  
    my_rom/memory[144][4]  
    my_rom/memory[144][5]  
    my_rom/memory[144][6]  
    my_rom/memory[144][7]  
    my_rom/memory[473][0]  
    my_rom/memory[473][1]  
    my_rom/memory[473][2]  
    my_rom/memory[473][3]  
    my_rom/memory[473][4]  
    my_rom/memory[473][5]  
    my_rom/memory[473][6]  
    my_rom/memory[473][7]  
    my_rom/memory[472][0]  
    my_rom/memory[472][1]  
    my_rom/memory[472][2]  
    my_rom/memory[472][3]  
    my_rom/memory[472][4]  
    my_rom/memory[472][5]  
    my_rom/memory[472][6]  
    my_rom/memory[472][7]  
    my_rom/memory[169][0]  
    my_rom/memory[169][1]  
    my_rom/memory[169][2]  
    my_rom/memory[169][3]  
    my_rom/memory[169][4]  
    my_rom/memory[169][5]  
    my_rom/memory[169][6]  
    my_rom/memory[169][7]  
    my_rom/memory[177][0]  
    my_rom/memory[177][1]  
    my_rom/memory[177][2]  
    my_rom/memory[177][3]  
    my_rom/memory[177][4]  
    my_rom/memory[177][5]  
    my_rom/memory[177][6]  
    my_rom/memory[177][7]  
    my_rom/memory[479][0]  
    my_rom/memory[479][1]  
    my_rom/memory[479][2]  
    my_rom/memory[479][3]  
    my_rom/memory[479][4]  
    my_rom/memory[479][5]  
    my_rom/memory[479][6]  
    my_rom/memory[479][7]  
    my_rom/memory[476][0]  
    my_rom/memory[476][1]  
    my_rom/memory[476][2]  
    my_rom/memory[476][3]  
    my_rom/memory[476][4]  
    my_rom/memory[476][5]  
    my_rom/memory[476][6]  
    my_rom/memory[476][7]  
    my_rom/memory[185][0]  
    my_rom/memory[185][1]  
    my_rom/memory[185][2]  
    my_rom/memory[185][3]  
    my_rom/memory[185][4]  
    my_rom/memory[185][5]  
    my_rom/memory[185][6]  
    my_rom/memory[185][7]  
    my_rom/memory[184][0]  
    my_rom/memory[184][1]  
    my_rom/memory[184][2]  
    my_rom/memory[184][3]  
    my_rom/memory[184][4]  
    my_rom/memory[184][5]  
    my_rom/memory[184][6]  
    my_rom/memory[184][7]  
    my_rom/memory[321][0]  
    my_rom/memory[321][1]  
    my_rom/memory[321][2]  
    my_rom/memory[321][3]  
    my_rom/memory[321][4]  
    my_rom/memory[321][5]  
    my_rom/memory[321][6]  
    my_rom/memory[321][7]  
    my_rom/memory[320][0]  
    my_rom/memory[320][1]  
    my_rom/memory[320][2]  
    my_rom/memory[320][3]  
    my_rom/memory[320][4]  
    my_rom/memory[320][5]  
    my_rom/memory[320][6]  
    my_rom/memory[320][7]  
    my_rom/memory[265][0]  
    my_rom/memory[265][1]  
    my_rom/memory[265][2]  
    my_rom/memory[265][3]  
    my_rom/memory[265][4]  
    my_rom/memory[265][5]  
    my_rom/memory[265][6]  
    my_rom/memory[265][7]  
    my_rom/memory[264][0]  
    my_rom/memory[264][1]  
    my_rom/memory[264][2]  
    my_rom/memory[264][3]  
    my_rom/memory[264][4]  
    my_rom/memory[264][5]  
    my_rom/memory[264][6]  
    my_rom/memory[264][7]  
    my_rom/memory[385][0]  
    my_rom/memory[385][1]  
    my_rom/memory[385][2]  
    my_rom/memory[385][3]  
    my_rom/memory[385][4]  
    my_rom/memory[385][5]  
    my_rom/memory[385][6]  
    my_rom/memory[385][7]  
    my_rom/memory[384][0]  
    my_rom/memory[384][1]  
    my_rom/memory[384][2]  
    my_rom/memory[384][3]  
    my_rom/memory[384][4]  
    my_rom/memory[384][5]  
    my_rom/memory[384][6]  
    my_rom/memory[384][7]  
    my_rom/memory[417][0]  
    my_rom/memory[417][1]  
    my_rom/memory[417][2]  
    my_rom/memory[417][3]  
    my_rom/memory[417][4]  
    my_rom/memory[417][5]  
    my_rom/memory[417][6]  
    my_rom/memory[417][7]  
    my_rom/memory[416][0]  
    my_rom/memory[416][1]  
    my_rom/memory[416][2]  
    my_rom/memory[416][3]  
    my_rom/memory[416][4]  
    my_rom/memory[416][5]  
    my_rom/memory[416][6]  
    my_rom/memory[416][7]  
    my_rom/memory[433][0]  
    my_rom/memory[433][1]  
    my_rom/memory[433][2]  
    my_rom/memory[433][3]  
    my_rom/memory[433][4]  
    my_rom/memory[433][5]  
    my_rom/memory[433][6]  
    my_rom/memory[433][7]  
    my_rom/memory[432][0]  
    my_rom/memory[432][1]  
    my_rom/memory[432][2]  
    my_rom/memory[432][3]  
    my_rom/memory[432][4]  
    my_rom/memory[432][5]  
    my_rom/memory[432][6]  
    my_rom/memory[432][7]  
    my_rom/memory[441][0]  
    my_rom/memory[441][1]  
    my_rom/memory[441][2]  
    my_rom/memory[441][3]  
    my_rom/memory[441][4]  
    my_rom/memory[441][5]  
    my_rom/memory[441][6]  
    my_rom/memory[441][7]  
    my_rom/memory[440][0]  
    my_rom/memory[440][1]  
    my_rom/memory[440][2]  
    my_rom/memory[440][3]  
    my_rom/memory[440][4]  
    my_rom/memory[440][5]  
    my_rom/memory[440][6]  
    my_rom/memory[440][7]  
    my_rom/memory[305][0]  
    my_rom/memory[305][1]  
    my_rom/memory[305][2]  
    my_rom/memory[305][3]  
    my_rom/memory[305][4]  
    my_rom/memory[305][5]  
    my_rom/memory[305][6]  
    my_rom/memory[305][7]  
    my_rom/memory[304][0]  
    my_rom/memory[304][1]  
    my_rom/memory[304][2]  
    my_rom/memory[304][3]  
    my_rom/memory[304][4]  
    my_rom/memory[304][5]  
    my_rom/memory[304][6]  
    my_rom/memory[304][7]  
    my_rom/memory[327][0]  
    my_rom/memory[327][1]  
    my_rom/memory[327][2]  
    my_rom/memory[327][3]  
    my_rom/memory[327][4]  
    my_rom/memory[327][5]  
    my_rom/memory[327][6]  
    my_rom/memory[327][7]  
    my_rom/memory[324][0]  
    my_rom/memory[324][1]  
    my_rom/memory[324][2]  
    my_rom/memory[324][3]  
    my_rom/memory[324][4]  
    my_rom/memory[324][5]  
    my_rom/memory[324][6]  
    my_rom/memory[324][7]  
    my_rom/memory[449][0]  
    my_rom/memory[449][1]  
    my_rom/memory[449][2]  
    my_rom/memory[449][3]  
    my_rom/memory[449][4]  
    my_rom/memory[449][5]  
    my_rom/memory[449][6]  
    my_rom/memory[449][7]  
    my_rom/memory[448][0]  
    my_rom/memory[448][1]  
    my_rom/memory[448][2]  
    my_rom/memory[448][3]  
    my_rom/memory[448][4]  
    my_rom/memory[448][5]  
    my_rom/memory[448][6]  
    my_rom/memory[448][7]  
    my_rom/memory[335][0]  
    my_rom/memory[335][1]  
    my_rom/memory[335][2]  
    my_rom/memory[335][3]  
    my_rom/memory[335][4]  
    my_rom/memory[335][5]  
    my_rom/memory[335][6]  
    my_rom/memory[335][7]  
    my_rom/memory[332][0]  
    my_rom/memory[332][1]  
    my_rom/memory[332][2]  
    my_rom/memory[332][3]  
    my_rom/memory[332][4]  
    my_rom/memory[332][5]  
    my_rom/memory[332][6]  
    my_rom/memory[332][7]  
    my_rom/memory[351][0]  
    my_rom/memory[351][1]  
    my_rom/memory[351][2]  
    my_rom/memory[351][3]  
    my_rom/memory[351][4]  
    my_rom/memory[351][5]  
    my_rom/memory[351][6]  
    my_rom/memory[351][7]  
    my_rom/memory[348][0]  
    my_rom/memory[348][1]  
    my_rom/memory[348][2]  
    my_rom/memory[348][3]  
    my_rom/memory[348][4]  
    my_rom/memory[348][5]  
    my_rom/memory[348][6]  
    my_rom/memory[348][7]  
    my_rom/memory[375][0]  
    my_rom/memory[375][1]  
    my_rom/memory[375][2]  
    my_rom/memory[375][3]  
    my_rom/memory[375][4]  
    my_rom/memory[375][5]  
    my_rom/memory[375][6]  
    my_rom/memory[375][7]  
    my_rom/memory[372][0]  
    my_rom/memory[372][1]  
    my_rom/memory[372][2]  
    my_rom/memory[372][3]  
    my_rom/memory[372][4]  
    my_rom/memory[372][5]  
    my_rom/memory[372][6]  
    my_rom/memory[372][7]  
    my_rom/memory[198][0]  
    my_rom/memory[198][1]  
    my_rom/memory[198][2]  
    my_rom/memory[198][3]  
    my_rom/memory[198][4]  
    my_rom/memory[198][5]  
    my_rom/memory[198][6]  
    my_rom/memory[198][7]  
    my_rom/memory[195][0]  
    my_rom/memory[195][1]  
    my_rom/memory[195][2]  
    my_rom/memory[195][3]  
    my_rom/memory[195][4]  
    my_rom/memory[195][5]  
    my_rom/memory[195][6]  
    my_rom/memory[195][7]  
    my_rom/memory[230][0]  
    my_rom/memory[230][1]  
    my_rom/memory[230][2]  
    my_rom/memory[230][3]  
    my_rom/memory[230][4]  
    my_rom/memory[230][5]  
    my_rom/memory[230][6]  
    my_rom/memory[230][7]  
    my_rom/memory[227][0]  
    my_rom/memory[227][1]  
    my_rom/memory[227][2]  
    my_rom/memory[227][3]  
    my_rom/memory[227][4]  
    my_rom/memory[227][5]  
    my_rom/memory[227][6]  
    my_rom/memory[227][7]  
    my_rom/memory[214][0]  
    my_rom/memory[214][1]  
    my_rom/memory[214][2]  
    my_rom/memory[214][3]  
    my_rom/memory[214][4]  
    my_rom/memory[214][5]  
    my_rom/memory[214][6]  
    my_rom/memory[214][7]  
    my_rom/memory[211][0]  
    my_rom/memory[211][1]  
    my_rom/memory[211][2]  
    my_rom/memory[211][3]  
    my_rom/memory[211][4]  
    my_rom/memory[211][5]  
    my_rom/memory[211][6]  
    my_rom/memory[211][7]  
    my_rom/memory[238][0]  
    my_rom/memory[238][1]  
    my_rom/memory[238][2]  
    my_rom/memory[238][3]  
    my_rom/memory[238][4]  
    my_rom/memory[238][5]  
    my_rom/memory[238][6]  
    my_rom/memory[238][7]  
    my_rom/memory[235][0]  
    my_rom/memory[235][1]  
    my_rom/memory[235][2]  
    my_rom/memory[235][3]  
    my_rom/memory[235][4]  
    my_rom/memory[235][5]  
    my_rom/memory[235][6]  
    my_rom/memory[235][7]  
    my_rom/memory[254][0]  
    my_rom/memory[254][1]  
    my_rom/memory[254][2]  
    my_rom/memory[254][3]  
    my_rom/memory[254][4]  
    my_rom/memory[254][5]  
    my_rom/memory[254][6]  
    my_rom/memory[254][7]  
    my_rom/memory[251][0]  
    my_rom/memory[251][1]  
    my_rom/memory[251][2]  
    my_rom/memory[251][3]  
    my_rom/memory[251][4]  
    my_rom/memory[251][5]  
    my_rom/memory[251][6]  
    my_rom/memory[251][7]  
    my_rom/memory[222][0]  
    my_rom/memory[222][1]  
    my_rom/memory[222][2]  
    my_rom/memory[222][3]  
    my_rom/memory[222][4]  
    my_rom/memory[222][5]  
    my_rom/memory[222][6]  
    my_rom/memory[222][7]  
    my_rom/memory[219][0]  
    my_rom/memory[219][1]  
    my_rom/memory[219][2]  
    my_rom/memory[219][3]  
    my_rom/memory[219][4]  
    my_rom/memory[219][5]  
    my_rom/memory[219][6]  
    my_rom/memory[219][7]  
    my_rom/memory[376][0]  
    my_rom/memory[376][1]  
    my_rom/memory[376][2]  
    my_rom/memory[376][3]  
    my_rom/memory[376][4]  
    my_rom/memory[376][5]  
    my_rom/memory[376][6]  
    my_rom/memory[376][7]  
    my_rom/memory[175][0]  
    my_rom/memory[175][1]  
    my_rom/memory[175][2]  
    my_rom/memory[175][3]  
    my_rom/memory[175][4]  
    my_rom/memory[175][5]  
    my_rom/memory[175][6]  
    my_rom/memory[175][7]  
    my_rom/memory[446][0]  
    my_rom/memory[446][1]  
    my_rom/memory[446][2]  
    my_rom/memory[446][3]  
    my_rom/memory[446][4]  
    my_rom/memory[446][5]  
    my_rom/memory[446][6]  
    my_rom/memory[446][7]  
    my_rom/memory[443][0]  
    my_rom/memory[443][1]  
    my_rom/memory[443][2]  
    my_rom/memory[443][3]  
    my_rom/memory[443][4]  
    my_rom/memory[443][5]  
    my_rom/memory[443][6]  
    my_rom/memory[443][7]  
    my_rom/memory[406][0]  
    my_rom/memory[406][1]  
    my_rom/memory[406][2]  
    my_rom/memory[406][3]  
    my_rom/memory[406][4]  
    my_rom/memory[406][5]  
    my_rom/memory[406][6]  
    my_rom/memory[406][7]  
    my_rom/memory[403][0]  
    my_rom/memory[403][1]  
    my_rom/memory[403][2]  
    my_rom/memory[403][3]  
    my_rom/memory[403][4]  
    my_rom/memory[403][5]  
    my_rom/memory[403][6]  
    my_rom/memory[403][7]  
    my_rom/memory[430][0]  
    my_rom/memory[430][1]  
    my_rom/memory[430][2]  
    my_rom/memory[430][3]  
    my_rom/memory[430][4]  
    my_rom/memory[430][5]  
    my_rom/memory[430][6]  
    my_rom/memory[430][7]  
    my_rom/memory[427][0]  
    my_rom/memory[427][1]  
    my_rom/memory[427][2]  
    my_rom/memory[427][3]  
    my_rom/memory[427][4]  
    my_rom/memory[427][5]  
    my_rom/memory[427][6]  
    my_rom/memory[427][7]  
    my_rom/memory[358][0]  
    my_rom/memory[358][1]  
    my_rom/memory[358][2]  
    my_rom/memory[358][3]  
    my_rom/memory[358][4]  
    my_rom/memory[358][5]  
    my_rom/memory[358][6]  
    my_rom/memory[358][7]  
    my_rom/memory[355][0]  
    my_rom/memory[355][1]  
    my_rom/memory[355][2]  
    my_rom/memory[355][3]  
    my_rom/memory[355][4]  
    my_rom/memory[355][5]  
    my_rom/memory[355][6]  
    my_rom/memory[355][7]  
    my_rom/memory[382][0]  
    my_rom/memory[382][1]  
    my_rom/memory[382][2]  
    my_rom/memory[382][3]  
    my_rom/memory[382][4]  
    my_rom/memory[382][5]  
    my_rom/memory[382][6]  
    my_rom/memory[382][7]  
    my_rom/memory[379][0]  
    my_rom/memory[379][1]  
    my_rom/memory[379][2]  
    my_rom/memory[379][3]  
    my_rom/memory[379][4]  
    my_rom/memory[379][5]  
    my_rom/memory[379][6]  
    my_rom/memory[379][7]  
    my_rom/memory[342][0]  
    my_rom/memory[342][1]  
    my_rom/memory[342][2]  
    my_rom/memory[342][3]  
    my_rom/memory[342][4]  
    my_rom/memory[342][5]  
    my_rom/memory[342][6]  
    my_rom/memory[342][7]  
    my_rom/memory[339][0]  
    my_rom/memory[339][1]  
    my_rom/memory[339][2]  
    my_rom/memory[339][3]  
    my_rom/memory[339][4]  
    my_rom/memory[339][5]  
    my_rom/memory[339][6]  
    my_rom/memory[339][7]  
    my_rom/memory[366][0]  
    my_rom/memory[366][1]  
    my_rom/memory[366][2]  
    my_rom/memory[366][3]  
    my_rom/memory[366][4]  
    my_rom/memory[366][5]  
    my_rom/memory[366][6]  
    my_rom/memory[366][7]  
    my_rom/memory[363][0]  
    my_rom/memory[363][1]  
    my_rom/memory[363][2]  
    my_rom/memory[363][3]  
    my_rom/memory[363][4]  
    my_rom/memory[363][5]  
    my_rom/memory[363][6]  
    my_rom/memory[363][7]  
    my_rom/memory[48][0]  
    my_rom/memory[48][1]  
    my_rom/memory[48][2]  
    my_rom/memory[48][3]  
    my_rom/memory[48][4]  
    my_rom/memory[48][5]  
    my_rom/memory[48][6]  
    my_rom/memory[48][7]  
    my_rom/memory[167][0]  
    my_rom/memory[167][1]  
    my_rom/memory[167][2]  
    my_rom/memory[167][3]  
    my_rom/memory[167][4]  
    my_rom/memory[167][5]  
    my_rom/memory[167][6]  
    my_rom/memory[167][7]  
    my_rom/memory[164][0]  
    my_rom/memory[164][1]  
    my_rom/memory[164][2]  
    my_rom/memory[164][3]  
    my_rom/memory[164][4]  
    my_rom/memory[164][5]  
    my_rom/memory[164][6]  
    my_rom/memory[164][7]  
    my_rom/memory[158][0]  
    my_rom/memory[158][1]  
    my_rom/memory[158][2]  
    my_rom/memory[158][3]  
    my_rom/memory[158][4]  
    my_rom/memory[158][5]  
    my_rom/memory[158][6]  
    my_rom/memory[158][7]  
    my_rom/memory[155][0]  
    my_rom/memory[155][1]  
    my_rom/memory[155][2]  
    my_rom/memory[155][3]  
    my_rom/memory[155][4]  
    my_rom/memory[155][5]  
    my_rom/memory[155][6]  
    my_rom/memory[155][7]  
    my_rom/memory[150][0]  
    my_rom/memory[150][1]  
    my_rom/memory[150][2]  
    my_rom/memory[150][3]  
    my_rom/memory[150][4]  
    my_rom/memory[150][5]  
    my_rom/memory[150][6]  
    my_rom/memory[150][7]  
    my_rom/memory[174][0]  
    my_rom/memory[174][1]  
    my_rom/memory[174][2]  
    my_rom/memory[174][3]  
    my_rom/memory[174][4]  
    my_rom/memory[174][5]  
    my_rom/memory[174][6]  
    my_rom/memory[174][7]  
    my_rom/memory[171][0]  
    my_rom/memory[171][1]  
    my_rom/memory[171][2]  
    my_rom/memory[171][3]  
    my_rom/memory[171][4]  
    my_rom/memory[171][5]  
    my_rom/memory[171][6]  
    my_rom/memory[171][7]  
    my_rom/memory[310][0]  
    my_rom/memory[310][1]  
    my_rom/memory[310][2]  
    my_rom/memory[310][3]  
    my_rom/memory[310][4]  
    my_rom/memory[310][5]  
    my_rom/memory[310][6]  
    my_rom/memory[310][7]  
    my_rom/memory[307][0]  
    my_rom/memory[307][1]  
    my_rom/memory[307][2]  
    my_rom/memory[307][3]  
    my_rom/memory[307][4]  
    my_rom/memory[307][5]  
    my_rom/memory[307][6]  
    my_rom/memory[307][7]  
    my_rom/memory[318][0]  
    my_rom/memory[318][1]  
    my_rom/memory[318][2]  
    my_rom/memory[318][3]  
    my_rom/memory[318][4]  
    my_rom/memory[318][5]  
    my_rom/memory[318][6]  
    my_rom/memory[318][7]  
    my_rom/memory[315][0]  
    my_rom/memory[315][1]  
    my_rom/memory[315][2]  
    my_rom/memory[315][3]  
    my_rom/memory[315][4]  
    my_rom/memory[315][5]  
    my_rom/memory[315][6]  
    my_rom/memory[315][7]  
    my_rom/memory[183][0]  
    my_rom/memory[183][1]  
    my_rom/memory[183][2]  
    my_rom/memory[183][3]  
    my_rom/memory[183][4]  
    my_rom/memory[183][5]  
    my_rom/memory[183][6]  
    my_rom/memory[183][7]  
    my_rom/memory[390][0]  
    my_rom/memory[390][1]  
    my_rom/memory[390][2]  
    my_rom/memory[390][3]  
    my_rom/memory[390][4]  
    my_rom/memory[390][5]  
    my_rom/memory[390][6]  
    my_rom/memory[390][7]  
    my_rom/memory[387][0]  
    my_rom/memory[387][1]  
    my_rom/memory[387][2]  
    my_rom/memory[387][3]  
    my_rom/memory[387][4]  
    my_rom/memory[387][5]  
    my_rom/memory[387][6]  
    my_rom/memory[387][7]  
    my_rom/memory[207][0]  
    my_rom/memory[207][1]  
    my_rom/memory[207][2]  
    my_rom/memory[207][3]  
    my_rom/memory[207][4]  
    my_rom/memory[207][5]  
    my_rom/memory[207][6]  
    my_rom/memory[207][7]  
    my_rom/memory[204][0]  
    my_rom/memory[204][1]  
    my_rom/memory[204][2]  
    my_rom/memory[204][3]  
    my_rom/memory[204][4]  
    my_rom/memory[204][5]  
    my_rom/memory[204][6]  
    my_rom/memory[204][7]  
    my_rom/memory[6][0]  
    my_rom/memory[6][1]  
    my_rom/memory[6][2]  
    my_rom/memory[6][3]  
    my_rom/memory[6][4]  
    my_rom/memory[6][5]  
    my_rom/memory[6][6]  
    my_rom/memory[6][7]  
    my_rom/memory[3][0]  
    my_rom/memory[3][1]  
    my_rom/memory[3][2]  
    my_rom/memory[3][3]  
    my_rom/memory[3][4]  
    my_rom/memory[3][5]  
    my_rom/memory[3][6]  
    my_rom/memory[3][7]  
    my_rom/memory[295][0]  
    my_rom/memory[295][1]  
    my_rom/memory[295][2]  
    my_rom/memory[295][3]  
    my_rom/memory[295][4]  
    my_rom/memory[295][5]  
    my_rom/memory[295][6]  
    my_rom/memory[295][7]  
    my_rom/memory[292][0]  
    my_rom/memory[292][1]  
    my_rom/memory[292][2]  
    my_rom/memory[292][3]  
    my_rom/memory[292][4]  
    my_rom/memory[292][5]  
    my_rom/memory[292][6]  
    my_rom/memory[292][7]  
    my_rom/memory[81][0]  
    my_rom/memory[81][1]  
    my_rom/memory[81][2]  
    my_rom/memory[81][3]  
    my_rom/memory[81][4]  
    my_rom/memory[81][5]  
    my_rom/memory[81][6]  
    my_rom/memory[81][7]  
    my_rom/memory[80][0]  
    my_rom/memory[80][1]  
    my_rom/memory[80][2]  
    my_rom/memory[80][3]  
    my_rom/memory[80][4]  
    my_rom/memory[80][5]  
    my_rom/memory[80][6]  
    my_rom/memory[80][7]  
    my_rom/memory[263][0]  
    my_rom/memory[263][1]  
    my_rom/memory[263][2]  
    my_rom/memory[263][3]  
    my_rom/memory[263][4]  
    my_rom/memory[263][5]  
    my_rom/memory[263][6]  
    my_rom/memory[263][7]  
    my_rom/memory[260][0]  
    my_rom/memory[260][1]  
    my_rom/memory[260][2]  
    my_rom/memory[260][3]  
    my_rom/memory[260][4]  
    my_rom/memory[260][5]  
    my_rom/memory[260][6]  
    my_rom/memory[260][7]  
    my_rom/memory[262][0]  
    my_rom/memory[262][1]  
    my_rom/memory[262][2]  
    my_rom/memory[262][3]  
    my_rom/memory[262][4]  
    my_rom/memory[262][5]  
    my_rom/memory[262][6]  
    my_rom/memory[262][7]  
    my_rom/memory[259][0]  
    my_rom/memory[259][1]  
    my_rom/memory[259][2]  
    my_rom/memory[259][3]  
    my_rom/memory[259][4]  
    my_rom/memory[259][5]  
    my_rom/memory[259][6]  
    my_rom/memory[259][7]  
    my_rom/memory[261][0]  
    my_rom/memory[261][1]  
    my_rom/memory[261][2]  
    my_rom/memory[261][3]  
    my_rom/memory[261][4]  
    my_rom/memory[261][5]  
    my_rom/memory[261][6]  
    my_rom/memory[261][7]  
    my_rom/memory[258][0]  
    my_rom/memory[258][1]  
    my_rom/memory[258][2]  
    my_rom/memory[258][3]  
    my_rom/memory[258][4]  
    my_rom/memory[258][5]  
    my_rom/memory[258][6]  
    my_rom/memory[258][7]  
    my_rom/memory[294][0]  
    my_rom/memory[294][1]  
    my_rom/memory[294][2]  
    my_rom/memory[294][3]  
    my_rom/memory[294][4]  
    my_rom/memory[294][5]  
    my_rom/memory[294][6]  
    my_rom/memory[294][7]  
    my_rom/memory[291][0]  
    my_rom/memory[291][1]  
    my_rom/memory[291][2]  
    my_rom/memory[291][3]  
    my_rom/memory[291][4]  
    my_rom/memory[291][5]  
    my_rom/memory[291][6]  
    my_rom/memory[291][7]  
    my_rom/memory[293][0]  
    my_rom/memory[293][1]  
    my_rom/memory[293][2]  
    my_rom/memory[293][3]  
    my_rom/memory[293][4]  
    my_rom/memory[293][5]  
    my_rom/memory[293][6]  
    my_rom/memory[293][7]  
    my_rom/memory[290][0]  
    my_rom/memory[290][1]  
    my_rom/memory[290][2]  
    my_rom/memory[290][3]  
    my_rom/memory[290][4]  
    my_rom/memory[290][5]  
    my_rom/memory[290][6]  
    my_rom/memory[290][7]  
    my_rom/memory[270][0]  
    my_rom/memory[270][1]  
    my_rom/memory[270][2]  
    my_rom/memory[270][3]  
    my_rom/memory[270][4]  
    my_rom/memory[270][5]  
    my_rom/memory[270][6]  
    my_rom/memory[270][7]  
    my_rom/memory[267][0]  
    my_rom/memory[267][1]  
    my_rom/memory[267][2]  
    my_rom/memory[267][3]  
    my_rom/memory[267][4]  
    my_rom/memory[267][5]  
    my_rom/memory[267][6]  
    my_rom/memory[267][7]  
    my_rom/memory[286][0]  
    my_rom/memory[286][1]  
    my_rom/memory[286][2]  
    my_rom/memory[286][3]  
    my_rom/memory[286][4]  
    my_rom/memory[286][5]  
    my_rom/memory[286][6]  
    my_rom/memory[286][7]  
    my_rom/memory[283][0]  
    my_rom/memory[283][1]  
    my_rom/memory[283][2]  
    my_rom/memory[283][3]  
    my_rom/memory[283][4]  
    my_rom/memory[283][5]  
    my_rom/memory[283][6]  
    my_rom/memory[283][7]  
    my_rom/memory[278][0]  
    my_rom/memory[278][1]  
    my_rom/memory[278][2]  
    my_rom/memory[278][3]  
    my_rom/memory[278][4]  
    my_rom/memory[278][5]  
    my_rom/memory[278][6]  
    my_rom/memory[278][7]  
    my_rom/memory[275][0]  
    my_rom/memory[275][1]  
    my_rom/memory[275][2]  
    my_rom/memory[275][3]  
    my_rom/memory[275][4]  
    my_rom/memory[275][5]  
    my_rom/memory[275][6]  
    my_rom/memory[275][7]  
    my_rom/memory[302][0]  
    my_rom/memory[302][1]  
    my_rom/memory[302][2]  
    my_rom/memory[302][3]  
    my_rom/memory[302][4]  
    my_rom/memory[302][5]  
    my_rom/memory[302][6]  
    my_rom/memory[302][7]  
    my_rom/memory[299][0]  
    my_rom/memory[299][1]  
    my_rom/memory[299][2]  
    my_rom/memory[299][3]  
    my_rom/memory[299][4]  
    my_rom/memory[299][5]  
    my_rom/memory[299][6]  
    my_rom/memory[299][7]  
    my_rom/memory[309][0]  
    my_rom/memory[309][1]  
    my_rom/memory[309][2]  
    my_rom/memory[309][3]  
    my_rom/memory[309][4]  
    my_rom/memory[309][5]  
    my_rom/memory[309][6]  
    my_rom/memory[309][7]  
    my_rom/memory[306][0]  
    my_rom/memory[306][1]  
    my_rom/memory[306][2]  
    my_rom/memory[306][3]  
    my_rom/memory[306][4]  
    my_rom/memory[306][5]  
    my_rom/memory[306][6]  
    my_rom/memory[306][7]  
    my_rom/memory[311][0]  
    my_rom/memory[311][1]  
    my_rom/memory[311][2]  
    my_rom/memory[311][3]  
    my_rom/memory[311][4]  
    my_rom/memory[311][5]  
    my_rom/memory[311][6]  
    my_rom/memory[311][7]  
    my_rom/memory[308][0]  
    my_rom/memory[308][1]  
    my_rom/memory[308][2]  
    my_rom/memory[308][3]  
    my_rom/memory[308][4]  
    my_rom/memory[308][5]  
    my_rom/memory[308][6]  
    my_rom/memory[308][7]  
    my_rom/memory[269][0]  
    my_rom/memory[269][1]  
    my_rom/memory[269][2]  
    my_rom/memory[269][3]  
    my_rom/memory[269][4]  
    my_rom/memory[269][5]  
    my_rom/memory[269][6]  
    my_rom/memory[269][7]  
    my_rom/memory[266][0]  
    my_rom/memory[266][1]  
    my_rom/memory[266][2]  
    my_rom/memory[266][3]  
    my_rom/memory[266][4]  
    my_rom/memory[266][5]  
    my_rom/memory[266][6]  
    my_rom/memory[266][7]  
    my_rom/memory[317][0]  
    my_rom/memory[317][1]  
    my_rom/memory[317][2]  
    my_rom/memory[317][3]  
    my_rom/memory[317][4]  
    my_rom/memory[317][5]  
    my_rom/memory[317][6]  
    my_rom/memory[317][7]  
    my_rom/memory[314][0]  
    my_rom/memory[314][1]  
    my_rom/memory[314][2]  
    my_rom/memory[314][3]  
    my_rom/memory[314][4]  
    my_rom/memory[314][5]  
    my_rom/memory[314][6]  
    my_rom/memory[314][7]  
    my_rom/memory[319][0]  
    my_rom/memory[319][1]  
    my_rom/memory[319][2]  
    my_rom/memory[319][3]  
    my_rom/memory[319][4]  
    my_rom/memory[319][5]  
    my_rom/memory[319][6]  
    my_rom/memory[319][7]  
    my_rom/memory[316][0]  
    my_rom/memory[316][1]  
    my_rom/memory[316][2]  
    my_rom/memory[316][3]  
    my_rom/memory[316][4]  
    my_rom/memory[316][5]  
    my_rom/memory[316][6]  
    my_rom/memory[316][7]  
    my_rom/memory[271][0]  
    my_rom/memory[271][1]  
    my_rom/memory[271][2]  
    my_rom/memory[271][3]  
    my_rom/memory[271][4]  
    my_rom/memory[271][5]  
    my_rom/memory[271][6]  
    my_rom/memory[271][7]  
    my_rom/memory[268][0]  
    my_rom/memory[268][1]  
    my_rom/memory[268][2]  
    my_rom/memory[268][3]  
    my_rom/memory[268][4]  
    my_rom/memory[268][5]  
    my_rom/memory[268][6]  
    my_rom/memory[268][7]  
    my_rom/memory[64][0]  
    my_rom/memory[64][1]  
    my_rom/memory[64][2]  
    my_rom/memory[64][3]  
    my_rom/memory[64][4]  
    my_rom/memory[64][5]  
    my_rom/memory[64][6]  
    my_rom/memory[64][7]  
    my_rom/memory[285][0]  
    my_rom/memory[285][1]  
    my_rom/memory[285][2]  
    my_rom/memory[285][3]  
    my_rom/memory[285][4]  
    my_rom/memory[285][5]  
    my_rom/memory[285][6]  
    my_rom/memory[285][7]  
    my_rom/memory[282][0]  
    my_rom/memory[282][1]  
    my_rom/memory[282][2]  
    my_rom/memory[282][3]  
    my_rom/memory[282][4]  
    my_rom/memory[282][5]  
    my_rom/memory[282][6]  
    my_rom/memory[282][7]  
    my_rom/memory[111][0]  
    my_rom/memory[111][1]  
    my_rom/memory[111][2]  
    my_rom/memory[111][3]  
    my_rom/memory[111][4]  
    my_rom/memory[111][5]  
    my_rom/memory[111][6]  
    my_rom/memory[111][7]  
    my_rom/memory[108][0]  
    my_rom/memory[108][1]  
    my_rom/memory[108][2]  
    my_rom/memory[108][3]  
    my_rom/memory[108][4]  
    my_rom/memory[108][5]  
    my_rom/memory[108][6]  
    my_rom/memory[108][7]  
    my_rom/memory[287][0]  
    my_rom/memory[287][1]  
    my_rom/memory[287][2]  
    my_rom/memory[287][3]  
    my_rom/memory[287][4]  
    my_rom/memory[287][5]  
    my_rom/memory[287][6]  
    my_rom/memory[287][7]  
    my_rom/memory[284][0]  
    my_rom/memory[284][1]  
    my_rom/memory[284][2]  
    my_rom/memory[284][3]  
    my_rom/memory[284][4]  
    my_rom/memory[284][5]  
    my_rom/memory[284][6]  
    my_rom/memory[284][7]  
    my_rom/memory[277][0]  
    my_rom/memory[277][1]  
    my_rom/memory[277][2]  
    my_rom/memory[277][3]  
    my_rom/memory[277][4]  
    my_rom/memory[277][5]  
    my_rom/memory[277][6]  
    my_rom/memory[277][7]  
    my_rom/memory[274][0]  
    my_rom/memory[274][1]  
    my_rom/memory[274][2]  
    my_rom/memory[274][3]  
    my_rom/memory[274][4]  
    my_rom/memory[274][5]  
    my_rom/memory[274][6]  
    my_rom/memory[274][7]  
    my_rom/memory[116][0]  
    my_rom/memory[116][1]  
    my_rom/memory[116][2]  
    my_rom/memory[116][3]  
    my_rom/memory[116][4]  
    my_rom/memory[116][5]  
    my_rom/memory[116][6]  
    my_rom/memory[116][7]  
    my_rom/memory[127][0]  
    my_rom/memory[127][1]  
    my_rom/memory[127][2]  
    my_rom/memory[127][3]  
    my_rom/memory[127][4]  
    my_rom/memory[127][5]  
    my_rom/memory[127][6]  
    my_rom/memory[127][7]  
    my_rom/memory[124][0]  
    my_rom/memory[124][1]  
    my_rom/memory[124][2]  
    my_rom/memory[124][3]  
    my_rom/memory[124][4]  
    my_rom/memory[124][5]  
    my_rom/memory[124][6]  
    my_rom/memory[124][7]  
    my_rom/memory[279][0]  
    my_rom/memory[279][1]  
    my_rom/memory[279][2]  
    my_rom/memory[279][3]  
    my_rom/memory[279][4]  
    my_rom/memory[279][5]  
    my_rom/memory[279][6]  
    my_rom/memory[279][7]  
    my_rom/memory[276][0]  
    my_rom/memory[276][1]  
    my_rom/memory[276][2]  
    my_rom/memory[276][3]  
    my_rom/memory[276][4]  
    my_rom/memory[276][5]  
    my_rom/memory[276][6]  
    my_rom/memory[276][7]  
    my_rom/memory[23][0]  
    my_rom/memory[23][1]  
    my_rom/memory[23][2]  
    my_rom/memory[23][3]  
    my_rom/memory[23][4]  
    my_rom/memory[23][5]  
    my_rom/memory[23][6]  
    my_rom/memory[23][7]  
    my_rom/memory[20][0]  
    my_rom/memory[20][1]  
    my_rom/memory[20][2]  
    my_rom/memory[20][3]  
    my_rom/memory[20][4]  
    my_rom/memory[20][5]  
    my_rom/memory[20][6]  
    my_rom/memory[20][7]  
    my_rom/memory[301][0]  
    my_rom/memory[301][1]  
    my_rom/memory[301][2]  
    my_rom/memory[301][3]  
    my_rom/memory[301][4]  
    my_rom/memory[301][5]  
    my_rom/memory[301][6]  
    my_rom/memory[301][7]  
    my_rom/memory[298][0]  
    my_rom/memory[298][1]  
    my_rom/memory[298][2]  
    my_rom/memory[298][3]  
    my_rom/memory[298][4]  
    my_rom/memory[298][5]  
    my_rom/memory[298][6]  
    my_rom/memory[298][7]  
    my_rom/memory[232][0]  
    my_rom/memory[232][1]  
    my_rom/memory[232][2]  
    my_rom/memory[232][3]  
    my_rom/memory[232][4]  
    my_rom/memory[232][5]  
    my_rom/memory[232][6]  
    my_rom/memory[232][7]  
    my_rom/memory[303][0]  
    my_rom/memory[303][1]  
    my_rom/memory[303][2]  
    my_rom/memory[303][3]  
    my_rom/memory[303][4]  
    my_rom/memory[303][5]  
    my_rom/memory[303][6]  
    my_rom/memory[303][7]  
    my_rom/memory[300][0]  
    my_rom/memory[300][1]  
    my_rom/memory[300][2]  
    my_rom/memory[300][3]  
    my_rom/memory[300][4]  
    my_rom/memory[300][5]  
    my_rom/memory[300][6]  
    my_rom/memory[300][7]  
    my_rom/memory[246][0]  
    my_rom/memory[246][1]  
    my_rom/memory[246][2]  
    my_rom/memory[246][3]  
    my_rom/memory[246][4]  
    my_rom/memory[246][5]  
    my_rom/memory[246][6]  
    my_rom/memory[246][7]  
    my_rom/memory[243][0]  
    my_rom/memory[243][1]  
    my_rom/memory[243][2]  
    my_rom/memory[243][3]  
    my_rom/memory[243][4]  
    my_rom/memory[243][5]  
    my_rom/memory[243][6]  
    my_rom/memory[243][7]  
    my_rom/memory[389][0]  
    my_rom/memory[389][1]  
    my_rom/memory[389][2]  
    my_rom/memory[389][3]  
    my_rom/memory[389][4]  
    my_rom/memory[389][5]  
    my_rom/memory[389][6]  
    my_rom/memory[389][7]  
    my_rom/memory[386][0]  
    my_rom/memory[386][1]  
    my_rom/memory[386][2]  
    my_rom/memory[386][3]  
    my_rom/memory[386][4]  
    my_rom/memory[386][5]  
    my_rom/memory[386][6]  
    my_rom/memory[386][7]  
    my_rom/memory[391][0]  
    my_rom/memory[391][1]  
    my_rom/memory[391][2]  
    my_rom/memory[391][3]  
    my_rom/memory[391][4]  
    my_rom/memory[391][5]  
    my_rom/memory[391][6]  
    my_rom/memory[391][7]  
    my_rom/memory[388][0]  
    my_rom/memory[388][1]  
    my_rom/memory[388][2]  
    my_rom/memory[388][3]  
    my_rom/memory[388][4]  
    my_rom/memory[388][5]  
    my_rom/memory[388][6]  
    my_rom/memory[388][7]  
    my_rom/memory[421][0]  
    my_rom/memory[421][1]  
    my_rom/memory[421][2]  
    my_rom/memory[421][3]  
    my_rom/memory[421][4]  
    my_rom/memory[421][5]  
    my_rom/memory[421][6]  
    my_rom/memory[421][7]  
    my_rom/memory[418][0]  
    my_rom/memory[418][1]  
    my_rom/memory[418][2]  
    my_rom/memory[418][3]  
    my_rom/memory[418][4]  
    my_rom/memory[418][5]  
    my_rom/memory[418][6]  
    my_rom/memory[418][7]  
    my_rom/memory[423][0]  
    my_rom/memory[423][1]  
    my_rom/memory[423][2]  
    my_rom/memory[423][3]  
    my_rom/memory[423][4]  
    my_rom/memory[423][5]  
    my_rom/memory[423][6]  
    my_rom/memory[423][7]  
    my_rom/memory[420][0]  
    my_rom/memory[420][1]  
    my_rom/memory[420][2]  
    my_rom/memory[420][3]  
    my_rom/memory[420][4]  
    my_rom/memory[420][5]  
    my_rom/memory[420][6]  
    my_rom/memory[420][7]  
    my_rom/memory[113][0]  
    my_rom/memory[113][1]  
    my_rom/memory[113][2]  
    my_rom/memory[113][3]  
    my_rom/memory[113][4]  
    my_rom/memory[113][5]  
    my_rom/memory[113][6]  
    my_rom/memory[113][7]  
    my_rom/memory[112][0]  
    my_rom/memory[112][1]  
    my_rom/memory[112][2]  
    my_rom/memory[112][3]  
    my_rom/memory[112][4]  
    my_rom/memory[112][5]  
    my_rom/memory[112][6]  
    my_rom/memory[112][7]  
    my_rom/memory[437][0]  
    my_rom/memory[437][1]  
    my_rom/memory[437][2]  
    my_rom/memory[437][3]  
    my_rom/memory[437][4]  
    my_rom/memory[437][5]  
    my_rom/memory[437][6]  
    my_rom/memory[437][7]  
    my_rom/memory[434][0]  
    my_rom/memory[434][1]  
    my_rom/memory[434][2]  
    my_rom/memory[434][3]  
    my_rom/memory[434][4]  
    my_rom/memory[434][5]  
    my_rom/memory[434][6]  
    my_rom/memory[434][7]  
    my_rom/memory[439][0]  
    my_rom/memory[439][1]  
    my_rom/memory[439][2]  
    my_rom/memory[439][3]  
    my_rom/memory[439][4]  
    my_rom/memory[439][5]  
    my_rom/memory[439][6]  
    my_rom/memory[439][7]  
    my_rom/memory[436][0]  
    my_rom/memory[436][1]  
    my_rom/memory[436][2]  
    my_rom/memory[436][3]  
    my_rom/memory[436][4]  
    my_rom/memory[436][5]  
    my_rom/memory[436][6]  
    my_rom/memory[436][7]  
    my_rom/memory[445][0]  
    my_rom/memory[445][1]  
    my_rom/memory[445][2]  
    my_rom/memory[445][3]  
    my_rom/memory[445][4]  
    my_rom/memory[445][5]  
    my_rom/memory[445][6]  
    my_rom/memory[445][7]  
    my_rom/memory[442][0]  
    my_rom/memory[442][1]  
    my_rom/memory[442][2]  
    my_rom/memory[442][3]  
    my_rom/memory[442][4]  
    my_rom/memory[442][5]  
    my_rom/memory[442][6]  
    my_rom/memory[442][7]  
    my_rom/memory[447][0]  
    my_rom/memory[447][1]  
    my_rom/memory[447][2]  
    my_rom/memory[447][3]  
    my_rom/memory[447][4]  
    my_rom/memory[447][5]  
    my_rom/memory[447][6]  
    my_rom/memory[447][7]  
    my_rom/memory[444][0]  
    my_rom/memory[444][1]  
    my_rom/memory[444][2]  
    my_rom/memory[444][3]  
    my_rom/memory[444][4]  
    my_rom/memory[444][5]  
    my_rom/memory[444][6]  
    my_rom/memory[444][7]  
    my_rom/memory[397][0]  
    my_rom/memory[397][1]  
    my_rom/memory[397][2]  
    my_rom/memory[397][3]  
    my_rom/memory[397][4]  
    my_rom/memory[397][5]  
    my_rom/memory[397][6]  
    my_rom/memory[397][7]  
    my_rom/memory[394][0]  
    my_rom/memory[394][1]  
    my_rom/memory[394][2]  
    my_rom/memory[394][3]  
    my_rom/memory[394][4]  
    my_rom/memory[394][5]  
    my_rom/memory[394][6]  
    my_rom/memory[394][7]  
    my_rom/memory[399][0]  
    my_rom/memory[399][1]  
    my_rom/memory[399][2]  
    my_rom/memory[399][3]  
    my_rom/memory[399][4]  
    my_rom/memory[399][5]  
    my_rom/memory[399][6]  
    my_rom/memory[399][7]  
    my_rom/memory[396][0]  
    my_rom/memory[396][1]  
    my_rom/memory[396][2]  
    my_rom/memory[396][3]  
    my_rom/memory[396][4]  
    my_rom/memory[396][5]  
    my_rom/memory[396][6]  
    my_rom/memory[396][7]  
    my_rom/memory[130][0]  
    my_rom/memory[130][1]  
    my_rom/memory[130][2]  
    my_rom/memory[130][3]  
    my_rom/memory[130][4]  
    my_rom/memory[130][5]  
    my_rom/memory[130][6]  
    my_rom/memory[130][7]  
    my_rom/memory[134][0]  
    my_rom/memory[134][1]  
    my_rom/memory[134][2]  
    my_rom/memory[134][3]  
    my_rom/memory[134][4]  
    my_rom/memory[134][5]  
    my_rom/memory[134][6]  
    my_rom/memory[134][7]  
    my_rom/memory[413][0]  
    my_rom/memory[413][1]  
    my_rom/memory[413][2]  
    my_rom/memory[413][3]  
    my_rom/memory[413][4]  
    my_rom/memory[413][5]  
    my_rom/memory[413][6]  
    my_rom/memory[413][7]  
    my_rom/memory[410][0]  
    my_rom/memory[410][1]  
    my_rom/memory[410][2]  
    my_rom/memory[410][3]  
    my_rom/memory[410][4]  
    my_rom/memory[410][5]  
    my_rom/memory[410][6]  
    my_rom/memory[410][7]  
    my_rom/memory[182][0]  
    my_rom/memory[182][1]  
    my_rom/memory[182][2]  
    my_rom/memory[182][3]  
    my_rom/memory[182][4]  
    my_rom/memory[182][5]  
    my_rom/memory[182][6]  
    my_rom/memory[182][7]  
    my_rom/memory[179][0]  
    my_rom/memory[179][1]  
    my_rom/memory[179][2]  
    my_rom/memory[179][3]  
    my_rom/memory[179][4]  
    my_rom/memory[179][5]  
    my_rom/memory[179][6]  
    my_rom/memory[179][7]  
    my_rom/memory[190][0]  
    my_rom/memory[190][1]  
    my_rom/memory[190][2]  
    my_rom/memory[190][3]  
    my_rom/memory[190][4]  
    my_rom/memory[190][5]  
    my_rom/memory[190][6]  
    my_rom/memory[190][7]  
    my_rom/memory[187][0]  
    my_rom/memory[187][1]  
    my_rom/memory[187][2]  
    my_rom/memory[187][3]  
    my_rom/memory[187][4]  
    my_rom/memory[187][5]  
    my_rom/memory[187][6]  
    my_rom/memory[187][7]  
    my_rom/memory[415][0]  
    my_rom/memory[415][1]  
    my_rom/memory[415][2]  
    my_rom/memory[415][3]  
    my_rom/memory[415][4]  
    my_rom/memory[415][5]  
    my_rom/memory[415][6]  
    my_rom/memory[415][7]  
    my_rom/memory[412][0]  
    my_rom/memory[412][1]  
    my_rom/memory[412][2]  
    my_rom/memory[412][3]  
    my_rom/memory[412][4]  
    my_rom/memory[412][5]  
    my_rom/memory[412][6]  
    my_rom/memory[412][7]  
    my_rom/memory[142][0]  
    my_rom/memory[142][1]  
    my_rom/memory[142][2]  
    my_rom/memory[142][3]  
    my_rom/memory[142][4]  
    my_rom/memory[142][5]  
    my_rom/memory[142][6]  
    my_rom/memory[142][7]  
    my_rom/memory[139][0]  
    my_rom/memory[139][1]  
    my_rom/memory[139][2]  
    my_rom/memory[139][3]  
    my_rom/memory[139][4]  
    my_rom/memory[139][5]  
    my_rom/memory[139][6]  
    my_rom/memory[139][7]  
    my_rom/memory[152][0]  
    my_rom/memory[152][1]  
    my_rom/memory[152][2]  
    my_rom/memory[152][3]  
    my_rom/memory[152][4]  
    my_rom/memory[152][5]  
    my_rom/memory[152][6]  
    my_rom/memory[152][7]  
    my_rom/memory[151][0]  
    my_rom/memory[151][1]  
    my_rom/memory[151][2]  
    my_rom/memory[151][3]  
    my_rom/memory[151][4]  
    my_rom/memory[151][5]  
    my_rom/memory[151][6]  
    my_rom/memory[151][7]  
    my_rom/memory[148][0]  
    my_rom/memory[148][1]  
    my_rom/memory[148][2]  
    my_rom/memory[148][3]  
    my_rom/memory[148][4]  
    my_rom/memory[148][5]  
    my_rom/memory[148][6]  
    my_rom/memory[148][7]  
    my_rom/memory[405][0]  
    my_rom/memory[405][1]  
    my_rom/memory[405][2]  
    my_rom/memory[405][3]  
    my_rom/memory[405][4]  
    my_rom/memory[405][5]  
    my_rom/memory[405][6]  
    my_rom/memory[405][7]  
    my_rom/memory[402][0]  
    my_rom/memory[402][1]  
    my_rom/memory[402][2]  
    my_rom/memory[402][3]  
    my_rom/memory[402][4]  
    my_rom/memory[402][5]  
    my_rom/memory[402][6]  
    my_rom/memory[402][7]  
    my_rom/memory[147][0]  
    my_rom/memory[147][1]  
    my_rom/memory[147][2]  
    my_rom/memory[147][3]  
    my_rom/memory[147][4]  
    my_rom/memory[147][5]  
    my_rom/memory[147][6]  
    my_rom/memory[147][7]  
    my_rom/memory[172][0]  
    my_rom/memory[172][1]  
    my_rom/memory[172][2]  
    my_rom/memory[172][3]  
    my_rom/memory[172][4]  
    my_rom/memory[172][5]  
    my_rom/memory[172][6]  
    my_rom/memory[172][7]  
    my_rom/memory[168][0]  
    my_rom/memory[168][1]  
    my_rom/memory[168][2]  
    my_rom/memory[168][3]  
    my_rom/memory[168][4]  
    my_rom/memory[168][5]  
    my_rom/memory[168][6]  
    my_rom/memory[168][7]  
    my_rom/memory[173][0]  
    my_rom/memory[173][1]  
    my_rom/memory[173][2]  
    my_rom/memory[173][3]  
    my_rom/memory[173][4]  
    my_rom/memory[173][5]  
    my_rom/memory[173][6]  
    my_rom/memory[173][7]  
    my_rom/memory[170][0]  
    my_rom/memory[170][1]  
    my_rom/memory[170][2]  
    my_rom/memory[170][3]  
    my_rom/memory[170][4]  
    my_rom/memory[170][5]  
    my_rom/memory[170][6]  
    my_rom/memory[170][7]  
    my_rom/memory[407][0]  
    my_rom/memory[407][1]  
    my_rom/memory[407][2]  
    my_rom/memory[407][3]  
    my_rom/memory[407][4]  
    my_rom/memory[407][5]  
    my_rom/memory[407][6]  
    my_rom/memory[407][7]  
    my_rom/memory[404][0]  
    my_rom/memory[404][1]  
    my_rom/memory[404][2]  
    my_rom/memory[404][3]  
    my_rom/memory[404][4]  
    my_rom/memory[404][5]  
    my_rom/memory[404][6]  
    my_rom/memory[404][7]  
    my_rom/memory[461][0]  
    my_rom/memory[461][1]  
    my_rom/memory[461][2]  
    my_rom/memory[461][3]  
    my_rom/memory[461][4]  
    my_rom/memory[461][5]  
    my_rom/memory[461][6]  
    my_rom/memory[461][7]  
    my_rom/memory[458][0]  
    my_rom/memory[458][1]  
    my_rom/memory[458][2]  
    my_rom/memory[458][3]  
    my_rom/memory[458][4]  
    my_rom/memory[458][5]  
    my_rom/memory[458][6]  
    my_rom/memory[458][7]  
    my_rom/memory[454][0]  
    my_rom/memory[454][1]  
    my_rom/memory[454][2]  
    my_rom/memory[454][3]  
    my_rom/memory[454][4]  
    my_rom/memory[454][5]  
    my_rom/memory[454][6]  
    my_rom/memory[454][7]  
    my_rom/memory[451][0]  
    my_rom/memory[451][1]  
    my_rom/memory[451][2]  
    my_rom/memory[451][3]  
    my_rom/memory[451][4]  
    my_rom/memory[451][5]  
    my_rom/memory[451][6]  
    my_rom/memory[451][7]  
    my_rom/memory[453][0]  
    my_rom/memory[453][1]  
    my_rom/memory[453][2]  
    my_rom/memory[453][3]  
    my_rom/memory[453][4]  
    my_rom/memory[453][5]  
    my_rom/memory[453][6]  
    my_rom/memory[453][7]  
    my_rom/memory[450][0]  
    my_rom/memory[450][1]  
    my_rom/memory[450][2]  
    my_rom/memory[450][3]  
    my_rom/memory[450][4]  
    my_rom/memory[450][5]  
    my_rom/memory[450][6]  
    my_rom/memory[450][7]  
    my_rom/memory[463][0]  
    my_rom/memory[463][1]  
    my_rom/memory[463][2]  
    my_rom/memory[463][3]  
    my_rom/memory[463][4]  
    my_rom/memory[463][5]  
    my_rom/memory[463][6]  
    my_rom/memory[463][7]  
    my_rom/memory[460][0]  
    my_rom/memory[460][1]  
    my_rom/memory[460][2]  
    my_rom/memory[460][3]  
    my_rom/memory[460][4]  
    my_rom/memory[460][5]  
    my_rom/memory[460][6]  
    my_rom/memory[460][7]  
    my_rom/memory[431][0]  
    my_rom/memory[431][1]  
    my_rom/memory[431][2]  
    my_rom/memory[431][3]  
    my_rom/memory[431][4]  
    my_rom/memory[431][5]  
    my_rom/memory[431][6]  
    my_rom/memory[431][7]  
    my_rom/memory[428][0]  
    my_rom/memory[428][1]  
    my_rom/memory[428][2]  
    my_rom/memory[428][3]  
    my_rom/memory[428][4]  
    my_rom/memory[428][5]  
    my_rom/memory[428][6]  
    my_rom/memory[428][7]  
    my_rom/memory[0][0]  
    my_rom/memory[0][1]  
    my_rom/memory[0][2]  
    my_rom/memory[0][3]  
    my_rom/memory[0][4]  
    my_rom/memory[0][5]  
    my_rom/memory[0][6]  
    my_rom/memory[0][7]  
    my_rom/memory[5][0]  
    my_rom/memory[5][1]  
    my_rom/memory[5][2]  
    my_rom/memory[5][3]  
    my_rom/memory[5][4]  
    my_rom/memory[5][5]  
    my_rom/memory[5][6]  
    my_rom/memory[5][7]  
    my_rom/memory[2][0]  
    my_rom/memory[2][1]  
    my_rom/memory[2][2]  
    my_rom/memory[2][3]  
    my_rom/memory[2][4]  
    my_rom/memory[2][5]  
    my_rom/memory[2][6]  
    my_rom/memory[2][7]  
    my_rom/memory[7][0]  
    my_rom/memory[7][1]  
    my_rom/memory[7][2]  
    my_rom/memory[7][3]  
    my_rom/memory[7][4]  
    my_rom/memory[7][5]  
    my_rom/memory[7][6]  
    my_rom/memory[7][7]  
    my_rom/memory[4][0]  
    my_rom/memory[4][1]  
    my_rom/memory[4][2]  
    my_rom/memory[4][3]  
    my_rom/memory[4][4]  
    my_rom/memory[4][5]  
    my_rom/memory[4][6]  
    my_rom/memory[4][7]  
    my_rom/memory[38][0]  
    my_rom/memory[38][1]  
    my_rom/memory[38][2]  
    my_rom/memory[38][3]  
    my_rom/memory[38][4]  
    my_rom/memory[38][5]  
    my_rom/memory[38][6]  
    my_rom/memory[38][7]  
    my_rom/memory[35][0]  
    my_rom/memory[35][1]  
    my_rom/memory[35][2]  
    my_rom/memory[35][3]  
    my_rom/memory[35][4]  
    my_rom/memory[35][5]  
    my_rom/memory[35][6]  
    my_rom/memory[35][7]  
    my_rom/memory[37][0]  
    my_rom/memory[37][1]  
    my_rom/memory[37][2]  
    my_rom/memory[37][3]  
    my_rom/memory[37][4]  
    my_rom/memory[37][5]  
    my_rom/memory[37][6]  
    my_rom/memory[37][7]  
    my_rom/memory[34][0]  
    my_rom/memory[34][1]  
    my_rom/memory[34][2]  
    my_rom/memory[34][3]  
    my_rom/memory[34][4]  
    my_rom/memory[34][5]  
    my_rom/memory[34][6]  
    my_rom/memory[34][7]  
    my_rom/memory[39][0]  
    my_rom/memory[39][1]  
    my_rom/memory[39][2]  
    my_rom/memory[39][3]  
    my_rom/memory[39][4]  
    my_rom/memory[39][5]  
    my_rom/memory[39][6]  
    my_rom/memory[39][7]  
    my_rom/memory[36][0]  
    my_rom/memory[36][1]  
    my_rom/memory[36][2]  
    my_rom/memory[36][3]  
    my_rom/memory[36][4]  
    my_rom/memory[36][5]  
    my_rom/memory[36][6]  
    my_rom/memory[36][7]  
    my_rom/memory[14][0]  
    my_rom/memory[14][1]  
    my_rom/memory[14][2]  
    my_rom/memory[14][3]  
    my_rom/memory[14][4]  
    my_rom/memory[14][5]  
    my_rom/memory[14][6]  
    my_rom/memory[14][7]  
    my_rom/memory[11][0]  
    my_rom/memory[11][1]  
    my_rom/memory[11][2]  
    my_rom/memory[11][3]  
    my_rom/memory[11][4]  
    my_rom/memory[11][5]  
    my_rom/memory[11][6]  
    my_rom/memory[11][7]  
    my_rom/memory[13][0]  
    my_rom/memory[13][1]  
    my_rom/memory[13][2]  
    my_rom/memory[13][3]  
    my_rom/memory[13][4]  
    my_rom/memory[13][5]  
    my_rom/memory[13][6]  
    my_rom/memory[13][7]  
    my_rom/memory[10][0]  
    my_rom/memory[10][1]  
    my_rom/memory[10][2]  
    my_rom/memory[10][3]  
    my_rom/memory[10][4]  
    my_rom/memory[10][5]  
    my_rom/memory[10][6]  
    my_rom/memory[10][7]  
    my_rom/memory[30][0]  
    my_rom/memory[30][1]  
    my_rom/memory[30][2]  
    my_rom/memory[30][3]  
    my_rom/memory[30][4]  
    my_rom/memory[30][5]  
    my_rom/memory[30][6]  
    my_rom/memory[30][7]  
    my_rom/memory[27][0]  
    my_rom/memory[27][1]  
    my_rom/memory[27][2]  
    my_rom/memory[27][3]  
    my_rom/memory[27][4]  
    my_rom/memory[27][5]  
    my_rom/memory[27][6]  
    my_rom/memory[27][7]  
    my_rom/memory[70][0]  
    my_rom/memory[70][1]  
    my_rom/memory[70][2]  
    my_rom/memory[70][3]  
    my_rom/memory[70][4]  
    my_rom/memory[70][5]  
    my_rom/memory[70][6]  
    my_rom/memory[70][7]  
    my_rom/memory[15][0]  
    my_rom/memory[15][1]  
    my_rom/memory[15][2]  
    my_rom/memory[15][3]  
    my_rom/memory[15][4]  
    my_rom/memory[15][5]  
    my_rom/memory[15][6]  
    my_rom/memory[15][7]  
    my_rom/memory[12][0]  
    my_rom/memory[12][1]  
    my_rom/memory[12][2]  
    my_rom/memory[12][3]  
    my_rom/memory[12][4]  
    my_rom/memory[12][5]  
    my_rom/memory[12][6]  
    my_rom/memory[12][7]  
    my_rom/memory[29][0]  
    my_rom/memory[29][1]  
    my_rom/memory[29][2]  
    my_rom/memory[29][3]  
    my_rom/memory[29][4]  
    my_rom/memory[29][5]  
    my_rom/memory[29][6]  
    my_rom/memory[29][7]  
    my_rom/memory[26][0]  
    my_rom/memory[26][1]  
    my_rom/memory[26][2]  
    my_rom/memory[26][3]  
    my_rom/memory[26][4]  
    my_rom/memory[26][5]  
    my_rom/memory[26][6]  
    my_rom/memory[26][7]  
    my_rom/memory[46][0]  
    my_rom/memory[46][1]  
    my_rom/memory[46][2]  
    my_rom/memory[46][3]  
    my_rom/memory[46][4]  
    my_rom/memory[46][5]  
    my_rom/memory[46][6]  
    my_rom/memory[46][7]  
    my_rom/memory[43][0]  
    my_rom/memory[43][1]  
    my_rom/memory[43][2]  
    my_rom/memory[43][3]  
    my_rom/memory[43][4]  
    my_rom/memory[43][5]  
    my_rom/memory[43][6]  
    my_rom/memory[43][7]  
    my_rom/memory[31][0]  
    my_rom/memory[31][1]  
    my_rom/memory[31][2]  
    my_rom/memory[31][3]  
    my_rom/memory[31][4]  
    my_rom/memory[31][5]  
    my_rom/memory[31][6]  
    my_rom/memory[31][7]  
    my_rom/memory[28][0]  
    my_rom/memory[28][1]  
    my_rom/memory[28][2]  
    my_rom/memory[28][3]  
    my_rom/memory[28][4]  
    my_rom/memory[28][5]  
    my_rom/memory[28][6]  
    my_rom/memory[28][7]  
    my_rom/memory[22][0]  
    my_rom/memory[22][1]  
    my_rom/memory[22][2]  
    my_rom/memory[22][3]  
    my_rom/memory[22][4]  
    my_rom/memory[22][5]  
    my_rom/memory[22][6]  
    my_rom/memory[22][7]  
    my_rom/memory[19][0]  
    my_rom/memory[19][1]  
    my_rom/memory[19][2]  
    my_rom/memory[19][3]  
    my_rom/memory[19][4]  
    my_rom/memory[19][5]  
    my_rom/memory[19][6]  
    my_rom/memory[19][7]  
    my_rom/memory[63][0]  
    my_rom/memory[63][1]  
    my_rom/memory[63][2]  
    my_rom/memory[63][3]  
    my_rom/memory[63][4]  
    my_rom/memory[63][5]  
    my_rom/memory[63][6]  
    my_rom/memory[63][7]  
    my_rom/memory[60][0]  
    my_rom/memory[60][1]  
    my_rom/memory[60][2]  
    my_rom/memory[60][3]  
    my_rom/memory[60][4]  
    my_rom/memory[60][5]  
    my_rom/memory[60][6]  
    my_rom/memory[60][7]  
    my_rom/memory[21][0]  
    my_rom/memory[21][1]  
    my_rom/memory[21][2]  
    my_rom/memory[21][3]  
    my_rom/memory[21][4]  
    my_rom/memory[21][5]  
    my_rom/memory[21][6]  
    my_rom/memory[21][7]  
    my_rom/memory[18][0]  
    my_rom/memory[18][1]  
    my_rom/memory[18][2]  
    my_rom/memory[18][3]  
    my_rom/memory[18][4]  
    my_rom/memory[18][5]  
    my_rom/memory[18][6]  
    my_rom/memory[18][7]  
    my_rom/memory[54][0]  
    my_rom/memory[54][1]  
    my_rom/memory[54][2]  
    my_rom/memory[54][3]  
    my_rom/memory[54][4]  
    my_rom/memory[54][5]  
    my_rom/memory[54][6]  
    my_rom/memory[54][7]  
    my_rom/memory[51][0]  
    my_rom/memory[51][1]  
    my_rom/memory[51][2]  
    my_rom/memory[51][3]  
    my_rom/memory[51][4]  
    my_rom/memory[51][5]  
    my_rom/memory[51][6]  
    my_rom/memory[51][7]  
    my_rom/memory[326][0]  
    my_rom/memory[326][1]  
    my_rom/memory[326][2]  
    my_rom/memory[326][3]  
    my_rom/memory[326][4]  
    my_rom/memory[326][5]  
    my_rom/memory[326][6]  
    my_rom/memory[326][7]  
    my_rom/memory[323][0]  
    my_rom/memory[323][1]  
    my_rom/memory[323][2]  
    my_rom/memory[323][3]  
    my_rom/memory[323][4]  
    my_rom/memory[323][5]  
    my_rom/memory[323][6]  
    my_rom/memory[323][7]  
    my_rom/memory[325][0]  
    my_rom/memory[325][1]  
    my_rom/memory[325][2]  
    my_rom/memory[325][3]  
    my_rom/memory[325][4]  
    my_rom/memory[325][5]  
    my_rom/memory[325][6]  
    my_rom/memory[325][7]  
    my_rom/memory[322][0]  
    my_rom/memory[322][1]  
    my_rom/memory[322][2]  
    my_rom/memory[322][3]  
    my_rom/memory[322][4]  
    my_rom/memory[322][5]  
    my_rom/memory[322][6]  
    my_rom/memory[322][7]  
    my_rom/memory[45][0]  
    my_rom/memory[45][1]  
    my_rom/memory[45][2]  
    my_rom/memory[45][3]  
    my_rom/memory[45][4]  
    my_rom/memory[45][5]  
    my_rom/memory[45][6]  
    my_rom/memory[45][7]  
    my_rom/memory[42][0]  
    my_rom/memory[42][1]  
    my_rom/memory[42][2]  
    my_rom/memory[42][3]  
    my_rom/memory[42][4]  
    my_rom/memory[42][5]  
    my_rom/memory[42][6]  
    my_rom/memory[42][7]  
    my_rom/memory[357][0]  
    my_rom/memory[357][1]  
    my_rom/memory[357][2]  
    my_rom/memory[357][3]  
    my_rom/memory[357][4]  
    my_rom/memory[357][5]  
    my_rom/memory[357][6]  
    my_rom/memory[357][7]  
    my_rom/memory[354][0]  
    my_rom/memory[354][1]  
    my_rom/memory[354][2]  
    my_rom/memory[354][3]  
    my_rom/memory[354][4]  
    my_rom/memory[354][5]  
    my_rom/memory[354][6]  
    my_rom/memory[354][7]  
    my_rom/memory[47][0]  
    my_rom/memory[47][1]  
    my_rom/memory[47][2]  
    my_rom/memory[47][3]  
    my_rom/memory[47][4]  
    my_rom/memory[47][5]  
    my_rom/memory[47][6]  
    my_rom/memory[47][7]  
    my_rom/memory[44][0]  
    my_rom/memory[44][1]  
    my_rom/memory[44][2]  
    my_rom/memory[44][3]  
    my_rom/memory[44][4]  
    my_rom/memory[44][5]  
    my_rom/memory[44][6]  
    my_rom/memory[44][7]  
    my_rom/memory[359][0]  
    my_rom/memory[359][1]  
    my_rom/memory[359][2]  
    my_rom/memory[359][3]  
    my_rom/memory[359][4]  
    my_rom/memory[359][5]  
    my_rom/memory[359][6]  
    my_rom/memory[359][7]  
    my_rom/memory[356][0]  
    my_rom/memory[356][1]  
    my_rom/memory[356][2]  
    my_rom/memory[356][3]  
    my_rom/memory[356][4]  
    my_rom/memory[356][5]  
    my_rom/memory[356][6]  
    my_rom/memory[356][7]  
    my_rom/memory[55][0]  
    my_rom/memory[55][1]  
    my_rom/memory[55][2]  
    my_rom/memory[55][3]  
    my_rom/memory[55][4]  
    my_rom/memory[55][5]  
    my_rom/memory[55][6]  
    my_rom/memory[55][7]  
    my_rom/memory[52][0]  
    my_rom/memory[52][1]  
    my_rom/memory[52][2]  
    my_rom/memory[52][3]  
    my_rom/memory[52][4]  
    my_rom/memory[52][5]  
    my_rom/memory[52][6]  
    my_rom/memory[52][7]  
    my_rom/memory[334][0]  
    my_rom/memory[334][1]  
    my_rom/memory[334][2]  
    my_rom/memory[334][3]  
    my_rom/memory[334][4]  
    my_rom/memory[334][5]  
    my_rom/memory[334][6]  
    my_rom/memory[334][7]  
    my_rom/memory[331][0]  
    my_rom/memory[331][1]  
    my_rom/memory[331][2]  
    my_rom/memory[331][3]  
    my_rom/memory[331][4]  
    my_rom/memory[331][5]  
    my_rom/memory[331][6]  
    my_rom/memory[331][7]  
    my_rom/memory[61][0]  
    my_rom/memory[61][1]  
    my_rom/memory[61][2]  
    my_rom/memory[61][3]  
    my_rom/memory[61][4]  
    my_rom/memory[61][5]  
    my_rom/memory[61][6]  
    my_rom/memory[61][7]  
    my_rom/memory[58][0]  
    my_rom/memory[58][1]  
    my_rom/memory[58][2]  
    my_rom/memory[58][3]  
    my_rom/memory[58][4]  
    my_rom/memory[58][5]  
    my_rom/memory[58][6]  
    my_rom/memory[58][7]  
    my_rom/memory[374][0]  
    my_rom/memory[374][1]  
    my_rom/memory[374][2]  
    my_rom/memory[374][3]  
    my_rom/memory[374][4]  
    my_rom/memory[374][5]  
    my_rom/memory[374][6]  
    my_rom/memory[374][7]  
    my_rom/memory[371][0]  
    my_rom/memory[371][1]  
    my_rom/memory[371][2]  
    my_rom/memory[371][3]  
    my_rom/memory[371][4]  
    my_rom/memory[371][5]  
    my_rom/memory[371][6]  
    my_rom/memory[371][7]  
    my_rom/memory[373][0]  
    my_rom/memory[373][1]  
    my_rom/memory[373][2]  
    my_rom/memory[373][3]  
    my_rom/memory[373][4]  
    my_rom/memory[373][5]  
    my_rom/memory[373][6]  
    my_rom/memory[373][7]  
    my_rom/memory[370][0]  
    my_rom/memory[370][1]  
    my_rom/memory[370][2]  
    my_rom/memory[370][3]  
    my_rom/memory[370][4]  
    my_rom/memory[370][5]  
    my_rom/memory[370][6]  
    my_rom/memory[370][7]  
    my_rom/memory[66][0]  
    my_rom/memory[66][1]  
    my_rom/memory[66][2]  
    my_rom/memory[66][3]  
    my_rom/memory[66][4]  
    my_rom/memory[66][5]  
    my_rom/memory[66][6]  
    my_rom/memory[66][7]  
    my_rom/memory[381][0]  
    my_rom/memory[381][1]  
    my_rom/memory[381][2]  
    my_rom/memory[381][3]  
    my_rom/memory[381][4]  
    my_rom/memory[381][5]  
    my_rom/memory[381][6]  
    my_rom/memory[381][7]  
    my_rom/memory[378][0]  
    my_rom/memory[378][1]  
    my_rom/memory[378][2]  
    my_rom/memory[378][3]  
    my_rom/memory[378][4]  
    my_rom/memory[378][5]  
    my_rom/memory[378][6]  
    my_rom/memory[378][7]  
    my_rom/memory[383][0]  
    my_rom/memory[383][1]  
    my_rom/memory[383][2]  
    my_rom/memory[383][3]  
    my_rom/memory[383][4]  
    my_rom/memory[383][5]  
    my_rom/memory[383][6]  
    my_rom/memory[383][7]  
    my_rom/memory[380][0]  
    my_rom/memory[380][1]  
    my_rom/memory[380][2]  
    my_rom/memory[380][3]  
    my_rom/memory[380][4]  
    my_rom/memory[380][5]  
    my_rom/memory[380][6]  
    my_rom/memory[380][7]  
    my_rom/memory[333][0]  
    my_rom/memory[333][1]  
    my_rom/memory[333][2]  
    my_rom/memory[333][3]  
    my_rom/memory[333][4]  
    my_rom/memory[333][5]  
    my_rom/memory[333][6]  
    my_rom/memory[333][7]  
    my_rom/memory[330][0]  
    my_rom/memory[330][1]  
    my_rom/memory[330][2]  
    my_rom/memory[330][3]  
    my_rom/memory[330][4]  
    my_rom/memory[330][5]  
    my_rom/memory[330][6]  
    my_rom/memory[330][7]  
    my_rom/memory[71][0]  
    my_rom/memory[71][1]  
    my_rom/memory[71][2]  
    my_rom/memory[71][3]  
    my_rom/memory[71][4]  
    my_rom/memory[71][5]  
    my_rom/memory[71][6]  
    my_rom/memory[71][7]  
    my_rom/memory[68][0]  
    my_rom/memory[68][1]  
    my_rom/memory[68][2]  
    my_rom/memory[68][3]  
    my_rom/memory[68][4]  
    my_rom/memory[68][5]  
    my_rom/memory[68][6]  
    my_rom/memory[68][7]  
    my_rom/memory[67][0]  
    my_rom/memory[67][1]  
    my_rom/memory[67][2]  
    my_rom/memory[67][3]  
    my_rom/memory[67][4]  
    my_rom/memory[67][5]  
    my_rom/memory[67][6]  
    my_rom/memory[67][7]  
    my_rom/memory[69][0]  
    my_rom/memory[69][1]  
    my_rom/memory[69][2]  
    my_rom/memory[69][3]  
    my_rom/memory[69][4]  
    my_rom/memory[69][5]  
    my_rom/memory[69][6]  
    my_rom/memory[69][7]  
    my_rom/memory[102][0]  
    my_rom/memory[102][1]  
    my_rom/memory[102][2]  
    my_rom/memory[102][3]  
    my_rom/memory[102][4]  
    my_rom/memory[102][5]  
    my_rom/memory[102][6]  
    my_rom/memory[102][7]  
    my_rom/memory[99][0]  
    my_rom/memory[99][1]  
    my_rom/memory[99][2]  
    my_rom/memory[99][3]  
    my_rom/memory[99][4]  
    my_rom/memory[99][5]  
    my_rom/memory[99][6]  
    my_rom/memory[99][7]  
    my_rom/memory[101][0]  
    my_rom/memory[101][1]  
    my_rom/memory[101][2]  
    my_rom/memory[101][3]  
    my_rom/memory[101][4]  
    my_rom/memory[101][5]  
    my_rom/memory[101][6]  
    my_rom/memory[101][7]  
    my_rom/memory[98][0]  
    my_rom/memory[98][1]  
    my_rom/memory[98][2]  
    my_rom/memory[98][3]  
    my_rom/memory[98][4]  
    my_rom/memory[98][5]  
    my_rom/memory[98][6]  
    my_rom/memory[98][7]  
    my_rom/memory[103][0]  
    my_rom/memory[103][1]  
    my_rom/memory[103][2]  
    my_rom/memory[103][3]  
    my_rom/memory[103][4]  
    my_rom/memory[103][5]  
    my_rom/memory[103][6]  
    my_rom/memory[103][7]  
    my_rom/memory[100][0]  
    my_rom/memory[100][1]  
    my_rom/memory[100][2]  
    my_rom/memory[100][3]  
    my_rom/memory[100][4]  
    my_rom/memory[100][5]  
    my_rom/memory[100][6]  
    my_rom/memory[100][7]  
    my_rom/memory[78][0]  
    my_rom/memory[78][1]  
    my_rom/memory[78][2]  
    my_rom/memory[78][3]  
    my_rom/memory[78][4]  
    my_rom/memory[78][5]  
    my_rom/memory[78][6]  
    my_rom/memory[78][7]  
    my_rom/memory[75][0]  
    my_rom/memory[75][1]  
    my_rom/memory[75][2]  
    my_rom/memory[75][3]  
    my_rom/memory[75][4]  
    my_rom/memory[75][5]  
    my_rom/memory[75][6]  
    my_rom/memory[75][7]  
    my_rom/memory[119][0]  
    my_rom/memory[119][1]  
    my_rom/memory[119][2]  
    my_rom/memory[119][3]  
    my_rom/memory[119][4]  
    my_rom/memory[119][5]  
    my_rom/memory[119][6]  
    my_rom/memory[119][7]  
    my_rom/memory[86][0]  
    my_rom/memory[86][1]  
    my_rom/memory[86][2]  
    my_rom/memory[86][3]  
    my_rom/memory[86][4]  
    my_rom/memory[86][5]  
    my_rom/memory[86][6]  
    my_rom/memory[86][7]  
    my_rom/memory[83][0]  
    my_rom/memory[83][1]  
    my_rom/memory[83][2]  
    my_rom/memory[83][3]  
    my_rom/memory[83][4]  
    my_rom/memory[83][5]  
    my_rom/memory[83][6]  
    my_rom/memory[83][7]  
    my_rom/memory[429][0]  
    my_rom/memory[429][1]  
    my_rom/memory[429][2]  
    my_rom/memory[429][3]  
    my_rom/memory[429][4]  
    my_rom/memory[429][5]  
    my_rom/memory[429][6]  
    my_rom/memory[429][7]  
    my_rom/memory[426][0]  
    my_rom/memory[426][1]  
    my_rom/memory[426][2]  
    my_rom/memory[426][3]  
    my_rom/memory[426][4]  
    my_rom/memory[426][5]  
    my_rom/memory[426][6]  
    my_rom/memory[426][7]  
    my_rom/memory[350][0]  
    my_rom/memory[350][1]  
    my_rom/memory[350][2]  
    my_rom/memory[350][3]  
    my_rom/memory[350][4]  
    my_rom/memory[350][5]  
    my_rom/memory[350][6]  
    my_rom/memory[350][7]  
    my_rom/memory[347][0]  
    my_rom/memory[347][1]  
    my_rom/memory[347][2]  
    my_rom/memory[347][3]  
    my_rom/memory[347][4]  
    my_rom/memory[347][5]  
    my_rom/memory[347][6]  
    my_rom/memory[347][7]  
    my_rom/memory[94][0]  
    my_rom/memory[94][1]  
    my_rom/memory[94][2]  
    my_rom/memory[94][3]  
    my_rom/memory[94][4]  
    my_rom/memory[94][5]  
    my_rom/memory[94][6]  
    my_rom/memory[94][7]  
    my_rom/memory[91][0]  
    my_rom/memory[91][1]  
    my_rom/memory[91][2]  
    my_rom/memory[91][3]  
    my_rom/memory[91][4]  
    my_rom/memory[91][5]  
    my_rom/memory[91][6]  
    my_rom/memory[91][7]  
    my_rom/memory[77][0]  
    my_rom/memory[77][1]  
    my_rom/memory[77][2]  
    my_rom/memory[77][3]  
    my_rom/memory[77][4]  
    my_rom/memory[77][5]  
    my_rom/memory[77][6]  
    my_rom/memory[77][7]  
    my_rom/memory[74][0]  
    my_rom/memory[74][1]  
    my_rom/memory[74][2]  
    my_rom/memory[74][3]  
    my_rom/memory[74][4]  
    my_rom/memory[74][5]  
    my_rom/memory[74][6]  
    my_rom/memory[74][7]  
    my_rom/memory[85][0]  
    my_rom/memory[85][1]  
    my_rom/memory[85][2]  
    my_rom/memory[85][3]  
    my_rom/memory[85][4]  
    my_rom/memory[85][5]  
    my_rom/memory[85][6]  
    my_rom/memory[85][7]  
    my_rom/memory[82][0]  
    my_rom/memory[82][1]  
    my_rom/memory[82][2]  
    my_rom/memory[82][3]  
    my_rom/memory[82][4]  
    my_rom/memory[82][5]  
    my_rom/memory[82][6]  
    my_rom/memory[82][7]  
    my_rom/memory[87][0]  
    my_rom/memory[87][1]  
    my_rom/memory[87][2]  
    my_rom/memory[87][3]  
    my_rom/memory[87][4]  
    my_rom/memory[87][5]  
    my_rom/memory[87][6]  
    my_rom/memory[87][7]  
    my_rom/memory[84][0]  
    my_rom/memory[84][1]  
    my_rom/memory[84][2]  
    my_rom/memory[84][3]  
    my_rom/memory[84][4]  
    my_rom/memory[84][5]  
    my_rom/memory[84][6]  
    my_rom/memory[84][7]  
    my_rom/memory[110][0]  
    my_rom/memory[110][1]  
    my_rom/memory[110][2]  
    my_rom/memory[110][3]  
    my_rom/memory[110][4]  
    my_rom/memory[110][5]  
    my_rom/memory[110][6]  
    my_rom/memory[110][7]  
    my_rom/memory[107][0]  
    my_rom/memory[107][1]  
    my_rom/memory[107][2]  
    my_rom/memory[107][3]  
    my_rom/memory[107][4]  
    my_rom/memory[107][5]  
    my_rom/memory[107][6]  
    my_rom/memory[107][7]  
    my_rom/memory[349][0]  
    my_rom/memory[349][1]  
    my_rom/memory[349][2]  
    my_rom/memory[349][3]  
    my_rom/memory[349][4]  
    my_rom/memory[349][5]  
    my_rom/memory[349][6]  
    my_rom/memory[349][7]  
    my_rom/memory[346][0]  
    my_rom/memory[346][1]  
    my_rom/memory[346][2]  
    my_rom/memory[346][3]  
    my_rom/memory[346][4]  
    my_rom/memory[346][5]  
    my_rom/memory[346][6]  
    my_rom/memory[346][7]  
    my_rom/memory[109][0]  
    my_rom/memory[109][1]  
    my_rom/memory[109][2]  
    my_rom/memory[109][3]  
    my_rom/memory[109][4]  
    my_rom/memory[109][5]  
    my_rom/memory[109][6]  
    my_rom/memory[109][7]  
    my_rom/memory[106][0]  
    my_rom/memory[106][1]  
    my_rom/memory[106][2]  
    my_rom/memory[106][3]  
    my_rom/memory[106][4]  
    my_rom/memory[106][5]  
    my_rom/memory[106][6]  
    my_rom/memory[106][7]  
    my_rom/memory[79][0]  
    my_rom/memory[79][1]  
    my_rom/memory[79][2]  
    my_rom/memory[79][3]  
    my_rom/memory[79][4]  
    my_rom/memory[79][5]  
    my_rom/memory[79][6]  
    my_rom/memory[79][7]  
    my_rom/memory[76][0]  
    my_rom/memory[76][1]  
    my_rom/memory[76][2]  
    my_rom/memory[76][3]  
    my_rom/memory[76][4]  
    my_rom/memory[76][5]  
    my_rom/memory[76][6]  
    my_rom/memory[76][7]  
    my_rom/memory[197][0]  
    my_rom/memory[197][1]  
    my_rom/memory[197][2]  
    my_rom/memory[197][3]  
    my_rom/memory[197][4]  
    my_rom/memory[197][5]  
    my_rom/memory[197][6]  
    my_rom/memory[197][7]  
    my_rom/memory[194][0]  
    my_rom/memory[194][1]  
    my_rom/memory[194][2]  
    my_rom/memory[194][3]  
    my_rom/memory[194][4]  
    my_rom/memory[194][5]  
    my_rom/memory[194][6]  
    my_rom/memory[194][7]  
    my_rom/memory[199][0]  
    my_rom/memory[199][1]  
    my_rom/memory[199][2]  
    my_rom/memory[199][3]  
    my_rom/memory[199][4]  
    my_rom/memory[199][5]  
    my_rom/memory[199][6]  
    my_rom/memory[199][7]  
    my_rom/memory[196][0]  
    my_rom/memory[196][1]  
    my_rom/memory[196][2]  
    my_rom/memory[196][3]  
    my_rom/memory[196][4]  
    my_rom/memory[196][5]  
    my_rom/memory[196][6]  
    my_rom/memory[196][7]  
    my_rom/memory[93][0]  
    my_rom/memory[93][1]  
    my_rom/memory[93][2]  
    my_rom/memory[93][3]  
    my_rom/memory[93][4]  
    my_rom/memory[93][5]  
    my_rom/memory[93][6]  
    my_rom/memory[93][7]  
    my_rom/memory[90][0]  
    my_rom/memory[90][1]  
    my_rom/memory[90][2]  
    my_rom/memory[90][3]  
    my_rom/memory[90][4]  
    my_rom/memory[90][5]  
    my_rom/memory[90][6]  
    my_rom/memory[90][7]  
    my_rom/memory[53][0]  
    my_rom/memory[53][1]  
    my_rom/memory[53][2]  
    my_rom/memory[53][3]  
    my_rom/memory[53][4]  
    my_rom/memory[53][5]  
    my_rom/memory[53][6]  
    my_rom/memory[53][7]  
    my_rom/memory[50][0]  
    my_rom/memory[50][1]  
    my_rom/memory[50][2]  
    my_rom/memory[50][3]  
    my_rom/memory[50][4]  
    my_rom/memory[50][5]  
    my_rom/memory[50][6]  
    my_rom/memory[50][7]  
    my_rom/memory[229][0]  
    my_rom/memory[229][1]  
    my_rom/memory[229][2]  
    my_rom/memory[229][3]  
    my_rom/memory[229][4]  
    my_rom/memory[229][5]  
    my_rom/memory[229][6]  
    my_rom/memory[229][7]  
    my_rom/memory[226][0]  
    my_rom/memory[226][1]  
    my_rom/memory[226][2]  
    my_rom/memory[226][3]  
    my_rom/memory[226][4]  
    my_rom/memory[226][5]  
    my_rom/memory[226][6]  
    my_rom/memory[226][7]  
    my_rom/memory[95][0]  
    my_rom/memory[95][1]  
    my_rom/memory[95][2]  
    my_rom/memory[95][3]  
    my_rom/memory[95][4]  
    my_rom/memory[95][5]  
    my_rom/memory[95][6]  
    my_rom/memory[95][7]  
    my_rom/memory[92][0]  
    my_rom/memory[92][1]  
    my_rom/memory[92][2]  
    my_rom/memory[92][3]  
    my_rom/memory[92][4]  
    my_rom/memory[92][5]  
    my_rom/memory[92][6]  
    my_rom/memory[92][7]  
    my_rom/memory[231][0]  
    my_rom/memory[231][1]  
    my_rom/memory[231][2]  
    my_rom/memory[231][3]  
    my_rom/memory[231][4]  
    my_rom/memory[231][5]  
    my_rom/memory[231][6]  
    my_rom/memory[231][7]  
    my_rom/memory[228][0]  
    my_rom/memory[228][1]  
    my_rom/memory[228][2]  
    my_rom/memory[228][3]  
    my_rom/memory[228][4]  
    my_rom/memory[228][5]  
    my_rom/memory[228][6]  
    my_rom/memory[228][7]  
    my_rom/memory[206][0]  
    my_rom/memory[206][1]  
    my_rom/memory[206][2]  
    my_rom/memory[206][3]  
    my_rom/memory[206][4]  
    my_rom/memory[206][5]  
    my_rom/memory[206][6]  
    my_rom/memory[206][7]  
    my_rom/memory[203][0]  
    my_rom/memory[203][1]  
    my_rom/memory[203][2]  
    my_rom/memory[203][3]  
    my_rom/memory[203][4]  
    my_rom/memory[203][5]  
    my_rom/memory[203][6]  
    my_rom/memory[203][7]  
    my_rom/memory[205][0]  
    my_rom/memory[205][1]  
    my_rom/memory[205][2]  
    my_rom/memory[205][3]  
    my_rom/memory[205][4]  
    my_rom/memory[205][5]  
    my_rom/memory[205][6]  
    my_rom/memory[205][7]  
    my_rom/memory[202][0]  
    my_rom/memory[202][1]  
    my_rom/memory[202][2]  
    my_rom/memory[202][3]  
    my_rom/memory[202][4]  
    my_rom/memory[202][5]  
    my_rom/memory[202][6]  
    my_rom/memory[202][7]  
    my_rom/memory[118][0]  
    my_rom/memory[118][1]  
    my_rom/memory[118][2]  
    my_rom/memory[118][3]  
    my_rom/memory[118][4]  
    my_rom/memory[118][5]  
    my_rom/memory[118][6]  
    my_rom/memory[118][7]  
    my_rom/memory[115][0]  
    my_rom/memory[115][1]  
    my_rom/memory[115][2]  
    my_rom/memory[115][3]  
    my_rom/memory[115][4]  
    my_rom/memory[115][5]  
    my_rom/memory[115][6]  
    my_rom/memory[115][7]  
    my_rom/memory[341][0]  
    my_rom/memory[341][1]  
    my_rom/memory[341][2]  
    my_rom/memory[341][3]  
    my_rom/memory[341][4]  
    my_rom/memory[341][5]  
    my_rom/memory[341][6]  
    my_rom/memory[341][7]  
    my_rom/memory[338][0]  
    my_rom/memory[338][1]  
    my_rom/memory[338][2]  
    my_rom/memory[338][3]  
    my_rom/memory[338][4]  
    my_rom/memory[338][5]  
    my_rom/memory[338][6]  
    my_rom/memory[338][7]  
    my_rom/memory[221][0]  
    my_rom/memory[221][1]  
    my_rom/memory[221][2]  
    my_rom/memory[221][3]  
    my_rom/memory[221][4]  
    my_rom/memory[221][5]  
    my_rom/memory[221][6]  
    my_rom/memory[221][7]  
    my_rom/memory[218][0]  
    my_rom/memory[218][1]  
    my_rom/memory[218][2]  
    my_rom/memory[218][3]  
    my_rom/memory[218][4]  
    my_rom/memory[218][5]  
    my_rom/memory[218][6]  
    my_rom/memory[218][7]  
    my_rom/memory[117][0]  
    my_rom/memory[117][1]  
    my_rom/memory[117][2]  
    my_rom/memory[117][3]  
    my_rom/memory[117][4]  
    my_rom/memory[117][5]  
    my_rom/memory[117][6]  
    my_rom/memory[117][7]  
    my_rom/memory[114][0]  
    my_rom/memory[114][1]  
    my_rom/memory[114][2]  
    my_rom/memory[114][3]  
    my_rom/memory[114][4]  
    my_rom/memory[114][5]  
    my_rom/memory[114][6]  
    my_rom/memory[114][7]  
    my_rom/memory[223][0]  
    my_rom/memory[223][1]  
    my_rom/memory[223][2]  
    my_rom/memory[223][3]  
    my_rom/memory[223][4]  
    my_rom/memory[223][5]  
    my_rom/memory[223][6]  
    my_rom/memory[223][7]  
    my_rom/memory[220][0]  
    my_rom/memory[220][1]  
    my_rom/memory[220][2]  
    my_rom/memory[220][3]  
    my_rom/memory[220][4]  
    my_rom/memory[220][5]  
    my_rom/memory[220][6]  
    my_rom/memory[220][7]  
    my_rom/memory[213][0]  
    my_rom/memory[213][1]  
    my_rom/memory[213][2]  
    my_rom/memory[213][3]  
    my_rom/memory[213][4]  
    my_rom/memory[213][5]  
    my_rom/memory[213][6]  
    my_rom/memory[213][7]  
    my_rom/memory[210][0]  
    my_rom/memory[210][1]  
    my_rom/memory[210][2]  
    my_rom/memory[210][3]  
    my_rom/memory[210][4]  
    my_rom/memory[210][5]  
    my_rom/memory[210][6]  
    my_rom/memory[210][7]  
    my_rom/memory[215][0]  
    my_rom/memory[215][1]  
    my_rom/memory[215][2]  
    my_rom/memory[215][3]  
    my_rom/memory[215][4]  
    my_rom/memory[215][5]  
    my_rom/memory[215][6]  
    my_rom/memory[215][7]  
    my_rom/memory[212][0]  
    my_rom/memory[212][1]  
    my_rom/memory[212][2]  
    my_rom/memory[212][3]  
    my_rom/memory[212][4]  
    my_rom/memory[212][5]  
    my_rom/memory[212][6]  
    my_rom/memory[212][7]  
    my_rom/memory[237][0]  
    my_rom/memory[237][1]  
    my_rom/memory[237][2]  
    my_rom/memory[237][3]  
    my_rom/memory[237][4]  
    my_rom/memory[237][5]  
    my_rom/memory[237][6]  
    my_rom/memory[237][7]  
    my_rom/memory[234][0]  
    my_rom/memory[234][1]  
    my_rom/memory[234][2]  
    my_rom/memory[234][3]  
    my_rom/memory[234][4]  
    my_rom/memory[234][5]  
    my_rom/memory[234][6]  
    my_rom/memory[234][7]  
    my_rom/memory[239][0]  
    my_rom/memory[239][1]  
    my_rom/memory[239][2]  
    my_rom/memory[239][3]  
    my_rom/memory[239][4]  
    my_rom/memory[239][5]  
    my_rom/memory[239][6]  
    my_rom/memory[239][7]  
    my_rom/memory[236][0]  
    my_rom/memory[236][1]  
    my_rom/memory[236][2]  
    my_rom/memory[236][3]  
    my_rom/memory[236][4]  
    my_rom/memory[236][5]  
    my_rom/memory[236][6]  
    my_rom/memory[236][7]  
    my_rom/memory[125][0]  
    my_rom/memory[125][1]  
    my_rom/memory[125][2]  
    my_rom/memory[125][3]  
    my_rom/memory[125][4]  
    my_rom/memory[125][5]  
    my_rom/memory[125][6]  
    my_rom/memory[125][7]  
    my_rom/memory[122][0]  
    my_rom/memory[122][1]  
    my_rom/memory[122][2]  
    my_rom/memory[122][3]  
    my_rom/memory[122][4]  
    my_rom/memory[122][5]  
    my_rom/memory[122][6]  
    my_rom/memory[122][7]  
    my_rom/memory[245][0]  
    my_rom/memory[245][1]  
    my_rom/memory[245][2]  
    my_rom/memory[245][3]  
    my_rom/memory[245][4]  
    my_rom/memory[245][5]  
    my_rom/memory[245][6]  
    my_rom/memory[245][7]  
    my_rom/memory[242][0]  
    my_rom/memory[242][1]  
    my_rom/memory[242][2]  
    my_rom/memory[242][3]  
    my_rom/memory[242][4]  
    my_rom/memory[242][5]  
    my_rom/memory[242][6]  
    my_rom/memory[242][7]  
    my_rom/memory[247][0]  
    my_rom/memory[247][1]  
    my_rom/memory[247][2]  
    my_rom/memory[247][3]  
    my_rom/memory[247][4]  
    my_rom/memory[247][5]  
    my_rom/memory[247][6]  
    my_rom/memory[247][7]  
    my_rom/memory[244][0]  
    my_rom/memory[244][1]  
    my_rom/memory[244][2]  
    my_rom/memory[244][3]  
    my_rom/memory[244][4]  
    my_rom/memory[244][5]  
    my_rom/memory[244][6]  
    my_rom/memory[244][7]  
    my_rom/memory[126][0]  
    my_rom/memory[126][1]  
    my_rom/memory[126][2]  
    my_rom/memory[126][3]  
    my_rom/memory[126][4]  
    my_rom/memory[126][5]  
    my_rom/memory[126][6]  
    my_rom/memory[126][7]  
    my_rom/memory[123][0]  
    my_rom/memory[123][1]  
    my_rom/memory[123][2]  
    my_rom/memory[123][3]  
    my_rom/memory[123][4]  
    my_rom/memory[123][5]  
    my_rom/memory[123][6]  
    my_rom/memory[123][7]  
    my_rom/memory[135][0]  
    my_rom/memory[135][1]  
    my_rom/memory[135][2]  
    my_rom/memory[135][3]  
    my_rom/memory[135][4]  
    my_rom/memory[135][5]  
    my_rom/memory[135][6]  
    my_rom/memory[135][7]  
    my_rom/memory[132][0]  
    my_rom/memory[132][1]  
    my_rom/memory[132][2]  
    my_rom/memory[132][3]  
    my_rom/memory[132][4]  
    my_rom/memory[132][5]  
    my_rom/memory[132][6]  
    my_rom/memory[132][7]  
    my_rom/memory[253][0]  
    my_rom/memory[253][1]  
    my_rom/memory[253][2]  
    my_rom/memory[253][3]  
    my_rom/memory[253][4]  
    my_rom/memory[253][5]  
    my_rom/memory[253][6]  
    my_rom/memory[253][7]  
    my_rom/memory[250][0]  
    my_rom/memory[250][1]  
    my_rom/memory[250][2]  
    my_rom/memory[250][3]  
    my_rom/memory[250][4]  
    my_rom/memory[250][5]  
    my_rom/memory[250][6]  
    my_rom/memory[250][7]  
    my_rom/memory[343][0]  
    my_rom/memory[343][1]  
    my_rom/memory[343][2]  
    my_rom/memory[343][3]  
    my_rom/memory[343][4]  
    my_rom/memory[343][5]  
    my_rom/memory[343][6]  
    my_rom/memory[343][7]  
    my_rom/memory[340][0]  
    my_rom/memory[340][1]  
    my_rom/memory[340][2]  
    my_rom/memory[340][3]  
    my_rom/memory[340][4]  
    my_rom/memory[340][5]  
    my_rom/memory[340][6]  
    my_rom/memory[340][7]  
    my_rom/memory[255][0]  
    my_rom/memory[255][1]  
    my_rom/memory[255][2]  
    my_rom/memory[255][3]  
    my_rom/memory[255][4]  
    my_rom/memory[255][5]  
    my_rom/memory[255][6]  
    my_rom/memory[255][7]  
    my_rom/memory[252][0]  
    my_rom/memory[252][1]  
    my_rom/memory[252][2]  
    my_rom/memory[252][3]  
    my_rom/memory[252][4]  
    my_rom/memory[252][5]  
    my_rom/memory[252][6]  
    my_rom/memory[252][7]  
    my_rom/memory[131][0]  
    my_rom/memory[131][1]  
    my_rom/memory[131][2]  
    my_rom/memory[131][3]  
    my_rom/memory[131][4]  
    my_rom/memory[131][5]  
    my_rom/memory[131][6]  
    my_rom/memory[131][7]  
    my_rom/memory[133][0]  
    my_rom/memory[133][1]  
    my_rom/memory[133][2]  
    my_rom/memory[133][3]  
    my_rom/memory[133][4]  
    my_rom/memory[133][5]  
    my_rom/memory[133][6]  
    my_rom/memory[133][7]  
    my_rom/memory[166][0]  
    my_rom/memory[166][1]  
    my_rom/memory[166][2]  
    my_rom/memory[166][3]  
    my_rom/memory[166][4]  
    my_rom/memory[166][5]  
    my_rom/memory[166][6]  
    my_rom/memory[166][7]  
    my_rom/memory[163][0]  
    my_rom/memory[163][1]  
    my_rom/memory[163][2]  
    my_rom/memory[163][3]  
    my_rom/memory[163][4]  
    my_rom/memory[163][5]  
    my_rom/memory[163][6]  
    my_rom/memory[163][7]  
    my_rom/memory[165][0]  
    my_rom/memory[165][1]  
    my_rom/memory[165][2]  
    my_rom/memory[165][3]  
    my_rom/memory[165][4]  
    my_rom/memory[165][5]  
    my_rom/memory[165][6]  
    my_rom/memory[165][7]  
    my_rom/memory[162][0]  
    my_rom/memory[162][1]  
    my_rom/memory[162][2]  
    my_rom/memory[162][3]  
    my_rom/memory[162][4]  
    my_rom/memory[162][5]  
    my_rom/memory[162][6]  
    my_rom/memory[162][7]  
    my_rom/memory[180][0]  
    my_rom/memory[180][1]  
    my_rom/memory[180][2]  
    my_rom/memory[180][3]  
    my_rom/memory[180][4]  
    my_rom/memory[180][5]  
    my_rom/memory[180][6]  
    my_rom/memory[180][7]  
    my_rom/memory[176][0]  
    my_rom/memory[176][1]  
    my_rom/memory[176][2]  
    my_rom/memory[176][3]  
    my_rom/memory[176][4]  
    my_rom/memory[176][5]  
    my_rom/memory[176][6]  
    my_rom/memory[176][7]  
    my_rom/memory[62][0]  
    my_rom/memory[62][1]  
    my_rom/memory[62][2]  
    my_rom/memory[62][3]  
    my_rom/memory[62][4]  
    my_rom/memory[62][5]  
    my_rom/memory[62][6]  
    my_rom/memory[62][7]  
    my_rom/memory[59][0]  
    my_rom/memory[59][1]  
    my_rom/memory[59][2]  
    my_rom/memory[59][3]  
    my_rom/memory[59][4]  
    my_rom/memory[59][5]  
    my_rom/memory[59][6]  
    my_rom/memory[59][7]  
    my_rom/memory[181][0]  
    my_rom/memory[181][1]  
    my_rom/memory[181][2]  
    my_rom/memory[181][3]  
    my_rom/memory[181][4]  
    my_rom/memory[181][5]  
    my_rom/memory[181][6]  
    my_rom/memory[181][7]  
    my_rom/memory[178][0]  
    my_rom/memory[178][1]  
    my_rom/memory[178][2]  
    my_rom/memory[178][3]  
    my_rom/memory[178][4]  
    my_rom/memory[178][5]  
    my_rom/memory[178][6]  
    my_rom/memory[178][7]  
    my_rom/memory[365][0]  
    my_rom/memory[365][1]  
    my_rom/memory[365][2]  
    my_rom/memory[365][3]  
    my_rom/memory[365][4]  
    my_rom/memory[365][5]  
    my_rom/memory[365][6]  
    my_rom/memory[365][7]  
    my_rom/memory[362][0]  
    my_rom/memory[362][1]  
    my_rom/memory[362][2]  
    my_rom/memory[362][3]  
    my_rom/memory[362][4]  
    my_rom/memory[362][5]  
    my_rom/memory[362][6]  
    my_rom/memory[362][7]  
    my_rom/memory[189][0]  
    my_rom/memory[189][1]  
    my_rom/memory[189][2]  
    my_rom/memory[189][3]  
    my_rom/memory[189][4]  
    my_rom/memory[189][5]  
    my_rom/memory[189][6]  
    my_rom/memory[189][7]  
    my_rom/memory[186][0]  
    my_rom/memory[186][1]  
    my_rom/memory[186][2]  
    my_rom/memory[186][3]  
    my_rom/memory[186][4]  
    my_rom/memory[186][5]  
    my_rom/memory[186][6]  
    my_rom/memory[186][7]  
    my_rom/memory[191][0]  
    my_rom/memory[191][1]  
    my_rom/memory[191][2]  
    my_rom/memory[191][3]  
    my_rom/memory[191][4]  
    my_rom/memory[191][5]  
    my_rom/memory[191][6]  
    my_rom/memory[191][7]  
    my_rom/memory[188][0]  
    my_rom/memory[188][1]  
    my_rom/memory[188][2]  
    my_rom/memory[188][3]  
    my_rom/memory[188][4]  
    my_rom/memory[188][5]  
    my_rom/memory[188][6]  
    my_rom/memory[188][7]  
    my_rom/memory[141][0]  
    my_rom/memory[141][1]  
    my_rom/memory[141][2]  
    my_rom/memory[141][3]  
    my_rom/memory[141][4]  
    my_rom/memory[141][5]  
    my_rom/memory[141][6]  
    my_rom/memory[141][7]  
    my_rom/memory[138][0]  
    my_rom/memory[138][1]  
    my_rom/memory[138][2]  
    my_rom/memory[138][3]  
    my_rom/memory[138][4]  
    my_rom/memory[138][5]  
    my_rom/memory[138][6]  
    my_rom/memory[138][7]  
    my_rom/memory[367][0]  
    my_rom/memory[367][1]  
    my_rom/memory[367][2]  
    my_rom/memory[367][3]  
    my_rom/memory[367][4]  
    my_rom/memory[367][5]  
    my_rom/memory[367][6]  
    my_rom/memory[367][7]  
    my_rom/memory[364][0]  
    my_rom/memory[364][1]  
    my_rom/memory[364][2]  
    my_rom/memory[364][3]  
    my_rom/memory[364][4]  
    my_rom/memory[364][5]  
    my_rom/memory[364][6]  
    my_rom/memory[364][7]  
    my_rom/memory[143][0]  
    my_rom/memory[143][1]  
    my_rom/memory[143][2]  
    my_rom/memory[143][3]  
    my_rom/memory[143][4]  
    my_rom/memory[143][5]  
    my_rom/memory[143][6]  
    my_rom/memory[143][7]  
    my_rom/memory[140][0]  
    my_rom/memory[140][1]  
    my_rom/memory[140][2]  
    my_rom/memory[140][3]  
    my_rom/memory[140][4]  
    my_rom/memory[140][5]  
    my_rom/memory[140][6]  
    my_rom/memory[140][7]  
    my_rom/memory[157][0]  
    my_rom/memory[157][1]  
    my_rom/memory[157][2]  
    my_rom/memory[157][3]  
    my_rom/memory[157][4]  
    my_rom/memory[157][5]  
    my_rom/memory[157][6]  
    my_rom/memory[157][7]  
    my_rom/memory[154][0]  
    my_rom/memory[154][1]  
    my_rom/memory[154][2]  
    my_rom/memory[154][3]  
    my_rom/memory[154][4]  
    my_rom/memory[154][5]  
    my_rom/memory[154][6]  
    my_rom/memory[154][7]  
    my_rom/memory[159][0]  
    my_rom/memory[159][1]  
    my_rom/memory[159][2]  
    my_rom/memory[159][3]  
    my_rom/memory[159][4]  
    my_rom/memory[159][5]  
    my_rom/memory[159][6]  
    my_rom/memory[159][7]  
    my_rom/memory[156][0]  
    my_rom/memory[156][1]  
    my_rom/memory[156][2]  
    my_rom/memory[156][3]  
    my_rom/memory[156][4]  
    my_rom/memory[156][5]  
    my_rom/memory[156][6]  
    my_rom/memory[156][7]  
    my_rom/memory[485][0]  
    my_rom/memory[485][1]  
    my_rom/memory[485][2]  
    my_rom/memory[485][3]  
    my_rom/memory[485][4]  
    my_rom/memory[485][5]  
    my_rom/memory[485][6]  
    my_rom/memory[485][7]  
    my_rom/memory[482][0]  
    my_rom/memory[482][1]  
    my_rom/memory[482][2]  
    my_rom/memory[482][3]  
    my_rom/memory[482][4]  
    my_rom/memory[482][5]  
    my_rom/memory[482][6]  
    my_rom/memory[482][7]  
    my_rom/memory[149][0]  
    my_rom/memory[149][1]  
    my_rom/memory[149][2]  
    my_rom/memory[149][3]  
    my_rom/memory[149][4]  
    my_rom/memory[149][5]  
    my_rom/memory[149][6]  
    my_rom/memory[149][7]  
    my_rom/memory[146][0]  
    my_rom/memory[146][1]  
    my_rom/memory[146][2]  
    my_rom/memory[146][3]  
    my_rom/memory[146][4]  
    my_rom/memory[146][5]  
    my_rom/memory[146][6]  
    my_rom/memory[146][7]  
    my_rom/memory[486][0]  
    my_rom/memory[486][1]  
    my_rom/memory[486][2]  
    my_rom/memory[486][3]  
    my_rom/memory[486][4]  
    my_rom/memory[486][5]  
    my_rom/memory[486][6]  
    my_rom/memory[486][7]  
    my_rom/memory[483][0]  
    my_rom/memory[483][1]  
    my_rom/memory[483][2]  
    my_rom/memory[483][3]  
    my_rom/memory[483][4]  
    my_rom/memory[483][5]  
    my_rom/memory[483][6]  
    my_rom/memory[483][7]  
    my_rom/memory[488][0]  
    my_rom/memory[488][1]  
    my_rom/memory[488][2]  
    my_rom/memory[488][3]  
    my_rom/memory[488][4]  
    my_rom/memory[488][5]  
    my_rom/memory[488][6]  
    my_rom/memory[488][7]  
    my_rom/memory[489][0]  
    my_rom/memory[489][1]  
    my_rom/memory[489][2]  
    my_rom/memory[489][3]  
    my_rom/memory[489][4]  
    my_rom/memory[489][5]  
    my_rom/memory[489][6]  
    my_rom/memory[489][7]  
    core_inst/l3_res[9][0]  
    core_inst/l3_res[9][1]  
    core_inst/l3_res[9][2]  
    core_inst/l3_res[9][3]  
    core_inst/l3_res[9][4]  
    core_inst/l3_res[9][19]  
    core_inst/l3_res[9][20]  
    core_inst/l3_res[9][21]  
    core_inst/l3_res[9][22]  
    core_inst/l3_res[9][23]  
    core_inst/l3_res[9][24]  
    core_inst/l3_res[9][25]  
    core_inst/l3_res[9][26]  
    core_inst/l3_res[9][27]  
    core_inst/l3_res[9][28]  
    core_inst/l3_res[9][29]  
    core_inst/l3_res[9][30]  
    core_inst/l3_res[9][31]  
    core_inst/l3_res[8][0]  
    core_inst/l3_res[8][1]  
    core_inst/l3_res[8][2]  
    core_inst/l3_res[8][3]  
    core_inst/l3_res[8][4]  
    core_inst/l3_res[8][19]  
    core_inst/l3_res[8][20]  
    core_inst/l3_res[8][21]  
    core_inst/l3_res[8][22]  
    core_inst/l3_res[8][23]  
    core_inst/l3_res[8][24]  
    core_inst/l3_res[8][25]  
    core_inst/l3_res[8][26]  
    core_inst/l3_res[8][27]  
    core_inst/l3_res[8][28]  
    core_inst/l3_res[8][29]  
    core_inst/l3_res[8][30]  
    core_inst/l3_res[8][31]  
    core_inst/l3_res[7][0]  
    core_inst/l3_res[7][1]  
    core_inst/l3_res[7][2]  
    core_inst/l3_res[7][3]  
    core_inst/l3_res[7][4]  
    core_inst/l3_res[7][19]  
    core_inst/l3_res[7][20]  
    core_inst/l3_res[7][21]  
    core_inst/l3_res[7][22]  
    core_inst/l3_res[7][23]  
    core_inst/l3_res[7][24]  
    core_inst/l3_res[7][25]  
    core_inst/l3_res[7][26]  
    core_inst/l3_res[7][27]  
    core_inst/l3_res[7][28]  
    core_inst/l3_res[7][29]  
    core_inst/l3_res[7][30]  
    core_inst/l3_res[7][31]  
    core_inst/l3_res[6][0]  
    core_inst/l3_res[6][1]  
    core_inst/l3_res[6][2]  
    core_inst/l3_res[6][3]  
    core_inst/l3_res[6][4]  
    core_inst/l3_res[6][19]  
    core_inst/l3_res[6][20]  
    core_inst/l3_res[6][21]  
    core_inst/l3_res[6][22]  
    core_inst/l3_res[6][23]  
    core_inst/l3_res[6][24]  
    core_inst/l3_res[6][25]  
    core_inst/l3_res[6][26]  
    core_inst/l3_res[6][27]  
    core_inst/l3_res[6][28]  
    core_inst/l3_res[6][29]  
    core_inst/l3_res[6][30]  
    core_inst/l3_res[6][31]  
    core_inst/l3_res[5][0]  
    core_inst/l3_res[5][1]  
    core_inst/l3_res[5][2]  
    core_inst/l3_res[5][3]  
    core_inst/l3_res[5][4]  
    core_inst/l3_res[5][19]  
    core_inst/l3_res[5][20]  
    core_inst/l3_res[5][21]  
    core_inst/l3_res[5][22]  
    core_inst/l3_res[5][23]  
    core_inst/l3_res[5][24]  
    core_inst/l3_res[5][25]  
    core_inst/l3_res[5][26]  
    core_inst/l3_res[5][27]  
    core_inst/l3_res[5][28]  
    core_inst/l3_res[5][29]  
    core_inst/l3_res[5][30]  
    core_inst/l3_res[5][31]  
    core_inst/l3_res[4][0]  
    core_inst/l3_res[4][1]  
    core_inst/l3_res[4][2]  
    core_inst/l3_res[4][3]  
    core_inst/l3_res[4][4]  
    core_inst/l3_res[4][19]  
    core_inst/l3_res[4][20]  
    core_inst/l3_res[4][21]  
    core_inst/l3_res[4][22]  
    core_inst/l3_res[4][23]  
    core_inst/l3_res[4][24]  
    core_inst/l3_res[4][25]  
    core_inst/l3_res[4][26]  
    core_inst/l3_res[4][27]  
    core_inst/l3_res[4][28]  
    core_inst/l3_res[4][29]  
    core_inst/l3_res[4][30]  
    core_inst/l3_res[4][31]  
    core_inst/l3_res[3][0]  
    core_inst/l3_res[3][1]  
    core_inst/l3_res[3][2]  
    core_inst/l3_res[3][3]  
    core_inst/l3_res[3][4]  
    core_inst/l3_res[3][19]  
    core_inst/l3_res[3][20]  
    core_inst/l3_res[3][21]  
    core_inst/l3_res[3][22]  
    core_inst/l3_res[3][23]  
    core_inst/l3_res[3][24]  
    core_inst/l3_res[3][25]  
    core_inst/l3_res[3][26]  
    core_inst/l3_res[3][27]  
    core_inst/l3_res[3][28]  
    core_inst/l3_res[3][29]  
    core_inst/l3_res[3][30]  
    core_inst/l3_res[3][31]  
    core_inst/l3_res[2][0]  
    core_inst/l3_res[2][1]  
    core_inst/l3_res[2][2]  
    core_inst/l3_res[2][3]  
    core_inst/l3_res[2][4]  
    core_inst/l3_res[2][19]  
    core_inst/l3_res[2][20]  
    core_inst/l3_res[2][21]  
    core_inst/l3_res[2][22]  
    core_inst/l3_res[2][23]  
    core_inst/l3_res[2][24]  
    core_inst/l3_res[2][25]  
    core_inst/l3_res[2][26]  
    core_inst/l3_res[2][27]  
    core_inst/l3_res[2][28]  
    core_inst/l3_res[2][29]  
    core_inst/l3_res[2][30]  
    core_inst/l3_res[2][31]  
    core_inst/l3_res[1][0]  
    core_inst/l3_res[1][1]  
    core_inst/l3_res[1][2]  
    core_inst/l3_res[1][3]  
    core_inst/l3_res[1][4]  
    core_inst/l3_res[1][19]  
    core_inst/l3_res[1][20]  
    core_inst/l3_res[1][21]  
    core_inst/l3_res[1][22]  
    core_inst/l3_res[1][23]  
    core_inst/l3_res[1][24]  
    core_inst/l3_res[1][25]  
    core_inst/l3_res[1][26]  
    core_inst/l3_res[1][27]  
    core_inst/l3_res[1][28]  
    core_inst/l3_res[1][29]  
    core_inst/l3_res[1][30]  
    core_inst/l3_res[1][31]  
    core_inst/l3_res[15][0]  
    core_inst/l3_res[15][1]  
    core_inst/l3_res[15][2]  
    core_inst/l3_res[15][3]  
    core_inst/l3_res[15][4]  
    core_inst/l3_res[15][19]  
    core_inst/l3_res[15][20]  
    core_inst/l3_res[15][21]  
    core_inst/l3_res[15][22]  
    core_inst/l3_res[15][23]  
    core_inst/l3_res[15][24]  
    core_inst/l3_res[15][25]  
    core_inst/l3_res[15][26]  
    core_inst/l3_res[15][27]  
    core_inst/l3_res[15][28]  
    core_inst/l3_res[15][29]  
    core_inst/l3_res[15][30]  
    core_inst/l3_res[15][31]  
    core_inst/l3_res[14][0]  
    core_inst/l3_res[14][1]  
    core_inst/l3_res[14][2]  
    core_inst/l3_res[14][3]  
    core_inst/l3_res[14][4]  
    core_inst/l3_res[14][19]  
    core_inst/l3_res[14][20]  
    core_inst/l3_res[14][21]  
    core_inst/l3_res[14][22]  
    core_inst/l3_res[14][23]  
    core_inst/l3_res[14][24]  
    core_inst/l3_res[14][25]  
    core_inst/l3_res[14][26]  
    core_inst/l3_res[14][27]  
    core_inst/l3_res[14][28]  
    core_inst/l3_res[14][29]  
    core_inst/l3_res[14][30]  
    core_inst/l3_res[14][31]  
    core_inst/l3_res[13][0]  
    core_inst/l3_res[13][1]  
    core_inst/l3_res[13][2]  
    core_inst/l3_res[13][3]  
    core_inst/l3_res[13][4]  
    core_inst/l3_res[13][19]  
    core_inst/l3_res[13][20]  
    core_inst/l3_res[13][21]  
    core_inst/l3_res[13][22]  
    core_inst/l3_res[13][23]  
    core_inst/l3_res[13][24]  
    core_inst/l3_res[13][25]  
    core_inst/l3_res[13][26]  
    core_inst/l3_res[13][27]  
    core_inst/l3_res[13][28]  
    core_inst/l3_res[13][29]  
    core_inst/l3_res[13][30]  
    core_inst/l3_res[13][31]  
    core_inst/l3_res[12][0]  
    core_inst/l3_res[12][1]  
    core_inst/l3_res[12][2]  
    core_inst/l3_res[12][3]  
    core_inst/l3_res[12][4]  
    core_inst/l3_res[12][19]  
    core_inst/l3_res[12][20]  
    core_inst/l3_res[12][21]  
    core_inst/l3_res[12][22]  
    core_inst/l3_res[12][23]  
    core_inst/l3_res[12][24]  
    core_inst/l3_res[12][25]  
    core_inst/l3_res[12][26]  
    core_inst/l3_res[12][27]  
    core_inst/l3_res[12][28]  
    core_inst/l3_res[12][29]  
    core_inst/l3_res[12][30]  
    core_inst/l3_res[12][31]  
    core_inst/l3_res[11][0]  
    core_inst/l3_res[11][1]  
    core_inst/l3_res[11][2]  
    core_inst/l3_res[11][3]  
    core_inst/l3_res[11][4]  
    core_inst/l3_res[11][19]  
    core_inst/l3_res[11][20]  
    core_inst/l3_res[11][21]  
    core_inst/l3_res[11][22]  
    core_inst/l3_res[11][23]  
    core_inst/l3_res[11][24]  
    core_inst/l3_res[11][25]  
    core_inst/l3_res[11][26]  
    core_inst/l3_res[11][27]  
    core_inst/l3_res[11][28]  
    core_inst/l3_res[11][29]  
    core_inst/l3_res[11][30]  
    core_inst/l3_res[11][31]  
    core_inst/l3_res[10][0]  
    core_inst/l3_res[10][1]  
    core_inst/l3_res[10][2]  
    core_inst/l3_res[10][3]  
    core_inst/l3_res[10][4]  
    core_inst/l3_res[10][19]  
    core_inst/l3_res[10][20]  
    core_inst/l3_res[10][21]  
    core_inst/l3_res[10][22]  
    core_inst/l3_res[10][23]  
    core_inst/l3_res[10][24]  
    core_inst/l3_res[10][25]  
    core_inst/l3_res[10][26]  
    core_inst/l3_res[10][27]  
    core_inst/l3_res[10][28]  
    core_inst/l3_res[10][29]  
    core_inst/l3_res[10][30]  
    core_inst/l3_res[10][31]  
    core_inst/l3_res[0][0]  
    core_inst/l3_res[0][1]  
    core_inst/l3_res[0][2]  
    core_inst/l3_res[0][3]  
    core_inst/l3_res[0][4]  
    core_inst/l3_res[0][19]  
    core_inst/l3_res[0][20]  
    core_inst/l3_res[0][21]  
    core_inst/l3_res[0][22]  
    core_inst/l3_res[0][23]  
    core_inst/l3_res[0][24]  
    core_inst/l3_res[0][25]  
    core_inst/l3_res[0][26]  
    core_inst/l3_res[0][27]  
    core_inst/l3_res[0][28]  
    core_inst/l3_res[0][29]  
    core_inst/l3_res[0][30]  
    core_inst/l3_res[0][31]  
    core_inst/l2_res[9][0]  
    core_inst/l2_res[9][1]  
    core_inst/l2_res[9][2]  
    core_inst/l2_res[9][3]  
    core_inst/l2_res[9][4]  
    core_inst/l2_res[9][19]  
    core_inst/l2_res[9][20]  
    core_inst/l2_res[9][21]  
    core_inst/l2_res[9][22]  
    core_inst/l2_res[9][23]  
    core_inst/l2_res[9][24]  
    core_inst/l2_res[9][25]  
    core_inst/l2_res[9][26]  
    core_inst/l2_res[9][27]  
    core_inst/l2_res[9][28]  
    core_inst/l2_res[9][29]  
    core_inst/l2_res[9][30]  
    core_inst/l2_res[9][31]  
    core_inst/l2_res[8][0]  
    core_inst/l2_res[8][1]  
    core_inst/l2_res[8][2]  
    core_inst/l2_res[8][3]  
    core_inst/l2_res[8][4]  
    core_inst/l2_res[8][19]  
    core_inst/l2_res[8][20]  
    core_inst/l2_res[8][21]  
    core_inst/l2_res[8][22]  
    core_inst/l2_res[8][23]  
    core_inst/l2_res[8][24]  
    core_inst/l2_res[8][25]  
    core_inst/l2_res[8][26]  
    core_inst/l2_res[8][27]  
    core_inst/l2_res[8][28]  
    core_inst/l2_res[8][29]  
    core_inst/l2_res[8][30]  
    core_inst/l2_res[8][31]  
    core_inst/l2_res[7][0]  
    core_inst/l2_res[7][1]  
    core_inst/l2_res[7][2]  
    core_inst/l2_res[7][3]  
    core_inst/l2_res[7][4]  
    core_inst/l2_res[7][19]  
    core_inst/l2_res[7][20]  
    core_inst/l2_res[7][21]  
    core_inst/l2_res[7][22]  
    core_inst/l2_res[7][23]  
    core_inst/l2_res[7][24]  
    core_inst/l2_res[7][25]  
    core_inst/l2_res[7][26]  
    core_inst/l2_res[7][27]  
    core_inst/l2_res[7][28]  
    core_inst/l2_res[7][29]  
    core_inst/l2_res[7][30]  
    core_inst/l2_res[7][31]  
    core_inst/l2_res[6][0]  
    core_inst/l2_res[6][1]  
    core_inst/l2_res[6][2]  
    core_inst/l2_res[6][3]  
    core_inst/l2_res[6][4]  
    core_inst/l2_res[6][19]  
    core_inst/l2_res[6][20]  
    core_inst/l2_res[6][21]  
    core_inst/l2_res[6][22]  
    core_inst/l2_res[6][23]  
    core_inst/l2_res[6][24]  
    core_inst/l2_res[6][25]  
    core_inst/l2_res[6][26]  
    core_inst/l2_res[6][27]  
    core_inst/l2_res[6][28]  
    core_inst/l2_res[6][29]  
    core_inst/l2_res[6][30]  
    core_inst/l2_res[6][31]  
    core_inst/l2_res[5][0]  
    core_inst/l2_res[5][1]  
    core_inst/l2_res[5][2]  
    core_inst/l2_res[5][3]  
    core_inst/l2_res[5][4]  
    core_inst/l2_res[5][19]  
    core_inst/l2_res[5][20]  
    core_inst/l2_res[5][21]  
    core_inst/l2_res[5][22]  
    core_inst/l2_res[5][23]  
    core_inst/l2_res[5][24]  
    core_inst/l2_res[5][25]  
    core_inst/l2_res[5][26]  
    core_inst/l2_res[5][27]  
    core_inst/l2_res[5][28]  
    core_inst/l2_res[5][29]  
    core_inst/l2_res[5][30]  
    core_inst/l2_res[5][31]  
    core_inst/l2_res[4][0]  
    core_inst/l2_res[4][1]  
    core_inst/l2_res[4][2]  
    core_inst/l2_res[4][3]  
    core_inst/l2_res[4][4]  
    core_inst/l2_res[4][19]  
    core_inst/l2_res[4][20]  
    core_inst/l2_res[4][21]  
    core_inst/l2_res[4][22]  
    core_inst/l2_res[4][23]  
    core_inst/l2_res[4][24]  
    core_inst/l2_res[4][25]  
    core_inst/l2_res[4][26]  
    core_inst/l2_res[4][27]  
    core_inst/l2_res[4][28]  
    core_inst/l2_res[4][29]  
    core_inst/l2_res[4][30]  
    core_inst/l2_res[4][31]  
    core_inst/l2_res[3][0]  
    core_inst/l2_res[3][1]  
    core_inst/l2_res[3][2]  
    core_inst/l2_res[3][3]  
    core_inst/l2_res[3][4]  
    core_inst/l2_res[3][19]  
    core_inst/l2_res[3][20]  
    core_inst/l2_res[3][21]  
    core_inst/l2_res[3][22]  
    core_inst/l2_res[3][23]  
    core_inst/l2_res[3][24]  
    core_inst/l2_res[3][25]  
    core_inst/l2_res[3][26]  
    core_inst/l2_res[3][27]  
    core_inst/l2_res[3][28]  
    core_inst/l2_res[3][29]  
    core_inst/l2_res[3][30]  
    core_inst/l2_res[3][31]  
    core_inst/l2_res[2][0]  
    core_inst/l2_res[2][1]  
    core_inst/l2_res[2][2]  
    core_inst/l2_res[2][3]  
    core_inst/l2_res[2][4]  
    core_inst/l2_res[2][19]  
    core_inst/l2_res[2][20]  
    core_inst/l2_res[2][21]  
    core_inst/l2_res[2][22]  
    core_inst/l2_res[2][23]  
    core_inst/l2_res[2][24]  
    core_inst/l2_res[2][25]  
    core_inst/l2_res[2][26]  
    core_inst/l2_res[2][27]  
    core_inst/l2_res[2][28]  
    core_inst/l2_res[2][29]  
    core_inst/l2_res[2][30]  
    core_inst/l2_res[2][31]  
    core_inst/l2_res[1][0]  
    core_inst/l2_res[1][1]  
    core_inst/l2_res[1][2]  
    core_inst/l2_res[1][3]  
    core_inst/l2_res[1][4]  
    core_inst/l2_res[1][19]  
    core_inst/l2_res[1][20]  
    core_inst/l2_res[1][21]  
    core_inst/l2_res[1][22]  
    core_inst/l2_res[1][23]  
    core_inst/l2_res[1][24]  
    core_inst/l2_res[1][25]  
    core_inst/l2_res[1][26]  
    core_inst/l2_res[1][27]  
    core_inst/l2_res[1][28]  
    core_inst/l2_res[1][29]  
    core_inst/l2_res[1][30]  
    core_inst/l2_res[1][31]  
    core_inst/l2_res[15][0]  
    core_inst/l2_res[15][1]  
    core_inst/l2_res[15][2]  
    core_inst/l2_res[15][3]  
    core_inst/l2_res[15][4]  
    core_inst/l2_res[15][19]  
    core_inst/l2_res[15][20]  
    core_inst/l2_res[15][21]  
    core_inst/l2_res[15][22]  
    core_inst/l2_res[15][23]  
    core_inst/l2_res[15][24]  
    core_inst/l2_res[15][25]  
    core_inst/l2_res[15][26]  
    core_inst/l2_res[15][27]  
    core_inst/l2_res[15][28]  
    core_inst/l2_res[15][29]  
    core_inst/l2_res[15][30]  
    core_inst/l2_res[15][31]  
    core_inst/l2_res[14][0]  
    core_inst/l2_res[14][1]  
    core_inst/l2_res[14][2]  
    core_inst/l2_res[14][3]  
    core_inst/l2_res[14][4]  
    core_inst/l2_res[14][19]  
    core_inst/l2_res[14][20]  
    core_inst/l2_res[14][21]  
    core_inst/l2_res[14][22]  
    core_inst/l2_res[14][23]  
    core_inst/l2_res[14][24]  
    core_inst/l2_res[14][25]  
    core_inst/l2_res[14][26]  
    core_inst/l2_res[14][27]  
    core_inst/l2_res[14][28]  
    core_inst/l2_res[14][29]  
    core_inst/l2_res[14][30]  
    core_inst/l2_res[14][31]  
    core_inst/l2_res[13][0]  
    core_inst/l2_res[13][1]  
    core_inst/l2_res[13][2]  
    core_inst/l2_res[13][3]  
    core_inst/l2_res[13][4]  
    core_inst/l2_res[13][19]  
    core_inst/l2_res[13][20]  
    core_inst/l2_res[13][21]  
    core_inst/l2_res[13][22]  
    core_inst/l2_res[13][23]  
    core_inst/l2_res[13][24]  
    core_inst/l2_res[13][25]  
    core_inst/l2_res[13][26]  
    core_inst/l2_res[13][27]  
    core_inst/l2_res[13][28]  
    core_inst/l2_res[13][29]  
    core_inst/l2_res[13][30]  
    core_inst/l2_res[13][31]  
    core_inst/l2_res[12][0]  
    core_inst/l2_res[12][1]  
    core_inst/l2_res[12][2]  
    core_inst/l2_res[12][3]  
    core_inst/l2_res[12][4]  
    core_inst/l2_res[12][19]  
    core_inst/l2_res[12][20]  
    core_inst/l2_res[12][21]  
    core_inst/l2_res[12][22]  
    core_inst/l2_res[12][23]  
    core_inst/l2_res[12][24]  
    core_inst/l2_res[12][25]  
    core_inst/l2_res[12][26]  
    core_inst/l2_res[12][27]  
    core_inst/l2_res[12][28]  
    core_inst/l2_res[12][29]  
    core_inst/l2_res[12][30]  
    core_inst/l2_res[12][31]  
    core_inst/l2_res[11][0]  
    core_inst/l2_res[11][1]  
    core_inst/l2_res[11][2]  
    core_inst/l2_res[11][3]  
    core_inst/l2_res[11][4]  
    core_inst/l2_res[11][19]  
    core_inst/l2_res[11][20]  
    core_inst/l2_res[11][21]  
    core_inst/l2_res[11][22]  
    core_inst/l2_res[11][23]  
    core_inst/l2_res[11][24]  
    core_inst/l2_res[11][25]  
    core_inst/l2_res[11][26]  
    core_inst/l2_res[11][27]  
    core_inst/l2_res[11][28]  
    core_inst/l2_res[11][29]  
    core_inst/l2_res[11][30]  
    core_inst/l2_res[11][31]  
    core_inst/l2_res[10][0]  
    core_inst/l2_res[10][1]  
    core_inst/l2_res[10][2]  
    core_inst/l2_res[10][3]  
    core_inst/l2_res[10][4]  
    core_inst/l2_res[10][19]  
    core_inst/l2_res[10][20]  
    core_inst/l2_res[10][21]  
    core_inst/l2_res[10][22]  
    core_inst/l2_res[10][23]  
    core_inst/l2_res[10][24]  
    core_inst/l2_res[10][25]  
    core_inst/l2_res[10][26]  
    core_inst/l2_res[10][27]  
    core_inst/l2_res[10][28]  
    core_inst/l2_res[10][29]  
    core_inst/l2_res[10][30]  
    core_inst/l2_res[10][31]  
    core_inst/l2_res[0][0]  
    core_inst/l2_res[0][1]  
    core_inst/l2_res[0][2]  
    core_inst/l2_res[0][3]  
    core_inst/l2_res[0][4]  
    core_inst/l2_res[0][19]  
    core_inst/l2_res[0][20]  
    core_inst/l2_res[0][21]  
    core_inst/l2_res[0][22]  
    core_inst/l2_res[0][23]  
    core_inst/l2_res[0][24]  
    core_inst/l2_res[0][25]  
    core_inst/l2_res[0][26]  
    core_inst/l2_res[0][27]  
    core_inst/l2_res[0][28]  
    core_inst/l2_res[0][29]  
    core_inst/l2_res[0][30]  
    core_inst/l2_res[0][31]  
    core_inst/l1_res[7][0]  
    core_inst/l1_res[7][1]  
    core_inst/l1_res[7][2]  
    core_inst/l1_res[7][3]  
    core_inst/l1_res[7][4]  
    core_inst/l1_res[7][18]  
    core_inst/l1_res[7][19]  
    core_inst/l1_res[7][20]  
    core_inst/l1_res[7][21]  
    core_inst/l1_res[7][22]  
    core_inst/l1_res[7][23]  
    core_inst/l1_res[7][24]  
    core_inst/l1_res[7][25]  
    core_inst/l1_res[7][26]  
    core_inst/l1_res[7][27]  
    core_inst/l1_res[7][28]  
    core_inst/l1_res[7][29]  
    core_inst/l1_res[7][30]  
    core_inst/l1_res[6][0]  
    core_inst/l1_res[6][1]  
    core_inst/l1_res[6][2]  
    core_inst/l1_res[6][3]  
    core_inst/l1_res[6][4]  
    core_inst/l1_res[6][18]  
    core_inst/l1_res[6][19]  
    core_inst/l1_res[6][20]  
    core_inst/l1_res[6][21]  
    core_inst/l1_res[6][22]  
    core_inst/l1_res[6][23]  
    core_inst/l1_res[6][24]  
    core_inst/l1_res[6][25]  
    core_inst/l1_res[6][26]  
    core_inst/l1_res[6][27]  
    core_inst/l1_res[6][28]  
    core_inst/l1_res[6][29]  
    core_inst/l1_res[6][30]  
    core_inst/l1_res[5][0]  
    core_inst/l1_res[5][1]  
    core_inst/l1_res[5][2]  
    core_inst/l1_res[5][3]  
    core_inst/l1_res[5][4]  
    core_inst/l1_res[5][18]  
    core_inst/l1_res[5][19]  
    core_inst/l1_res[5][20]  
    core_inst/l1_res[5][21]  
    core_inst/l1_res[5][22]  
    core_inst/l1_res[5][23]  
    core_inst/l1_res[5][24]  
    core_inst/l1_res[5][25]  
    core_inst/l1_res[5][26]  
    core_inst/l1_res[5][27]  
    core_inst/l1_res[5][28]  
    core_inst/l1_res[5][29]  
    core_inst/l1_res[5][30]  
    core_inst/l1_res[4][0]  
    core_inst/l1_res[4][1]  
    core_inst/l1_res[4][2]  
    core_inst/l1_res[4][3]  
    core_inst/l1_res[4][4]  
    core_inst/l1_res[4][18]  
    core_inst/l1_res[4][19]  
    core_inst/l1_res[4][20]  
    core_inst/l1_res[4][21]  
    core_inst/l1_res[4][22]  
    core_inst/l1_res[4][23]  
    core_inst/l1_res[4][24]  
    core_inst/l1_res[4][25]  
    core_inst/l1_res[4][26]  
    core_inst/l1_res[4][27]  
    core_inst/l1_res[4][28]  
    core_inst/l1_res[4][29]  
    core_inst/l1_res[4][30]  
    core_inst/l1_res[3][0]  
    core_inst/l1_res[3][1]  
    core_inst/l1_res[3][2]  
    core_inst/l1_res[3][3]  
    core_inst/l1_res[3][4]  
    core_inst/l1_res[3][18]  
    core_inst/l1_res[3][19]  
    core_inst/l1_res[3][20]  
    core_inst/l1_res[3][21]  
    core_inst/l1_res[3][22]  
    core_inst/l1_res[3][23]  
    core_inst/l1_res[3][24]  
    core_inst/l1_res[3][25]  
    core_inst/l1_res[3][26]  
    core_inst/l1_res[3][27]  
    core_inst/l1_res[3][28]  
    core_inst/l1_res[3][29]  
    core_inst/l1_res[3][30]  
    core_inst/l1_res[2][0]  
    core_inst/l1_res[2][1]  
    core_inst/l1_res[2][2]  
    core_inst/l1_res[2][3]  
    core_inst/l1_res[2][4]  
    core_inst/l1_res[2][18]  
    core_inst/l1_res[2][19]  
    core_inst/l1_res[2][20]  
    core_inst/l1_res[2][21]  
    core_inst/l1_res[2][22]  
    core_inst/l1_res[2][23]  
    core_inst/l1_res[2][24]  
    core_inst/l1_res[2][25]  
    core_inst/l1_res[2][26]  
    core_inst/l1_res[2][27]  
    core_inst/l1_res[2][28]  
    core_inst/l1_res[2][29]  
    core_inst/l1_res[2][30]  
    core_inst/l1_res[1][0]  
    core_inst/l1_res[1][1]  
    core_inst/l1_res[1][2]  
    core_inst/l1_res[1][3]  
    core_inst/l1_res[1][4]  
    core_inst/l1_res[1][18]  
    core_inst/l1_res[1][19]  
    core_inst/l1_res[1][20]  
    core_inst/l1_res[1][21]  
    core_inst/l1_res[1][22]  
    core_inst/l1_res[1][23]  
    core_inst/l1_res[1][24]  
    core_inst/l1_res[1][25]  
    core_inst/l1_res[1][26]  
    core_inst/l1_res[1][27]  
    core_inst/l1_res[1][28]  
    core_inst/l1_res[1][29]  
    core_inst/l1_res[1][30]  
    core_inst/l1_res[0][0]  
    core_inst/l1_res[0][1]  
    core_inst/l1_res[0][2]  
    core_inst/l1_res[0][3]  
    core_inst/l1_res[0][4]  
    core_inst/l1_res[0][18]  
    core_inst/l1_res[0][19]  
    core_inst/l1_res[0][20]  
    core_inst/l1_res[0][21]  
    core_inst/l1_res[0][22]  
    core_inst/l1_res[0][23]  
    core_inst/l1_res[0][24]  
    core_inst/l1_res[0][25]  
    core_inst/l1_res[0][26]  
    core_inst/l1_res[0][27]  
    core_inst/l1_res[0][28]  
    core_inst/l1_res[0][29]  
    core_inst/l1_res[0][30]  
    core_inst/l4_res[1][0]  
    core_inst/l4_res[1][1]  
    core_inst/l4_res[1][2]  
    core_inst/l4_res[1][3]  
    core_inst/l4_res[1][4]  
    core_inst/l4_res[1][20]  
    core_inst/l4_res[1][21]  
    core_inst/l4_res[1][22]  
    core_inst/l4_res[1][23]  
    core_inst/l4_res[1][24]  
    core_inst/l4_res[1][25]  
    core_inst/l4_res[1][26]  
    core_inst/l4_res[1][27]  
    core_inst/l4_res[1][28]  
    core_inst/l4_res[1][29]  
    core_inst/l4_res[1][30]  
    core_inst/l4_res[1][31]  
    core_inst/l4_res[0][0]  
    core_inst/l4_res[0][1]  
    core_inst/l4_res[0][2]  
    core_inst/l4_res[0][3]  
    core_inst/l4_res[0][4]  
    core_inst/l4_res[0][20]  
    core_inst/l4_res[0][21]  
    core_inst/l4_res[0][22]  
    core_inst/l4_res[0][23]  
    core_inst/l4_res[0][24]  
    core_inst/l4_res[0][25]  
    core_inst/l4_res[0][26]  
    core_inst/l4_res[0][27]  
    core_inst/l4_res[0][28]  
    core_inst/l4_res[0][29]  
    core_inst/l4_res[0][30]  
    core_inst/l4_res[0][31]  
    core_inst/gen_l4[1].neuron_l4_sum_with_bias[0]  
    core_inst/gen_l4[1].neuron_l4_sum_with_bias[1]  
    core_inst/gen_l4[1].neuron_l4_sum_with_bias[2]  
    core_inst/gen_l4[1].neuron_l4_sum_with_bias[3]  
    core_inst/gen_l4[1].neuron_l4_sum_with_bias[4]  
    core_inst/gen_l4[1].neuron_l4_sum_with_bias[19]  
    core_inst/gen_l4[1].neuron_l4_sum_with_bias[20]  
    core_inst/gen_l4[1].neuron_l4_sum_with_bias[21]  
    core_inst/gen_l4[1].neuron_l4_sum_with_bias[22]  
    core_inst/gen_l4[1].neuron_l4_sum_with_bias[23]  
    core_inst/gen_l4[1].neuron_l4_sum_with_bias[24]  
    core_inst/gen_l4[1].neuron_l4_sum_with_bias[25]  
    core_inst/gen_l4[1].neuron_l4_sum_with_bias[26]  
    core_inst/gen_l4[1].neuron_l4_sum_with_bias[27]  
    core_inst/gen_l4[1].neuron_l4_sum_with_bias[28]  
    core_inst/gen_l4[1].neuron_l4_sum_with_bias[29]  
    core_inst/gen_l4[1].neuron_l4_sum_with_bias[30]  
    core_inst/gen_l4[1].neuron_l4_add_lvl3_1[18]  
    core_inst/gen_l4[1].neuron_l4_add_lvl3_1[19]  
    core_inst/gen_l4[1].neuron_l4_add_lvl3_1[20]  
    core_inst/gen_l4[1].neuron_l4_add_lvl3_1[21]  
    core_inst/gen_l4[1].neuron_l4_add_lvl3_1[22]  
    core_inst/gen_l4[1].neuron_l4_add_lvl3_1[23]  
    core_inst/gen_l4[1].neuron_l4_add_lvl3_1[24]  
    core_inst/gen_l4[1].neuron_l4_add_lvl3_1[25]  
    core_inst/gen_l4[1].neuron_l4_add_lvl3_1[26]  
    core_inst/gen_l4[1].neuron_l4_add_lvl3_1[27]  
    core_inst/gen_l4[1].neuron_l4_add_lvl3_1[28]  
    core_inst/gen_l4[1].neuron_l4_add_lvl3_1[29]  
    core_inst/gen_l4[1].neuron_l4_add_lvl3_1[30]  
    core_inst/gen_l4[1].neuron_l4_add_lvl3_1[31]  
    core_inst/gen_l4[1].neuron_l4_add_lvl3_0[18]  
    core_inst/gen_l4[1].neuron_l4_add_lvl3_0[19]  
    core_inst/gen_l4[1].neuron_l4_add_lvl3_0[20]  
    core_inst/gen_l4[1].neuron_l4_add_lvl3_0[21]  
    core_inst/gen_l4[1].neuron_l4_add_lvl3_0[22]  
    core_inst/gen_l4[1].neuron_l4_add_lvl3_0[23]  
    core_inst/gen_l4[1].neuron_l4_add_lvl3_0[24]  
    core_inst/gen_l4[1].neuron_l4_add_lvl3_0[25]  
    core_inst/gen_l4[1].neuron_l4_add_lvl3_0[26]  
    core_inst/gen_l4[1].neuron_l4_add_lvl3_0[27]  
    core_inst/gen_l4[1].neuron_l4_add_lvl3_0[28]  
    core_inst/gen_l4[1].neuron_l4_add_lvl3_0[29]  
    core_inst/gen_l4[1].neuron_l4_add_lvl3_0[30]  
    core_inst/gen_l4[1].neuron_l4_add_lvl3_0[31]  
    core_inst/gen_l4[1].neuron_l4_add_lvl2[3][17]  
    core_inst/gen_l4[1].neuron_l4_add_lvl2[3][18]  
    core_inst/gen_l4[1].neuron_l4_add_lvl2[3][19]  
    core_inst/gen_l4[1].neuron_l4_add_lvl2[3][20]  
    core_inst/gen_l4[1].neuron_l4_add_lvl2[3][21]  
    core_inst/gen_l4[1].neuron_l4_add_lvl2[3][22]  
    core_inst/gen_l4[1].neuron_l4_add_lvl2[3][23]  
    core_inst/gen_l4[1].neuron_l4_add_lvl2[3][24]  
    core_inst/gen_l4[1].neuron_l4_add_lvl2[3][25]  
    core_inst/gen_l4[1].neuron_l4_add_lvl2[3][26]  
    core_inst/gen_l4[1].neuron_l4_add_lvl2[3][27]  
    core_inst/gen_l4[1].neuron_l4_add_lvl2[3][28]  
    core_inst/gen_l4[1].neuron_l4_add_lvl2[3][29]  
    core_inst/gen_l4[1].neuron_l4_add_lvl2[3][30]  
    core_inst/gen_l4[1].neuron_l4_add_lvl2[3][31]  
    core_inst/gen_l4[1].neuron_l4_add_lvl2[2][17]  
    core_inst/gen_l4[1].neuron_l4_add_lvl2[2][18]  
    core_inst/gen_l4[1].neuron_l4_add_lvl2[2][19]  
    core_inst/gen_l4[1].neuron_l4_add_lvl2[2][20]  
    core_inst/gen_l4[1].neuron_l4_add_lvl2[2][21]  
    core_inst/gen_l4[1].neuron_l4_add_lvl2[2][22]  
    core_inst/gen_l4[1].neuron_l4_add_lvl2[2][23]  
    core_inst/gen_l4[1].neuron_l4_add_lvl2[2][24]  
    core_inst/gen_l4[1].neuron_l4_add_lvl2[2][25]  
    core_inst/gen_l4[1].neuron_l4_add_lvl2[2][26]  
    core_inst/gen_l4[1].neuron_l4_add_lvl2[2][27]  
    core_inst/gen_l4[1].neuron_l4_add_lvl2[2][28]  
    core_inst/gen_l4[1].neuron_l4_add_lvl2[2][29]  
    core_inst/gen_l4[1].neuron_l4_add_lvl2[2][30]  
    core_inst/gen_l4[1].neuron_l4_add_lvl2[2][31]  
    core_inst/gen_l4[1].neuron_l4_add_lvl2[1][17]  
    core_inst/gen_l4[1].neuron_l4_add_lvl2[1][18]  
    core_inst/gen_l4[1].neuron_l4_add_lvl2[1][19]  
    core_inst/gen_l4[1].neuron_l4_add_lvl2[1][20]  
    core_inst/gen_l4[1].neuron_l4_add_lvl2[1][21]  
    core_inst/gen_l4[1].neuron_l4_add_lvl2[1][22]  
    core_inst/gen_l4[1].neuron_l4_add_lvl2[1][23]  
    core_inst/gen_l4[1].neuron_l4_add_lvl2[1][24]  
    core_inst/gen_l4[1].neuron_l4_add_lvl2[1][25]  
    core_inst/gen_l4[1].neuron_l4_add_lvl2[1][26]  
    core_inst/gen_l4[1].neuron_l4_add_lvl2[1][27]  
    core_inst/gen_l4[1].neuron_l4_add_lvl2[1][28]  
    core_inst/gen_l4[1].neuron_l4_add_lvl2[1][29]  
    core_inst/gen_l4[1].neuron_l4_add_lvl2[1][30]  
    core_inst/gen_l4[1].neuron_l4_add_lvl2[1][31]  
    core_inst/gen_l4[1].neuron_l4_add_lvl2[0][17]  
    core_inst/gen_l4[1].neuron_l4_add_lvl2[0][18]  
    core_inst/gen_l4[1].neuron_l4_add_lvl2[0][19]  
    core_inst/gen_l4[1].neuron_l4_add_lvl2[0][20]  
    core_inst/gen_l4[1].neuron_l4_add_lvl2[0][21]  
    core_inst/gen_l4[1].neuron_l4_add_lvl2[0][22]  
    core_inst/gen_l4[1].neuron_l4_add_lvl2[0][23]  
    core_inst/gen_l4[1].neuron_l4_add_lvl2[0][24]  
    core_inst/gen_l4[1].neuron_l4_add_lvl2[0][25]  
    core_inst/gen_l4[1].neuron_l4_add_lvl2[0][26]  
    core_inst/gen_l4[1].neuron_l4_add_lvl2[0][27]  
    core_inst/gen_l4[1].neuron_l4_add_lvl2[0][28]  
    core_inst/gen_l4[1].neuron_l4_add_lvl2[0][29]  
    core_inst/gen_l4[1].neuron_l4_add_lvl2[0][30]  
    core_inst/gen_l4[1].neuron_l4_add_lvl2[0][31]  
    core_inst/gen_l4[1].neuron_l4_add_lvl1[7][16]  
    core_inst/gen_l4[1].neuron_l4_add_lvl1[7][17]  
    core_inst/gen_l4[1].neuron_l4_add_lvl1[7][18]  
    core_inst/gen_l4[1].neuron_l4_add_lvl1[7][19]  
    core_inst/gen_l4[1].neuron_l4_add_lvl1[7][20]  
    core_inst/gen_l4[1].neuron_l4_add_lvl1[7][21]  
    core_inst/gen_l4[1].neuron_l4_add_lvl1[7][22]  
    core_inst/gen_l4[1].neuron_l4_add_lvl1[7][23]  
    core_inst/gen_l4[1].neuron_l4_add_lvl1[7][24]  
    core_inst/gen_l4[1].neuron_l4_add_lvl1[7][25]  
    core_inst/gen_l4[1].neuron_l4_add_lvl1[7][26]  
    core_inst/gen_l4[1].neuron_l4_add_lvl1[7][27]  
    core_inst/gen_l4[1].neuron_l4_add_lvl1[7][28]  
    core_inst/gen_l4[1].neuron_l4_add_lvl1[7][29]  
    core_inst/gen_l4[1].neuron_l4_add_lvl1[7][30]  
    core_inst/gen_l4[1].neuron_l4_add_lvl1[7][31]  
    core_inst/gen_l4[1].neuron_l4_add_lvl1[6][16]  
    core_inst/gen_l4[1].neuron_l4_add_lvl1[6][17]  
    core_inst/gen_l4[1].neuron_l4_add_lvl1[6][18]  
    core_inst/gen_l4[1].neuron_l4_add_lvl1[6][19]  
    core_inst/gen_l4[1].neuron_l4_add_lvl1[6][20]  
    core_inst/gen_l4[1].neuron_l4_add_lvl1[6][21]  
    core_inst/gen_l4[1].neuron_l4_add_lvl1[6][22]  
    core_inst/gen_l4[1].neuron_l4_add_lvl1[6][23]  
    core_inst/gen_l4[1].neuron_l4_add_lvl1[6][24]  
    core_inst/gen_l4[1].neuron_l4_add_lvl1[6][25]  
    core_inst/gen_l4[1].neuron_l4_add_lvl1[6][26]  
    core_inst/gen_l4[1].neuron_l4_add_lvl1[6][27]  
    core_inst/gen_l4[1].neuron_l4_add_lvl1[6][28]  
    core_inst/gen_l4[1].neuron_l4_add_lvl1[6][29]  
    core_inst/gen_l4[1].neuron_l4_add_lvl1[6][30]  
    core_inst/gen_l4[1].neuron_l4_add_lvl1[6][31]  
    core_inst/gen_l4[1].neuron_l4_add_lvl1[5][16]  
    core_inst/gen_l4[1].neuron_l4_add_lvl1[5][17]  
    core_inst/gen_l4[1].neuron_l4_add_lvl1[5][18]  
    core_inst/gen_l4[1].neuron_l4_add_lvl1[5][19]  
    core_inst/gen_l4[1].neuron_l4_add_lvl1[5][20]  
    core_inst/gen_l4[1].neuron_l4_add_lvl1[5][21]  
    core_inst/gen_l4[1].neuron_l4_add_lvl1[5][22]  
    core_inst/gen_l4[1].neuron_l4_add_lvl1[5][23]  
    core_inst/gen_l4[1].neuron_l4_add_lvl1[5][24]  
    core_inst/gen_l4[1].neuron_l4_add_lvl1[5][25]  
    core_inst/gen_l4[1].neuron_l4_add_lvl1[5][26]  
    core_inst/gen_l4[1].neuron_l4_add_lvl1[5][27]  
    core_inst/gen_l4[1].neuron_l4_add_lvl1[5][28]  
    core_inst/gen_l4[1].neuron_l4_add_lvl1[5][29]  
    core_inst/gen_l4[1].neuron_l4_add_lvl1[5][30]  
    core_inst/gen_l4[1].neuron_l4_add_lvl1[5][31]  
    core_inst/gen_l4[1].neuron_l4_add_lvl1[4][16]  
    core_inst/gen_l4[1].neuron_l4_add_lvl1[4][17]  
    core_inst/gen_l4[1].neuron_l4_add_lvl1[4][18]  
    core_inst/gen_l4[1].neuron_l4_add_lvl1[4][19]  
    core_inst/gen_l4[1].neuron_l4_add_lvl1[4][20]  
    core_inst/gen_l4[1].neuron_l4_add_lvl1[4][21]  
    core_inst/gen_l4[1].neuron_l4_add_lvl1[4][22]  
    core_inst/gen_l4[1].neuron_l4_add_lvl1[4][23]  
    core_inst/gen_l4[1].neuron_l4_add_lvl1[4][24]  
    core_inst/gen_l4[1].neuron_l4_add_lvl1[4][25]  
    core_inst/gen_l4[1].neuron_l4_add_lvl1[4][26]  
    core_inst/gen_l4[1].neuron_l4_add_lvl1[4][27]  
    core_inst/gen_l4[1].neuron_l4_add_lvl1[4][28]  
    core_inst/gen_l4[1].neuron_l4_add_lvl1[4][29]  
    core_inst/gen_l4[1].neuron_l4_add_lvl1[4][30]  
    core_inst/gen_l4[1].neuron_l4_add_lvl1[4][31]  
    core_inst/gen_l4[1].neuron_l4_add_lvl1[3][16]  
    core_inst/gen_l4[1].neuron_l4_add_lvl1[3][17]  
    core_inst/gen_l4[1].neuron_l4_add_lvl1[3][18]  
    core_inst/gen_l4[1].neuron_l4_add_lvl1[3][19]  
    core_inst/gen_l4[1].neuron_l4_add_lvl1[3][20]  
    core_inst/gen_l4[1].neuron_l4_add_lvl1[3][21]  
    core_inst/gen_l4[1].neuron_l4_add_lvl1[3][22]  
    core_inst/gen_l4[1].neuron_l4_add_lvl1[3][23]  
    core_inst/gen_l4[1].neuron_l4_add_lvl1[3][24]  
    core_inst/gen_l4[1].neuron_l4_add_lvl1[3][25]  
    core_inst/gen_l4[1].neuron_l4_add_lvl1[3][26]  
    core_inst/gen_l4[1].neuron_l4_add_lvl1[3][27]  
    core_inst/gen_l4[1].neuron_l4_add_lvl1[3][28]  
    core_inst/gen_l4[1].neuron_l4_add_lvl1[3][29]  
    core_inst/gen_l4[1].neuron_l4_add_lvl1[3][30]  
    core_inst/gen_l4[1].neuron_l4_add_lvl1[3][31]  
    core_inst/gen_l4[1].neuron_l4_add_lvl1[2][16]  
    core_inst/gen_l4[1].neuron_l4_add_lvl1[2][17]  
    core_inst/gen_l4[1].neuron_l4_add_lvl1[2][18]  
    core_inst/gen_l4[1].neuron_l4_add_lvl1[2][19]  
    core_inst/gen_l4[1].neuron_l4_add_lvl1[2][20]  
    core_inst/gen_l4[1].neuron_l4_add_lvl1[2][21]  
    core_inst/gen_l4[1].neuron_l4_add_lvl1[2][22]  
    core_inst/gen_l4[1].neuron_l4_add_lvl1[2][23]  
    core_inst/gen_l4[1].neuron_l4_add_lvl1[2][24]  
    core_inst/gen_l4[1].neuron_l4_add_lvl1[2][25]  
    core_inst/gen_l4[1].neuron_l4_add_lvl1[2][26]  
    core_inst/gen_l4[1].neuron_l4_add_lvl1[2][27]  
    core_inst/gen_l4[1].neuron_l4_add_lvl1[2][28]  
    core_inst/gen_l4[1].neuron_l4_add_lvl1[2][29]  
    core_inst/gen_l4[1].neuron_l4_add_lvl1[2][30]  
    core_inst/gen_l4[1].neuron_l4_add_lvl1[2][31]  
    core_inst/gen_l4[1].neuron_l4_add_lvl1[1][16]  
    core_inst/gen_l4[1].neuron_l4_add_lvl1[1][17]  
    core_inst/gen_l4[1].neuron_l4_add_lvl1[1][18]  
    core_inst/gen_l4[1].neuron_l4_add_lvl1[1][19]  
    core_inst/gen_l4[1].neuron_l4_add_lvl1[1][20]  
    core_inst/gen_l4[1].neuron_l4_add_lvl1[1][21]  
    core_inst/gen_l4[1].neuron_l4_add_lvl1[1][22]  
    core_inst/gen_l4[1].neuron_l4_add_lvl1[1][23]  
    core_inst/gen_l4[1].neuron_l4_add_lvl1[1][24]  
    core_inst/gen_l4[1].neuron_l4_add_lvl1[1][25]  
    core_inst/gen_l4[1].neuron_l4_add_lvl1[1][26]  
    core_inst/gen_l4[1].neuron_l4_add_lvl1[1][27]  
    core_inst/gen_l4[1].neuron_l4_add_lvl1[1][28]  
    core_inst/gen_l4[1].neuron_l4_add_lvl1[1][29]  
    core_inst/gen_l4[1].neuron_l4_add_lvl1[1][30]  
    core_inst/gen_l4[1].neuron_l4_add_lvl1[1][31]  
    core_inst/gen_l4[1].neuron_l4_add_lvl1[0][16]  
    core_inst/gen_l4[1].neuron_l4_add_lvl1[0][17]  
    core_inst/gen_l4[1].neuron_l4_add_lvl1[0][18]  
    core_inst/gen_l4[1].neuron_l4_add_lvl1[0][19]  
    core_inst/gen_l4[1].neuron_l4_add_lvl1[0][20]  
    core_inst/gen_l4[1].neuron_l4_add_lvl1[0][21]  
    core_inst/gen_l4[1].neuron_l4_add_lvl1[0][22]  
    core_inst/gen_l4[1].neuron_l4_add_lvl1[0][23]  
    core_inst/gen_l4[1].neuron_l4_add_lvl1[0][24]  
    core_inst/gen_l4[1].neuron_l4_add_lvl1[0][25]  
    core_inst/gen_l4[1].neuron_l4_add_lvl1[0][26]  
    core_inst/gen_l4[1].neuron_l4_add_lvl1[0][27]  
    core_inst/gen_l4[1].neuron_l4_add_lvl1[0][28]  
    core_inst/gen_l4[1].neuron_l4_add_lvl1[0][29]  
    core_inst/gen_l4[1].neuron_l4_add_lvl1[0][30]  
    core_inst/gen_l4[1].neuron_l4_add_lvl1[0][31]  
    core_inst/gen_l4[1].neuron_l4_mult[15][15]  
    core_inst/gen_l4[1].neuron_l4_mult[14][15]  
    core_inst/gen_l4[1].neuron_l4_mult[13][15]  
    core_inst/gen_l4[1].neuron_l4_mult[12][15]  
    core_inst/gen_l4[1].neuron_l4_mult[11][15]  
    core_inst/gen_l4[1].neuron_l4_mult[10][15]  
    core_inst/gen_l4[1].neuron_l4_mult[9][15]  
    core_inst/gen_l4[1].neuron_l4_mult[8][15]  
    core_inst/gen_l4[1].neuron_l4_mult[7][15]  
    core_inst/gen_l4[1].neuron_l4_mult[6][15]  
    core_inst/gen_l4[1].neuron_l4_mult[5][15]  
    core_inst/gen_l4[1].neuron_l4_mult[4][15]  
    core_inst/gen_l4[1].neuron_l4_mult[3][15]  
    core_inst/gen_l4[1].neuron_l4_mult[2][15]  
    core_inst/gen_l4[1].neuron_l4_mult[1][15]  
    core_inst/gen_l4[1].neuron_l4_mult[0][15]  
    core_inst/act_l3[8][7]  
    core_inst/act_l3[7][7]  
    core_inst/act_l3[6][7]  
    core_inst/act_l3[5][7]  
    core_inst/act_l3[4][7]  
    core_inst/act_l3[3][7]  
    core_inst/act_l3[2][7]  
    core_inst/act_l3[1][7]  
    core_inst/act_l3[15][7]  
    core_inst/act_l3[14][7]  
    core_inst/act_l3[13][7]  
    core_inst/act_l3[12][7]  
    core_inst/act_l3[11][7]  
    core_inst/act_l3[10][7]  
    core_inst/act_l3[9][7]  
    core_inst/act_l3[0][7]  
    core_inst/gen_l4[0].neuron_l4_sum_with_bias[0]  
    core_inst/gen_l4[0].neuron_l4_sum_with_bias[1]  
    core_inst/gen_l4[0].neuron_l4_sum_with_bias[2]  
    core_inst/gen_l4[0].neuron_l4_sum_with_bias[3]  
    core_inst/gen_l4[0].neuron_l4_sum_with_bias[4]  
    core_inst/gen_l4[0].neuron_l4_sum_with_bias[19]  
    core_inst/gen_l4[0].neuron_l4_sum_with_bias[20]  
    core_inst/gen_l4[0].neuron_l4_sum_with_bias[21]  
    core_inst/gen_l4[0].neuron_l4_sum_with_bias[22]  
    core_inst/gen_l4[0].neuron_l4_sum_with_bias[23]  
    core_inst/gen_l4[0].neuron_l4_sum_with_bias[24]  
    core_inst/gen_l4[0].neuron_l4_sum_with_bias[25]  
    core_inst/gen_l4[0].neuron_l4_sum_with_bias[26]  
    core_inst/gen_l4[0].neuron_l4_sum_with_bias[27]  
    core_inst/gen_l4[0].neuron_l4_sum_with_bias[28]  
    core_inst/gen_l4[0].neuron_l4_sum_with_bias[29]  
    core_inst/gen_l4[0].neuron_l4_sum_with_bias[30]  
    core_inst/gen_l4[0].neuron_l4_add_lvl3_1[18]  
    core_inst/gen_l4[0].neuron_l4_add_lvl3_1[19]  
    core_inst/gen_l4[0].neuron_l4_add_lvl3_1[20]  
    core_inst/gen_l4[0].neuron_l4_add_lvl3_1[21]  
    core_inst/gen_l4[0].neuron_l4_add_lvl3_1[22]  
    core_inst/gen_l4[0].neuron_l4_add_lvl3_1[23]  
    core_inst/gen_l4[0].neuron_l4_add_lvl3_1[24]  
    core_inst/gen_l4[0].neuron_l4_add_lvl3_1[25]  
    core_inst/gen_l4[0].neuron_l4_add_lvl3_1[26]  
    core_inst/gen_l4[0].neuron_l4_add_lvl3_1[27]  
    core_inst/gen_l4[0].neuron_l4_add_lvl3_1[28]  
    core_inst/gen_l4[0].neuron_l4_add_lvl3_1[29]  
    core_inst/gen_l4[0].neuron_l4_add_lvl3_1[30]  
    core_inst/gen_l4[0].neuron_l4_add_lvl3_1[31]  
    core_inst/gen_l4[0].neuron_l4_add_lvl3_0[18]  
    core_inst/gen_l4[0].neuron_l4_add_lvl3_0[19]  
    core_inst/gen_l4[0].neuron_l4_add_lvl3_0[20]  
    core_inst/gen_l4[0].neuron_l4_add_lvl3_0[21]  
    core_inst/gen_l4[0].neuron_l4_add_lvl3_0[22]  
    core_inst/gen_l4[0].neuron_l4_add_lvl3_0[23]  
    core_inst/gen_l4[0].neuron_l4_add_lvl3_0[24]  
    core_inst/gen_l4[0].neuron_l4_add_lvl3_0[25]  
    core_inst/gen_l4[0].neuron_l4_add_lvl3_0[26]  
    core_inst/gen_l4[0].neuron_l4_add_lvl3_0[27]  
    core_inst/gen_l4[0].neuron_l4_add_lvl3_0[28]  
    core_inst/gen_l4[0].neuron_l4_add_lvl3_0[29]  
    core_inst/gen_l4[0].neuron_l4_add_lvl3_0[30]  
    core_inst/gen_l4[0].neuron_l4_add_lvl3_0[31]  
    core_inst/gen_l4[0].neuron_l4_add_lvl2[3][17]  
    core_inst/gen_l4[0].neuron_l4_add_lvl2[3][18]  
    core_inst/gen_l4[0].neuron_l4_add_lvl2[3][19]  
    core_inst/gen_l4[0].neuron_l4_add_lvl2[3][20]  
    core_inst/gen_l4[0].neuron_l4_add_lvl2[3][21]  
    core_inst/gen_l4[0].neuron_l4_add_lvl2[3][22]  
    core_inst/gen_l4[0].neuron_l4_add_lvl2[3][23]  
    core_inst/gen_l4[0].neuron_l4_add_lvl2[3][24]  
    core_inst/gen_l4[0].neuron_l4_add_lvl2[3][25]  
    core_inst/gen_l4[0].neuron_l4_add_lvl2[3][26]  
    core_inst/gen_l4[0].neuron_l4_add_lvl2[3][27]  
    core_inst/gen_l4[0].neuron_l4_add_lvl2[3][28]  
    core_inst/gen_l4[0].neuron_l4_add_lvl2[3][29]  
    core_inst/gen_l4[0].neuron_l4_add_lvl2[3][30]  
    core_inst/gen_l4[0].neuron_l4_add_lvl2[3][31]  
    core_inst/gen_l4[0].neuron_l4_add_lvl2[2][17]  
    core_inst/gen_l4[0].neuron_l4_add_lvl2[2][18]  
    core_inst/gen_l4[0].neuron_l4_add_lvl2[2][19]  
    core_inst/gen_l4[0].neuron_l4_add_lvl2[2][20]  
    core_inst/gen_l4[0].neuron_l4_add_lvl2[2][21]  
    core_inst/gen_l4[0].neuron_l4_add_lvl2[2][22]  
    core_inst/gen_l4[0].neuron_l4_add_lvl2[2][23]  
    core_inst/gen_l4[0].neuron_l4_add_lvl2[2][24]  
    core_inst/gen_l4[0].neuron_l4_add_lvl2[2][25]  
    core_inst/gen_l4[0].neuron_l4_add_lvl2[2][26]  
    core_inst/gen_l4[0].neuron_l4_add_lvl2[2][27]  
    core_inst/gen_l4[0].neuron_l4_add_lvl2[2][28]  
    core_inst/gen_l4[0].neuron_l4_add_lvl2[2][29]  
    core_inst/gen_l4[0].neuron_l4_add_lvl2[2][30]  
    core_inst/gen_l4[0].neuron_l4_add_lvl2[2][31]  
    core_inst/gen_l4[0].neuron_l4_add_lvl2[1][17]  
    core_inst/gen_l4[0].neuron_l4_add_lvl2[1][18]  
    core_inst/gen_l4[0].neuron_l4_add_lvl2[1][19]  
    core_inst/gen_l4[0].neuron_l4_add_lvl2[1][20]  
    core_inst/gen_l4[0].neuron_l4_add_lvl2[1][21]  
    core_inst/gen_l4[0].neuron_l4_add_lvl2[1][22]  
    core_inst/gen_l4[0].neuron_l4_add_lvl2[1][23]  
    core_inst/gen_l4[0].neuron_l4_add_lvl2[1][24]  
    core_inst/gen_l4[0].neuron_l4_add_lvl2[1][25]  
    core_inst/gen_l4[0].neuron_l4_add_lvl2[1][26]  
    core_inst/gen_l4[0].neuron_l4_add_lvl2[1][27]  
    core_inst/gen_l4[0].neuron_l4_add_lvl2[1][28]  
    core_inst/gen_l4[0].neuron_l4_add_lvl2[1][29]  
    core_inst/gen_l4[0].neuron_l4_add_lvl2[1][30]  
    core_inst/gen_l4[0].neuron_l4_add_lvl2[1][31]  
    core_inst/gen_l4[0].neuron_l4_add_lvl2[0][17]  
    core_inst/gen_l4[0].neuron_l4_add_lvl2[0][18]  
    core_inst/gen_l4[0].neuron_l4_add_lvl2[0][19]  
    core_inst/gen_l4[0].neuron_l4_add_lvl2[0][20]  
    core_inst/gen_l4[0].neuron_l4_add_lvl2[0][21]  
    core_inst/gen_l4[0].neuron_l4_add_lvl2[0][22]  
    core_inst/gen_l4[0].neuron_l4_add_lvl2[0][23]  
    core_inst/gen_l4[0].neuron_l4_add_lvl2[0][24]  
    core_inst/gen_l4[0].neuron_l4_add_lvl2[0][25]  
    core_inst/gen_l4[0].neuron_l4_add_lvl2[0][26]  
    core_inst/gen_l4[0].neuron_l4_add_lvl2[0][27]  
    core_inst/gen_l4[0].neuron_l4_add_lvl2[0][28]  
    core_inst/gen_l4[0].neuron_l4_add_lvl2[0][29]  
    core_inst/gen_l4[0].neuron_l4_add_lvl2[0][30]  
    core_inst/gen_l4[0].neuron_l4_add_lvl2[0][31]  
    core_inst/gen_l4[0].neuron_l4_add_lvl1[7][16]  
    core_inst/gen_l4[0].neuron_l4_add_lvl1[7][17]  
    core_inst/gen_l4[0].neuron_l4_add_lvl1[7][18]  
    core_inst/gen_l4[0].neuron_l4_add_lvl1[7][19]  
    core_inst/gen_l4[0].neuron_l4_add_lvl1[7][20]  
    core_inst/gen_l4[0].neuron_l4_add_lvl1[7][21]  
    core_inst/gen_l4[0].neuron_l4_add_lvl1[7][22]  
    core_inst/gen_l4[0].neuron_l4_add_lvl1[7][23]  
    core_inst/gen_l4[0].neuron_l4_add_lvl1[7][24]  
    core_inst/gen_l4[0].neuron_l4_add_lvl1[7][25]  
    core_inst/gen_l4[0].neuron_l4_add_lvl1[7][26]  
    core_inst/gen_l4[0].neuron_l4_add_lvl1[7][27]  
    core_inst/gen_l4[0].neuron_l4_add_lvl1[7][28]  
    core_inst/gen_l4[0].neuron_l4_add_lvl1[7][29]  
    core_inst/gen_l4[0].neuron_l4_add_lvl1[7][30]  
    core_inst/gen_l4[0].neuron_l4_add_lvl1[7][31]  
    core_inst/gen_l4[0].neuron_l4_add_lvl1[6][16]  
    core_inst/gen_l4[0].neuron_l4_add_lvl1[6][17]  
    core_inst/gen_l4[0].neuron_l4_add_lvl1[6][18]  
    core_inst/gen_l4[0].neuron_l4_add_lvl1[6][19]  
    core_inst/gen_l4[0].neuron_l4_add_lvl1[6][20]  
    core_inst/gen_l4[0].neuron_l4_add_lvl1[6][21]  
    core_inst/gen_l4[0].neuron_l4_add_lvl1[6][22]  
    core_inst/gen_l4[0].neuron_l4_add_lvl1[6][23]  
    core_inst/gen_l4[0].neuron_l4_add_lvl1[6][24]  
    core_inst/gen_l4[0].neuron_l4_add_lvl1[6][25]  
    core_inst/gen_l4[0].neuron_l4_add_lvl1[6][26]  
    core_inst/gen_l4[0].neuron_l4_add_lvl1[6][27]  
    core_inst/gen_l4[0].neuron_l4_add_lvl1[6][28]  
    core_inst/gen_l4[0].neuron_l4_add_lvl1[6][29]  
    core_inst/gen_l4[0].neuron_l4_add_lvl1[6][30]  
    core_inst/gen_l4[0].neuron_l4_add_lvl1[6][31]  
    core_inst/gen_l4[0].neuron_l4_add_lvl1[5][16]  
    core_inst/gen_l4[0].neuron_l4_add_lvl1[5][17]  
    core_inst/gen_l4[0].neuron_l4_add_lvl1[5][18]  
    core_inst/gen_l4[0].neuron_l4_add_lvl1[5][19]  
    core_inst/gen_l4[0].neuron_l4_add_lvl1[5][20]  
    core_inst/gen_l4[0].neuron_l4_add_lvl1[5][21]  
    core_inst/gen_l4[0].neuron_l4_add_lvl1[5][22]  
    core_inst/gen_l4[0].neuron_l4_add_lvl1[5][23]  
    core_inst/gen_l4[0].neuron_l4_add_lvl1[5][24]  
    core_inst/gen_l4[0].neuron_l4_add_lvl1[5][25]  
    core_inst/gen_l4[0].neuron_l4_add_lvl1[5][26]  
    core_inst/gen_l4[0].neuron_l4_add_lvl1[5][27]  
    core_inst/gen_l4[0].neuron_l4_add_lvl1[5][28]  
    core_inst/gen_l4[0].neuron_l4_add_lvl1[5][29]  
    core_inst/gen_l4[0].neuron_l4_add_lvl1[5][30]  
    core_inst/gen_l4[0].neuron_l4_add_lvl1[5][31]  
    core_inst/gen_l4[0].neuron_l4_add_lvl1[4][16]  
    core_inst/gen_l4[0].neuron_l4_add_lvl1[4][17]  
    core_inst/gen_l4[0].neuron_l4_add_lvl1[4][18]  
    core_inst/gen_l4[0].neuron_l4_add_lvl1[4][19]  
    core_inst/gen_l4[0].neuron_l4_add_lvl1[4][20]  
    core_inst/gen_l4[0].neuron_l4_add_lvl1[4][21]  
    core_inst/gen_l4[0].neuron_l4_add_lvl1[4][22]  
    core_inst/gen_l4[0].neuron_l4_add_lvl1[4][23]  
    core_inst/gen_l4[0].neuron_l4_add_lvl1[4][24]  
    core_inst/gen_l4[0].neuron_l4_add_lvl1[4][25]  
    core_inst/gen_l4[0].neuron_l4_add_lvl1[4][26]  
    core_inst/gen_l4[0].neuron_l4_add_lvl1[4][27]  
    core_inst/gen_l4[0].neuron_l4_add_lvl1[4][28]  
    core_inst/gen_l4[0].neuron_l4_add_lvl1[4][29]  
    core_inst/gen_l4[0].neuron_l4_add_lvl1[4][30]  
    core_inst/gen_l4[0].neuron_l4_add_lvl1[4][31]  
    core_inst/gen_l4[0].neuron_l4_add_lvl1[3][16]  
    core_inst/gen_l4[0].neuron_l4_add_lvl1[3][17]  
    core_inst/gen_l4[0].neuron_l4_add_lvl1[3][18]  
    core_inst/gen_l4[0].neuron_l4_add_lvl1[3][19]  
    core_inst/gen_l4[0].neuron_l4_add_lvl1[3][20]  
    core_inst/gen_l4[0].neuron_l4_add_lvl1[3][21]  
    core_inst/gen_l4[0].neuron_l4_add_lvl1[3][22]  
    core_inst/gen_l4[0].neuron_l4_add_lvl1[3][23]  
    core_inst/gen_l4[0].neuron_l4_add_lvl1[3][24]  
    core_inst/gen_l4[0].neuron_l4_add_lvl1[3][25]  
    core_inst/gen_l4[0].neuron_l4_add_lvl1[3][26]  
    core_inst/gen_l4[0].neuron_l4_add_lvl1[3][27]  
    core_inst/gen_l4[0].neuron_l4_add_lvl1[3][28]  
    core_inst/gen_l4[0].neuron_l4_add_lvl1[3][29]  
    core_inst/gen_l4[0].neuron_l4_add_lvl1[3][30]  
    core_inst/gen_l4[0].neuron_l4_add_lvl1[3][31]  
    core_inst/gen_l4[0].neuron_l4_add_lvl1[2][16]  
    core_inst/gen_l4[0].neuron_l4_add_lvl1[2][17]  
    core_inst/gen_l4[0].neuron_l4_add_lvl1[2][18]  
    core_inst/gen_l4[0].neuron_l4_add_lvl1[2][19]  
    core_inst/gen_l4[0].neuron_l4_add_lvl1[2][20]  
    core_inst/gen_l4[0].neuron_l4_add_lvl1[2][21]  
    core_inst/gen_l4[0].neuron_l4_add_lvl1[2][22]  
    core_inst/gen_l4[0].neuron_l4_add_lvl1[2][23]  
    core_inst/gen_l4[0].neuron_l4_add_lvl1[2][24]  
    core_inst/gen_l4[0].neuron_l4_add_lvl1[2][25]  
    core_inst/gen_l4[0].neuron_l4_add_lvl1[2][26]  
    core_inst/gen_l4[0].neuron_l4_add_lvl1[2][27]  
    core_inst/gen_l4[0].neuron_l4_add_lvl1[2][28]  
    core_inst/gen_l4[0].neuron_l4_add_lvl1[2][29]  
    core_inst/gen_l4[0].neuron_l4_add_lvl1[2][30]  
    core_inst/gen_l4[0].neuron_l4_add_lvl1[2][31]  
    core_inst/gen_l4[0].neuron_l4_add_lvl1[1][16]  
    core_inst/gen_l4[0].neuron_l4_add_lvl1[1][17]  
    core_inst/gen_l4[0].neuron_l4_add_lvl1[1][18]  
    core_inst/gen_l4[0].neuron_l4_add_lvl1[1][19]  
    core_inst/gen_l4[0].neuron_l4_add_lvl1[1][20]  
    core_inst/gen_l4[0].neuron_l4_add_lvl1[1][21]  
    core_inst/gen_l4[0].neuron_l4_add_lvl1[1][22]  
    core_inst/gen_l4[0].neuron_l4_add_lvl1[1][23]  
    core_inst/gen_l4[0].neuron_l4_add_lvl1[1][24]  
    core_inst/gen_l4[0].neuron_l4_add_lvl1[1][25]  
    core_inst/gen_l4[0].neuron_l4_add_lvl1[1][26]  
    core_inst/gen_l4[0].neuron_l4_add_lvl1[1][27]  
    core_inst/gen_l4[0].neuron_l4_add_lvl1[1][28]  
    core_inst/gen_l4[0].neuron_l4_add_lvl1[1][29]  
    core_inst/gen_l4[0].neuron_l4_add_lvl1[1][30]  
    core_inst/gen_l4[0].neuron_l4_add_lvl1[1][31]  
    core_inst/gen_l4[0].neuron_l4_add_lvl1[0][16]  
    core_inst/gen_l4[0].neuron_l4_add_lvl1[0][17]  
    core_inst/gen_l4[0].neuron_l4_add_lvl1[0][18]  
    core_inst/gen_l4[0].neuron_l4_add_lvl1[0][19]  
    core_inst/gen_l4[0].neuron_l4_add_lvl1[0][20]  
    core_inst/gen_l4[0].neuron_l4_add_lvl1[0][21]  
    core_inst/gen_l4[0].neuron_l4_add_lvl1[0][22]  
    core_inst/gen_l4[0].neuron_l4_add_lvl1[0][23]  
    core_inst/gen_l4[0].neuron_l4_add_lvl1[0][24]  
    core_inst/gen_l4[0].neuron_l4_add_lvl1[0][25]  
    core_inst/gen_l4[0].neuron_l4_add_lvl1[0][26]  
    core_inst/gen_l4[0].neuron_l4_add_lvl1[0][27]  
    core_inst/gen_l4[0].neuron_l4_add_lvl1[0][28]  
    core_inst/gen_l4[0].neuron_l4_add_lvl1[0][29]  
    core_inst/gen_l4[0].neuron_l4_add_lvl1[0][30]  
    core_inst/gen_l4[0].neuron_l4_add_lvl1[0][31]  
    core_inst/gen_l4[0].neuron_l4_mult[15][15]  
    core_inst/gen_l4[0].neuron_l4_mult[14][15]  
    core_inst/gen_l4[0].neuron_l4_mult[13][15]  
    core_inst/gen_l4[0].neuron_l4_mult[12][15]  
    core_inst/gen_l4[0].neuron_l4_mult[11][15]  
    core_inst/gen_l4[0].neuron_l4_mult[10][15]  
    core_inst/gen_l4[0].neuron_l4_mult[9][15]  
    core_inst/gen_l4[0].neuron_l4_mult[8][15]  
    core_inst/gen_l4[0].neuron_l4_mult[7][15]  
    core_inst/gen_l4[0].neuron_l4_mult[6][15]  
    core_inst/gen_l4[0].neuron_l4_mult[5][15]  
    core_inst/gen_l4[0].neuron_l4_mult[4][15]  
    core_inst/gen_l4[0].neuron_l4_mult[3][15]  
    core_inst/gen_l4[0].neuron_l4_mult[2][15]  
    core_inst/gen_l4[0].neuron_l4_mult[1][15]  
    core_inst/gen_l4[0].neuron_l4_mult[0][15]  
    core_inst/gen_l3[9].neuron_l3_sum_with_bias[0]  
    core_inst/gen_l3[9].neuron_l3_sum_with_bias[1]  
    core_inst/gen_l3[9].neuron_l3_sum_with_bias[2]  
    core_inst/gen_l3[9].neuron_l3_sum_with_bias[3]  
    core_inst/gen_l3[9].neuron_l3_sum_with_bias[4]  
    core_inst/gen_l3[9].neuron_l3_sum_with_bias[19]  
    core_inst/gen_l3[9].neuron_l3_sum_with_bias[20]  
    core_inst/gen_l3[9].neuron_l3_sum_with_bias[21]  
    core_inst/gen_l3[9].neuron_l3_sum_with_bias[22]  
    core_inst/gen_l3[9].neuron_l3_sum_with_bias[23]  
    core_inst/gen_l3[9].neuron_l3_sum_with_bias[24]  
    core_inst/gen_l3[9].neuron_l3_sum_with_bias[25]  
    core_inst/gen_l3[9].neuron_l3_sum_with_bias[26]  
    core_inst/gen_l3[9].neuron_l3_sum_with_bias[27]  
    core_inst/gen_l3[9].neuron_l3_sum_with_bias[28]  
    core_inst/gen_l3[9].neuron_l3_sum_with_bias[29]  
    core_inst/gen_l3[9].neuron_l3_sum_with_bias[30]  
    core_inst/gen_l3[9].neuron_l3_add_lvl3_1[18]  
    core_inst/gen_l3[9].neuron_l3_add_lvl3_1[19]  
    core_inst/gen_l3[9].neuron_l3_add_lvl3_1[20]  
    core_inst/gen_l3[9].neuron_l3_add_lvl3_1[21]  
    core_inst/gen_l3[9].neuron_l3_add_lvl3_1[22]  
    core_inst/gen_l3[9].neuron_l3_add_lvl3_1[23]  
    core_inst/gen_l3[9].neuron_l3_add_lvl3_1[24]  
    core_inst/gen_l3[9].neuron_l3_add_lvl3_1[25]  
    core_inst/gen_l3[9].neuron_l3_add_lvl3_1[26]  
    core_inst/gen_l3[9].neuron_l3_add_lvl3_1[27]  
    core_inst/gen_l3[9].neuron_l3_add_lvl3_1[28]  
    core_inst/gen_l3[9].neuron_l3_add_lvl3_1[29]  
    core_inst/gen_l3[9].neuron_l3_add_lvl3_1[30]  
    core_inst/gen_l3[9].neuron_l3_add_lvl3_1[31]  
    core_inst/gen_l3[9].neuron_l3_add_lvl3_0[18]  
    core_inst/gen_l3[9].neuron_l3_add_lvl3_0[19]  
    core_inst/gen_l3[9].neuron_l3_add_lvl3_0[20]  
    core_inst/gen_l3[9].neuron_l3_add_lvl3_0[21]  
    core_inst/gen_l3[9].neuron_l3_add_lvl3_0[22]  
    core_inst/gen_l3[9].neuron_l3_add_lvl3_0[23]  
    core_inst/gen_l3[9].neuron_l3_add_lvl3_0[24]  
    core_inst/gen_l3[9].neuron_l3_add_lvl3_0[25]  
    core_inst/gen_l3[9].neuron_l3_add_lvl3_0[26]  
    core_inst/gen_l3[9].neuron_l3_add_lvl3_0[27]  
    core_inst/gen_l3[9].neuron_l3_add_lvl3_0[28]  
    core_inst/gen_l3[9].neuron_l3_add_lvl3_0[29]  
    core_inst/gen_l3[9].neuron_l3_add_lvl3_0[30]  
    core_inst/gen_l3[9].neuron_l3_add_lvl3_0[31]  
    core_inst/gen_l3[9].neuron_l3_add_lvl2[3][17]  
    core_inst/gen_l3[9].neuron_l3_add_lvl2[3][18]  
    core_inst/gen_l3[9].neuron_l3_add_lvl2[3][19]  
    core_inst/gen_l3[9].neuron_l3_add_lvl2[3][20]  
    core_inst/gen_l3[9].neuron_l3_add_lvl2[3][21]  
    core_inst/gen_l3[9].neuron_l3_add_lvl2[3][22]  
    core_inst/gen_l3[9].neuron_l3_add_lvl2[3][23]  
    core_inst/gen_l3[9].neuron_l3_add_lvl2[3][24]  
    core_inst/gen_l3[9].neuron_l3_add_lvl2[3][25]  
    core_inst/gen_l3[9].neuron_l3_add_lvl2[3][26]  
    core_inst/gen_l3[9].neuron_l3_add_lvl2[3][27]  
    core_inst/gen_l3[9].neuron_l3_add_lvl2[3][28]  
    core_inst/gen_l3[9].neuron_l3_add_lvl2[3][29]  
    core_inst/gen_l3[9].neuron_l3_add_lvl2[3][30]  
    core_inst/gen_l3[9].neuron_l3_add_lvl2[3][31]  
    core_inst/gen_l3[9].neuron_l3_add_lvl2[2][17]  
    core_inst/gen_l3[9].neuron_l3_add_lvl2[2][18]  
    core_inst/gen_l3[9].neuron_l3_add_lvl2[2][19]  
    core_inst/gen_l3[9].neuron_l3_add_lvl2[2][20]  
    core_inst/gen_l3[9].neuron_l3_add_lvl2[2][21]  
    core_inst/gen_l3[9].neuron_l3_add_lvl2[2][22]  
    core_inst/gen_l3[9].neuron_l3_add_lvl2[2][23]  
    core_inst/gen_l3[9].neuron_l3_add_lvl2[2][24]  
    core_inst/gen_l3[9].neuron_l3_add_lvl2[2][25]  
    core_inst/gen_l3[9].neuron_l3_add_lvl2[2][26]  
    core_inst/gen_l3[9].neuron_l3_add_lvl2[2][27]  
    core_inst/gen_l3[9].neuron_l3_add_lvl2[2][28]  
    core_inst/gen_l3[9].neuron_l3_add_lvl2[2][29]  
    core_inst/gen_l3[9].neuron_l3_add_lvl2[2][30]  
    core_inst/gen_l3[9].neuron_l3_add_lvl2[2][31]  
    core_inst/gen_l3[9].neuron_l3_add_lvl2[1][17]  
    core_inst/gen_l3[9].neuron_l3_add_lvl2[1][18]  
    core_inst/gen_l3[9].neuron_l3_add_lvl2[1][19]  
    core_inst/gen_l3[9].neuron_l3_add_lvl2[1][20]  
    core_inst/gen_l3[9].neuron_l3_add_lvl2[1][21]  
    core_inst/gen_l3[9].neuron_l3_add_lvl2[1][22]  
    core_inst/gen_l3[9].neuron_l3_add_lvl2[1][23]  
    core_inst/gen_l3[9].neuron_l3_add_lvl2[1][24]  
    core_inst/gen_l3[9].neuron_l3_add_lvl2[1][25]  
    core_inst/gen_l3[9].neuron_l3_add_lvl2[1][26]  
    core_inst/gen_l3[9].neuron_l3_add_lvl2[1][27]  
    core_inst/gen_l3[9].neuron_l3_add_lvl2[1][28]  
    core_inst/gen_l3[9].neuron_l3_add_lvl2[1][29]  
    core_inst/gen_l3[9].neuron_l3_add_lvl2[1][30]  
    core_inst/gen_l3[9].neuron_l3_add_lvl2[1][31]  
    core_inst/gen_l3[9].neuron_l3_add_lvl2[0][17]  
    core_inst/gen_l3[9].neuron_l3_add_lvl2[0][18]  
    core_inst/gen_l3[9].neuron_l3_add_lvl2[0][19]  
    core_inst/gen_l3[9].neuron_l3_add_lvl2[0][20]  
    core_inst/gen_l3[9].neuron_l3_add_lvl2[0][21]  
    core_inst/gen_l3[9].neuron_l3_add_lvl2[0][22]  
    core_inst/gen_l3[9].neuron_l3_add_lvl2[0][23]  
    core_inst/gen_l3[9].neuron_l3_add_lvl2[0][24]  
    core_inst/gen_l3[9].neuron_l3_add_lvl2[0][25]  
    core_inst/gen_l3[9].neuron_l3_add_lvl2[0][26]  
    core_inst/gen_l3[9].neuron_l3_add_lvl2[0][27]  
    core_inst/gen_l3[9].neuron_l3_add_lvl2[0][28]  
    core_inst/gen_l3[9].neuron_l3_add_lvl2[0][29]  
    core_inst/gen_l3[9].neuron_l3_add_lvl2[0][30]  
    core_inst/gen_l3[9].neuron_l3_add_lvl2[0][31]  
    core_inst/gen_l3[9].neuron_l3_add_lvl1[7][16]  
    core_inst/gen_l3[9].neuron_l3_add_lvl1[7][17]  
    core_inst/gen_l3[9].neuron_l3_add_lvl1[7][18]  
    core_inst/gen_l3[9].neuron_l3_add_lvl1[7][19]  
    core_inst/gen_l3[9].neuron_l3_add_lvl1[7][20]  
    core_inst/gen_l3[9].neuron_l3_add_lvl1[7][21]  
    core_inst/gen_l3[9].neuron_l3_add_lvl1[7][22]  
    core_inst/gen_l3[9].neuron_l3_add_lvl1[7][23]  
    core_inst/gen_l3[9].neuron_l3_add_lvl1[7][24]  
    core_inst/gen_l3[9].neuron_l3_add_lvl1[7][25]  
    core_inst/gen_l3[9].neuron_l3_add_lvl1[7][26]  
    core_inst/gen_l3[9].neuron_l3_add_lvl1[7][27]  
    core_inst/gen_l3[9].neuron_l3_add_lvl1[7][28]  
    core_inst/gen_l3[9].neuron_l3_add_lvl1[7][29]  
    core_inst/gen_l3[9].neuron_l3_add_lvl1[7][30]  
    core_inst/gen_l3[9].neuron_l3_add_lvl1[7][31]  
    core_inst/gen_l3[9].neuron_l3_add_lvl1[6][16]  
    core_inst/gen_l3[9].neuron_l3_add_lvl1[6][17]  
    core_inst/gen_l3[9].neuron_l3_add_lvl1[6][18]  
    core_inst/gen_l3[9].neuron_l3_add_lvl1[6][19]  
    core_inst/gen_l3[9].neuron_l3_add_lvl1[6][20]  
    core_inst/gen_l3[9].neuron_l3_add_lvl1[6][21]  
    core_inst/gen_l3[9].neuron_l3_add_lvl1[6][22]  
    core_inst/gen_l3[9].neuron_l3_add_lvl1[6][23]  
    core_inst/gen_l3[9].neuron_l3_add_lvl1[6][24]  
    core_inst/gen_l3[9].neuron_l3_add_lvl1[6][25]  
    core_inst/gen_l3[9].neuron_l3_add_lvl1[6][26]  
    core_inst/gen_l3[9].neuron_l3_add_lvl1[6][27]  
    core_inst/gen_l3[9].neuron_l3_add_lvl1[6][28]  
    core_inst/gen_l3[9].neuron_l3_add_lvl1[6][29]  
    core_inst/gen_l3[9].neuron_l3_add_lvl1[6][30]  
    core_inst/gen_l3[9].neuron_l3_add_lvl1[6][31]  
    core_inst/gen_l3[9].neuron_l3_add_lvl1[5][16]  
    core_inst/gen_l3[9].neuron_l3_add_lvl1[5][17]  
    core_inst/gen_l3[9].neuron_l3_add_lvl1[5][18]  
    core_inst/gen_l3[9].neuron_l3_add_lvl1[5][19]  
    core_inst/gen_l3[9].neuron_l3_add_lvl1[5][20]  
    core_inst/gen_l3[9].neuron_l3_add_lvl1[5][21]  
    core_inst/gen_l3[9].neuron_l3_add_lvl1[5][22]  
    core_inst/gen_l3[9].neuron_l3_add_lvl1[5][23]  
    core_inst/gen_l3[9].neuron_l3_add_lvl1[5][24]  
    core_inst/gen_l3[9].neuron_l3_add_lvl1[5][25]  
    core_inst/gen_l3[9].neuron_l3_add_lvl1[5][26]  
    core_inst/gen_l3[9].neuron_l3_add_lvl1[5][27]  
    core_inst/gen_l3[9].neuron_l3_add_lvl1[5][28]  
    core_inst/gen_l3[9].neuron_l3_add_lvl1[5][29]  
    core_inst/gen_l3[9].neuron_l3_add_lvl1[5][30]  
    core_inst/gen_l3[9].neuron_l3_add_lvl1[5][31]  
    core_inst/gen_l3[9].neuron_l3_add_lvl1[4][16]  
    core_inst/gen_l3[9].neuron_l3_add_lvl1[4][17]  
    core_inst/gen_l3[9].neuron_l3_add_lvl1[4][18]  
    core_inst/gen_l3[9].neuron_l3_add_lvl1[4][19]  
    core_inst/gen_l3[9].neuron_l3_add_lvl1[4][20]  
    core_inst/gen_l3[9].neuron_l3_add_lvl1[4][21]  
    core_inst/gen_l3[9].neuron_l3_add_lvl1[4][22]  
    core_inst/gen_l3[9].neuron_l3_add_lvl1[4][23]  
    core_inst/gen_l3[9].neuron_l3_add_lvl1[4][24]  
    core_inst/gen_l3[9].neuron_l3_add_lvl1[4][25]  
    core_inst/gen_l3[9].neuron_l3_add_lvl1[4][26]  
    core_inst/gen_l3[9].neuron_l3_add_lvl1[4][27]  
    core_inst/gen_l3[9].neuron_l3_add_lvl1[4][28]  
    core_inst/gen_l3[9].neuron_l3_add_lvl1[4][29]  
    core_inst/gen_l3[9].neuron_l3_add_lvl1[4][30]  
    core_inst/gen_l3[9].neuron_l3_add_lvl1[4][31]  
    core_inst/gen_l3[9].neuron_l3_add_lvl1[3][16]  
    core_inst/gen_l3[9].neuron_l3_add_lvl1[3][17]  
    core_inst/gen_l3[9].neuron_l3_add_lvl1[3][18]  
    core_inst/gen_l3[9].neuron_l3_add_lvl1[3][19]  
    core_inst/gen_l3[9].neuron_l3_add_lvl1[3][20]  
    core_inst/gen_l3[9].neuron_l3_add_lvl1[3][21]  
    core_inst/gen_l3[9].neuron_l3_add_lvl1[3][22]  
    core_inst/gen_l3[9].neuron_l3_add_lvl1[3][23]  
    core_inst/gen_l3[9].neuron_l3_add_lvl1[3][24]  
    core_inst/gen_l3[9].neuron_l3_add_lvl1[3][25]  
    core_inst/gen_l3[9].neuron_l3_add_lvl1[3][26]  
    core_inst/gen_l3[9].neuron_l3_add_lvl1[3][27]  
    core_inst/gen_l3[9].neuron_l3_add_lvl1[3][28]  
    core_inst/gen_l3[9].neuron_l3_add_lvl1[3][29]  
    core_inst/gen_l3[9].neuron_l3_add_lvl1[3][30]  
    core_inst/gen_l3[9].neuron_l3_add_lvl1[3][31]  
    core_inst/gen_l3[9].neuron_l3_add_lvl1[2][16]  
    core_inst/gen_l3[9].neuron_l3_add_lvl1[2][17]  
    core_inst/gen_l3[9].neuron_l3_add_lvl1[2][18]  
    core_inst/gen_l3[9].neuron_l3_add_lvl1[2][19]  
    core_inst/gen_l3[9].neuron_l3_add_lvl1[2][20]  
    core_inst/gen_l3[9].neuron_l3_add_lvl1[2][21]  
    core_inst/gen_l3[9].neuron_l3_add_lvl1[2][22]  
    core_inst/gen_l3[9].neuron_l3_add_lvl1[2][23]  
    core_inst/gen_l3[9].neuron_l3_add_lvl1[2][24]  
    core_inst/gen_l3[9].neuron_l3_add_lvl1[2][25]  
    core_inst/gen_l3[9].neuron_l3_add_lvl1[2][26]  
    core_inst/gen_l3[9].neuron_l3_add_lvl1[2][27]  
    core_inst/gen_l3[9].neuron_l3_add_lvl1[2][28]  
    core_inst/gen_l3[9].neuron_l3_add_lvl1[2][29]  
    core_inst/gen_l3[9].neuron_l3_add_lvl1[2][30]  
    core_inst/gen_l3[9].neuron_l3_add_lvl1[2][31]  
    core_inst/gen_l3[9].neuron_l3_add_lvl1[1][16]  
    core_inst/gen_l3[9].neuron_l3_add_lvl1[1][17]  
    core_inst/gen_l3[9].neuron_l3_add_lvl1[1][18]  
    core_inst/gen_l3[9].neuron_l3_add_lvl1[1][19]  
    core_inst/gen_l3[9].neuron_l3_add_lvl1[1][20]  
    core_inst/gen_l3[9].neuron_l3_add_lvl1[1][21]  
    core_inst/gen_l3[9].neuron_l3_add_lvl1[1][22]  
    core_inst/gen_l3[9].neuron_l3_add_lvl1[1][23]  
    core_inst/gen_l3[9].neuron_l3_add_lvl1[1][24]  
    core_inst/gen_l3[9].neuron_l3_add_lvl1[1][25]  
    core_inst/gen_l3[9].neuron_l3_add_lvl1[1][26]  
    core_inst/gen_l3[9].neuron_l3_add_lvl1[1][27]  
    core_inst/gen_l3[9].neuron_l3_add_lvl1[1][28]  
    core_inst/gen_l3[9].neuron_l3_add_lvl1[1][29]  
    core_inst/gen_l3[9].neuron_l3_add_lvl1[1][30]  
    core_inst/gen_l3[9].neuron_l3_add_lvl1[1][31]  
    core_inst/gen_l3[9].neuron_l3_add_lvl1[0][16]  
    core_inst/gen_l3[9].neuron_l3_add_lvl1[0][17]  
    core_inst/gen_l3[9].neuron_l3_add_lvl1[0][18]  
    core_inst/gen_l3[9].neuron_l3_add_lvl1[0][19]  
    core_inst/gen_l3[9].neuron_l3_add_lvl1[0][20]  
    core_inst/gen_l3[9].neuron_l3_add_lvl1[0][21]  
    core_inst/gen_l3[9].neuron_l3_add_lvl1[0][22]  
    core_inst/gen_l3[9].neuron_l3_add_lvl1[0][23]  
    core_inst/gen_l3[9].neuron_l3_add_lvl1[0][24]  
    core_inst/gen_l3[9].neuron_l3_add_lvl1[0][25]  
    core_inst/gen_l3[9].neuron_l3_add_lvl1[0][26]  
    core_inst/gen_l3[9].neuron_l3_add_lvl1[0][27]  
    core_inst/gen_l3[9].neuron_l3_add_lvl1[0][28]  
    core_inst/gen_l3[9].neuron_l3_add_lvl1[0][29]  
    core_inst/gen_l3[9].neuron_l3_add_lvl1[0][30]  
    core_inst/gen_l3[9].neuron_l3_add_lvl1[0][31]  
    core_inst/gen_l3[9].neuron_l3_mult[15][15]  
    core_inst/gen_l3[9].neuron_l3_mult[14][15]  
    core_inst/gen_l3[9].neuron_l3_mult[13][15]  
    core_inst/gen_l3[9].neuron_l3_mult[12][15]  
    core_inst/gen_l3[9].neuron_l3_mult[11][15]  
    core_inst/gen_l3[9].neuron_l3_mult[10][15]  
    core_inst/gen_l3[9].neuron_l3_mult[9][15]  
    core_inst/gen_l3[9].neuron_l3_mult[8][15]  
    core_inst/gen_l3[9].neuron_l3_mult[7][15]  
    core_inst/gen_l3[9].neuron_l3_mult[6][15]  
    core_inst/gen_l3[9].neuron_l3_mult[5][15]  
    core_inst/gen_l3[9].neuron_l3_mult[4][15]  
    core_inst/gen_l3[9].neuron_l3_mult[3][15]  
    core_inst/gen_l3[9].neuron_l3_mult[2][15]  
    core_inst/gen_l3[9].neuron_l3_mult[1][15]  
    core_inst/gen_l3[9].neuron_l3_mult[0][15]  
    core_inst/gen_l3[8].neuron_l3_sum_with_bias[0]  
    core_inst/gen_l3[8].neuron_l3_sum_with_bias[1]  
    core_inst/gen_l3[8].neuron_l3_sum_with_bias[2]  
    core_inst/gen_l3[8].neuron_l3_sum_with_bias[3]  
    core_inst/gen_l3[8].neuron_l3_sum_with_bias[4]  
    core_inst/gen_l3[8].neuron_l3_sum_with_bias[19]  
    core_inst/gen_l3[8].neuron_l3_sum_with_bias[20]  
    core_inst/gen_l3[8].neuron_l3_sum_with_bias[21]  
    core_inst/gen_l3[8].neuron_l3_sum_with_bias[22]  
    core_inst/gen_l3[8].neuron_l3_sum_with_bias[23]  
    core_inst/gen_l3[8].neuron_l3_sum_with_bias[24]  
    core_inst/gen_l3[8].neuron_l3_sum_with_bias[25]  
    core_inst/gen_l3[8].neuron_l3_sum_with_bias[26]  
    core_inst/gen_l3[8].neuron_l3_sum_with_bias[27]  
    core_inst/gen_l3[8].neuron_l3_sum_with_bias[28]  
    core_inst/gen_l3[8].neuron_l3_sum_with_bias[29]  
    core_inst/gen_l3[8].neuron_l3_sum_with_bias[30]  
    core_inst/gen_l3[8].neuron_l3_add_lvl3_1[18]  
    core_inst/gen_l3[8].neuron_l3_add_lvl3_1[19]  
    core_inst/gen_l3[8].neuron_l3_add_lvl3_1[20]  
    core_inst/gen_l3[8].neuron_l3_add_lvl3_1[21]  
    core_inst/gen_l3[8].neuron_l3_add_lvl3_1[22]  
    core_inst/gen_l3[8].neuron_l3_add_lvl3_1[23]  
    core_inst/gen_l3[8].neuron_l3_add_lvl3_1[24]  
    core_inst/gen_l3[8].neuron_l3_add_lvl3_1[25]  
    core_inst/gen_l3[8].neuron_l3_add_lvl3_1[26]  
    core_inst/gen_l3[8].neuron_l3_add_lvl3_1[27]  
    core_inst/gen_l3[8].neuron_l3_add_lvl3_1[28]  
    core_inst/gen_l3[8].neuron_l3_add_lvl3_1[29]  
    core_inst/gen_l3[8].neuron_l3_add_lvl3_1[30]  
    core_inst/gen_l3[8].neuron_l3_add_lvl3_1[31]  
    core_inst/gen_l3[8].neuron_l3_add_lvl3_0[18]  
    core_inst/gen_l3[8].neuron_l3_add_lvl3_0[19]  
    core_inst/gen_l3[8].neuron_l3_add_lvl3_0[20]  
    core_inst/gen_l3[8].neuron_l3_add_lvl3_0[21]  
    core_inst/gen_l3[8].neuron_l3_add_lvl3_0[22]  
    core_inst/gen_l3[8].neuron_l3_add_lvl3_0[23]  
    core_inst/gen_l3[8].neuron_l3_add_lvl3_0[24]  
    core_inst/gen_l3[8].neuron_l3_add_lvl3_0[25]  
    core_inst/gen_l3[8].neuron_l3_add_lvl3_0[26]  
    core_inst/gen_l3[8].neuron_l3_add_lvl3_0[27]  
    core_inst/gen_l3[8].neuron_l3_add_lvl3_0[28]  
    core_inst/gen_l3[8].neuron_l3_add_lvl3_0[29]  
    core_inst/gen_l3[8].neuron_l3_add_lvl3_0[30]  
    core_inst/gen_l3[8].neuron_l3_add_lvl3_0[31]  
    core_inst/gen_l3[8].neuron_l3_add_lvl2[3][17]  
    core_inst/gen_l3[8].neuron_l3_add_lvl2[3][18]  
    core_inst/gen_l3[8].neuron_l3_add_lvl2[3][19]  
    core_inst/gen_l3[8].neuron_l3_add_lvl2[3][20]  
    core_inst/gen_l3[8].neuron_l3_add_lvl2[3][21]  
    core_inst/gen_l3[8].neuron_l3_add_lvl2[3][22]  
    core_inst/gen_l3[8].neuron_l3_add_lvl2[3][23]  
    core_inst/gen_l3[8].neuron_l3_add_lvl2[3][24]  
    core_inst/gen_l3[8].neuron_l3_add_lvl2[3][25]  
    core_inst/gen_l3[8].neuron_l3_add_lvl2[3][26]  
    core_inst/gen_l3[8].neuron_l3_add_lvl2[3][27]  
    core_inst/gen_l3[8].neuron_l3_add_lvl2[3][28]  
    core_inst/gen_l3[8].neuron_l3_add_lvl2[3][29]  
    core_inst/gen_l3[8].neuron_l3_add_lvl2[3][30]  
    core_inst/gen_l3[8].neuron_l3_add_lvl2[3][31]  
    core_inst/gen_l3[8].neuron_l3_add_lvl2[2][17]  
    core_inst/gen_l3[8].neuron_l3_add_lvl2[2][18]  
    core_inst/gen_l3[8].neuron_l3_add_lvl2[2][19]  
    core_inst/gen_l3[8].neuron_l3_add_lvl2[2][20]  
    core_inst/gen_l3[8].neuron_l3_add_lvl2[2][21]  
    core_inst/gen_l3[8].neuron_l3_add_lvl2[2][22]  
    core_inst/gen_l3[8].neuron_l3_add_lvl2[2][23]  
    core_inst/gen_l3[8].neuron_l3_add_lvl2[2][24]  
    core_inst/gen_l3[8].neuron_l3_add_lvl2[2][25]  
    core_inst/gen_l3[8].neuron_l3_add_lvl2[2][26]  
    core_inst/gen_l3[8].neuron_l3_add_lvl2[2][27]  
    core_inst/gen_l3[8].neuron_l3_add_lvl2[2][28]  
    core_inst/gen_l3[8].neuron_l3_add_lvl2[2][29]  
    core_inst/gen_l3[8].neuron_l3_add_lvl2[2][30]  
    core_inst/gen_l3[8].neuron_l3_add_lvl2[2][31]  
    core_inst/gen_l3[8].neuron_l3_add_lvl2[1][17]  
    core_inst/gen_l3[8].neuron_l3_add_lvl2[1][18]  
    core_inst/gen_l3[8].neuron_l3_add_lvl2[1][19]  
    core_inst/gen_l3[8].neuron_l3_add_lvl2[1][20]  
    core_inst/gen_l3[8].neuron_l3_add_lvl2[1][21]  
    core_inst/gen_l3[8].neuron_l3_add_lvl2[1][22]  
    core_inst/gen_l3[8].neuron_l3_add_lvl2[1][23]  
    core_inst/gen_l3[8].neuron_l3_add_lvl2[1][24]  
    core_inst/gen_l3[8].neuron_l3_add_lvl2[1][25]  
    core_inst/gen_l3[8].neuron_l3_add_lvl2[1][26]  
    core_inst/gen_l3[8].neuron_l3_add_lvl2[1][27]  
    core_inst/gen_l3[8].neuron_l3_add_lvl2[1][28]  
    core_inst/gen_l3[8].neuron_l3_add_lvl2[1][29]  
    core_inst/gen_l3[8].neuron_l3_add_lvl2[1][30]  
    core_inst/gen_l3[8].neuron_l3_add_lvl2[1][31]  
    core_inst/gen_l3[8].neuron_l3_add_lvl2[0][17]  
    core_inst/gen_l3[8].neuron_l3_add_lvl2[0][18]  
    core_inst/gen_l3[8].neuron_l3_add_lvl2[0][19]  
    core_inst/gen_l3[8].neuron_l3_add_lvl2[0][20]  
    core_inst/gen_l3[8].neuron_l3_add_lvl2[0][21]  
    core_inst/gen_l3[8].neuron_l3_add_lvl2[0][22]  
    core_inst/gen_l3[8].neuron_l3_add_lvl2[0][23]  
    core_inst/gen_l3[8].neuron_l3_add_lvl2[0][24]  
    core_inst/gen_l3[8].neuron_l3_add_lvl2[0][25]  
    core_inst/gen_l3[8].neuron_l3_add_lvl2[0][26]  
    core_inst/gen_l3[8].neuron_l3_add_lvl2[0][27]  
    core_inst/gen_l3[8].neuron_l3_add_lvl2[0][28]  
    core_inst/gen_l3[8].neuron_l3_add_lvl2[0][29]  
    core_inst/gen_l3[8].neuron_l3_add_lvl2[0][30]  
    core_inst/gen_l3[8].neuron_l3_add_lvl2[0][31]  
    core_inst/gen_l3[8].neuron_l3_add_lvl1[7][16]  
    core_inst/gen_l3[8].neuron_l3_add_lvl1[7][17]  
    core_inst/gen_l3[8].neuron_l3_add_lvl1[7][18]  
    core_inst/gen_l3[8].neuron_l3_add_lvl1[7][19]  
    core_inst/gen_l3[8].neuron_l3_add_lvl1[7][20]  
    core_inst/gen_l3[8].neuron_l3_add_lvl1[7][21]  
    core_inst/gen_l3[8].neuron_l3_add_lvl1[7][22]  
    core_inst/gen_l3[8].neuron_l3_add_lvl1[7][23]  
    core_inst/gen_l3[8].neuron_l3_add_lvl1[7][24]  
    core_inst/gen_l3[8].neuron_l3_add_lvl1[7][25]  
    core_inst/gen_l3[8].neuron_l3_add_lvl1[7][26]  
    core_inst/gen_l3[8].neuron_l3_add_lvl1[7][27]  
    core_inst/gen_l3[8].neuron_l3_add_lvl1[7][28]  
    core_inst/gen_l3[8].neuron_l3_add_lvl1[7][29]  
    core_inst/gen_l3[8].neuron_l3_add_lvl1[7][30]  
    core_inst/gen_l3[8].neuron_l3_add_lvl1[7][31]  
    core_inst/gen_l3[8].neuron_l3_add_lvl1[6][16]  
    core_inst/gen_l3[8].neuron_l3_add_lvl1[6][17]  
    core_inst/gen_l3[8].neuron_l3_add_lvl1[6][18]  
    core_inst/gen_l3[8].neuron_l3_add_lvl1[6][19]  
    core_inst/gen_l3[8].neuron_l3_add_lvl1[6][20]  
    core_inst/gen_l3[8].neuron_l3_add_lvl1[6][21]  
    core_inst/gen_l3[8].neuron_l3_add_lvl1[6][22]  
    core_inst/gen_l3[8].neuron_l3_add_lvl1[6][23]  
    core_inst/gen_l3[8].neuron_l3_add_lvl1[6][24]  
    core_inst/gen_l3[8].neuron_l3_add_lvl1[6][25]  
    core_inst/gen_l3[8].neuron_l3_add_lvl1[6][26]  
    core_inst/gen_l3[8].neuron_l3_add_lvl1[6][27]  
    core_inst/gen_l3[8].neuron_l3_add_lvl1[6][28]  
    core_inst/gen_l3[8].neuron_l3_add_lvl1[6][29]  
    core_inst/gen_l3[8].neuron_l3_add_lvl1[6][30]  
    core_inst/gen_l3[8].neuron_l3_add_lvl1[6][31]  
    core_inst/gen_l3[8].neuron_l3_add_lvl1[5][16]  
    core_inst/gen_l3[8].neuron_l3_add_lvl1[5][17]  
    core_inst/gen_l3[8].neuron_l3_add_lvl1[5][18]  
    core_inst/gen_l3[8].neuron_l3_add_lvl1[5][19]  
    core_inst/gen_l3[8].neuron_l3_add_lvl1[5][20]  
    core_inst/gen_l3[8].neuron_l3_add_lvl1[5][21]  
    core_inst/gen_l3[8].neuron_l3_add_lvl1[5][22]  
    core_inst/gen_l3[8].neuron_l3_add_lvl1[5][23]  
    core_inst/gen_l3[8].neuron_l3_add_lvl1[5][24]  
    core_inst/gen_l3[8].neuron_l3_add_lvl1[5][25]  
    core_inst/gen_l3[8].neuron_l3_add_lvl1[5][26]  
    core_inst/gen_l3[8].neuron_l3_add_lvl1[5][27]  
    core_inst/gen_l3[8].neuron_l3_add_lvl1[5][28]  
    core_inst/gen_l3[8].neuron_l3_add_lvl1[5][29]  
    core_inst/gen_l3[8].neuron_l3_add_lvl1[5][30]  
    core_inst/gen_l3[8].neuron_l3_add_lvl1[5][31]  
    core_inst/gen_l3[8].neuron_l3_add_lvl1[4][16]  
    core_inst/gen_l3[8].neuron_l3_add_lvl1[4][17]  
    core_inst/gen_l3[8].neuron_l3_add_lvl1[4][18]  
    core_inst/gen_l3[8].neuron_l3_add_lvl1[4][19]  
    core_inst/gen_l3[8].neuron_l3_add_lvl1[4][20]  
    core_inst/gen_l3[8].neuron_l3_add_lvl1[4][21]  
    core_inst/gen_l3[8].neuron_l3_add_lvl1[4][22]  
    core_inst/gen_l3[8].neuron_l3_add_lvl1[4][23]  
    core_inst/gen_l3[8].neuron_l3_add_lvl1[4][24]  
    core_inst/gen_l3[8].neuron_l3_add_lvl1[4][25]  
    core_inst/gen_l3[8].neuron_l3_add_lvl1[4][26]  
    core_inst/gen_l3[8].neuron_l3_add_lvl1[4][27]  
    core_inst/gen_l3[8].neuron_l3_add_lvl1[4][28]  
    core_inst/gen_l3[8].neuron_l3_add_lvl1[4][29]  
    core_inst/gen_l3[8].neuron_l3_add_lvl1[4][30]  
    core_inst/gen_l3[8].neuron_l3_add_lvl1[4][31]  
    core_inst/gen_l3[8].neuron_l3_add_lvl1[3][16]  
    core_inst/gen_l3[8].neuron_l3_add_lvl1[3][17]  
    core_inst/gen_l3[8].neuron_l3_add_lvl1[3][18]  
    core_inst/gen_l3[8].neuron_l3_add_lvl1[3][19]  
    core_inst/gen_l3[8].neuron_l3_add_lvl1[3][20]  
    core_inst/gen_l3[8].neuron_l3_add_lvl1[3][21]  
    core_inst/gen_l3[8].neuron_l3_add_lvl1[3][22]  
    core_inst/gen_l3[8].neuron_l3_add_lvl1[3][23]  
    core_inst/gen_l3[8].neuron_l3_add_lvl1[3][24]  
    core_inst/gen_l3[8].neuron_l3_add_lvl1[3][25]  
    core_inst/gen_l3[8].neuron_l3_add_lvl1[3][26]  
    core_inst/gen_l3[8].neuron_l3_add_lvl1[3][27]  
    core_inst/gen_l3[8].neuron_l3_add_lvl1[3][28]  
    core_inst/gen_l3[8].neuron_l3_add_lvl1[3][29]  
    core_inst/gen_l3[8].neuron_l3_add_lvl1[3][30]  
    core_inst/gen_l3[8].neuron_l3_add_lvl1[3][31]  
    core_inst/gen_l3[8].neuron_l3_add_lvl1[2][16]  
    core_inst/gen_l3[8].neuron_l3_add_lvl1[2][17]  
    core_inst/gen_l3[8].neuron_l3_add_lvl1[2][18]  
    core_inst/gen_l3[8].neuron_l3_add_lvl1[2][19]  
    core_inst/gen_l3[8].neuron_l3_add_lvl1[2][20]  
    core_inst/gen_l3[8].neuron_l3_add_lvl1[2][21]  
    core_inst/gen_l3[8].neuron_l3_add_lvl1[2][22]  
    core_inst/gen_l3[8].neuron_l3_add_lvl1[2][23]  
    core_inst/gen_l3[8].neuron_l3_add_lvl1[2][24]  
    core_inst/gen_l3[8].neuron_l3_add_lvl1[2][25]  
    core_inst/gen_l3[8].neuron_l3_add_lvl1[2][26]  
    core_inst/gen_l3[8].neuron_l3_add_lvl1[2][27]  
    core_inst/gen_l3[8].neuron_l3_add_lvl1[2][28]  
    core_inst/gen_l3[8].neuron_l3_add_lvl1[2][29]  
    core_inst/gen_l3[8].neuron_l3_add_lvl1[2][30]  
    core_inst/gen_l3[8].neuron_l3_add_lvl1[2][31]  
    core_inst/gen_l3[8].neuron_l3_add_lvl1[1][16]  
    core_inst/gen_l3[8].neuron_l3_add_lvl1[1][17]  
    core_inst/gen_l3[8].neuron_l3_add_lvl1[1][18]  
    core_inst/gen_l3[8].neuron_l3_add_lvl1[1][19]  
    core_inst/gen_l3[8].neuron_l3_add_lvl1[1][20]  
    core_inst/gen_l3[8].neuron_l3_add_lvl1[1][21]  
    core_inst/gen_l3[8].neuron_l3_add_lvl1[1][22]  
    core_inst/gen_l3[8].neuron_l3_add_lvl1[1][23]  
    core_inst/gen_l3[8].neuron_l3_add_lvl1[1][24]  
    core_inst/gen_l3[8].neuron_l3_add_lvl1[1][25]  
    core_inst/gen_l3[8].neuron_l3_add_lvl1[1][26]  
    core_inst/gen_l3[8].neuron_l3_add_lvl1[1][27]  
    core_inst/gen_l3[8].neuron_l3_add_lvl1[1][28]  
    core_inst/gen_l3[8].neuron_l3_add_lvl1[1][29]  
    core_inst/gen_l3[8].neuron_l3_add_lvl1[1][30]  
    core_inst/gen_l3[8].neuron_l3_add_lvl1[1][31]  
    core_inst/gen_l3[8].neuron_l3_add_lvl1[0][16]  
    core_inst/gen_l3[8].neuron_l3_add_lvl1[0][17]  
    core_inst/gen_l3[8].neuron_l3_add_lvl1[0][18]  
    core_inst/gen_l3[8].neuron_l3_add_lvl1[0][19]  
    core_inst/gen_l3[8].neuron_l3_add_lvl1[0][20]  
    core_inst/gen_l3[8].neuron_l3_add_lvl1[0][21]  
    core_inst/gen_l3[8].neuron_l3_add_lvl1[0][22]  
    core_inst/gen_l3[8].neuron_l3_add_lvl1[0][23]  
    core_inst/gen_l3[8].neuron_l3_add_lvl1[0][24]  
    core_inst/gen_l3[8].neuron_l3_add_lvl1[0][25]  
    core_inst/gen_l3[8].neuron_l3_add_lvl1[0][26]  
    core_inst/gen_l3[8].neuron_l3_add_lvl1[0][27]  
    core_inst/gen_l3[8].neuron_l3_add_lvl1[0][28]  
    core_inst/gen_l3[8].neuron_l3_add_lvl1[0][29]  
    core_inst/gen_l3[8].neuron_l3_add_lvl1[0][30]  
    core_inst/gen_l3[8].neuron_l3_add_lvl1[0][31]  
    core_inst/gen_l3[8].neuron_l3_mult[15][15]  
    core_inst/gen_l3[8].neuron_l3_mult[14][15]  
    core_inst/gen_l3[8].neuron_l3_mult[13][15]  
    core_inst/gen_l3[8].neuron_l3_mult[12][15]  
    core_inst/gen_l3[8].neuron_l3_mult[11][15]  
    core_inst/gen_l3[8].neuron_l3_mult[10][15]  
    core_inst/gen_l3[8].neuron_l3_mult[9][15]  
    core_inst/gen_l3[8].neuron_l3_mult[8][15]  
    core_inst/gen_l3[8].neuron_l3_mult[7][15]  
    core_inst/gen_l3[8].neuron_l3_mult[6][15]  
    core_inst/gen_l3[8].neuron_l3_mult[5][15]  
    core_inst/gen_l3[8].neuron_l3_mult[4][15]  
    core_inst/gen_l3[8].neuron_l3_mult[3][15]  
    core_inst/gen_l3[8].neuron_l3_mult[2][15]  
    core_inst/gen_l3[8].neuron_l3_mult[1][15]  
    core_inst/gen_l3[8].neuron_l3_mult[0][15]  
    core_inst/gen_l3[7].neuron_l3_sum_with_bias[0]  
    core_inst/gen_l3[7].neuron_l3_sum_with_bias[1]  
    core_inst/gen_l3[7].neuron_l3_sum_with_bias[2]  
    core_inst/gen_l3[7].neuron_l3_sum_with_bias[3]  
    core_inst/gen_l3[7].neuron_l3_sum_with_bias[4]  
    core_inst/gen_l3[7].neuron_l3_sum_with_bias[19]  
    core_inst/gen_l3[7].neuron_l3_sum_with_bias[20]  
    core_inst/gen_l3[7].neuron_l3_sum_with_bias[21]  
    core_inst/gen_l3[7].neuron_l3_sum_with_bias[22]  
    core_inst/gen_l3[7].neuron_l3_sum_with_bias[23]  
    core_inst/gen_l3[7].neuron_l3_sum_with_bias[24]  
    core_inst/gen_l3[7].neuron_l3_sum_with_bias[25]  
    core_inst/gen_l3[7].neuron_l3_sum_with_bias[26]  
    core_inst/gen_l3[7].neuron_l3_sum_with_bias[27]  
    core_inst/gen_l3[7].neuron_l3_sum_with_bias[28]  
    core_inst/gen_l3[7].neuron_l3_sum_with_bias[29]  
    core_inst/gen_l3[7].neuron_l3_sum_with_bias[30]  
    core_inst/gen_l3[7].neuron_l3_add_lvl3_1[18]  
    core_inst/gen_l3[7].neuron_l3_add_lvl3_1[19]  
    core_inst/gen_l3[7].neuron_l3_add_lvl3_1[20]  
    core_inst/gen_l3[7].neuron_l3_add_lvl3_1[21]  
    core_inst/gen_l3[7].neuron_l3_add_lvl3_1[22]  
    core_inst/gen_l3[7].neuron_l3_add_lvl3_1[23]  
    core_inst/gen_l3[7].neuron_l3_add_lvl3_1[24]  
    core_inst/gen_l3[7].neuron_l3_add_lvl3_1[25]  
    core_inst/gen_l3[7].neuron_l3_add_lvl3_1[26]  
    core_inst/gen_l3[7].neuron_l3_add_lvl3_1[27]  
    core_inst/gen_l3[7].neuron_l3_add_lvl3_1[28]  
    core_inst/gen_l3[7].neuron_l3_add_lvl3_1[29]  
    core_inst/gen_l3[7].neuron_l3_add_lvl3_1[30]  
    core_inst/gen_l3[7].neuron_l3_add_lvl3_1[31]  
    core_inst/gen_l3[7].neuron_l3_add_lvl3_0[18]  
    core_inst/gen_l3[7].neuron_l3_add_lvl3_0[19]  
    core_inst/gen_l3[7].neuron_l3_add_lvl3_0[20]  
    core_inst/gen_l3[7].neuron_l3_add_lvl3_0[21]  
    core_inst/gen_l3[7].neuron_l3_add_lvl3_0[22]  
    core_inst/gen_l3[7].neuron_l3_add_lvl3_0[23]  
    core_inst/gen_l3[7].neuron_l3_add_lvl3_0[24]  
    core_inst/gen_l3[7].neuron_l3_add_lvl3_0[25]  
    core_inst/gen_l3[7].neuron_l3_add_lvl3_0[26]  
    core_inst/gen_l3[7].neuron_l3_add_lvl3_0[27]  
    core_inst/gen_l3[7].neuron_l3_add_lvl3_0[28]  
    core_inst/gen_l3[7].neuron_l3_add_lvl3_0[29]  
    core_inst/gen_l3[7].neuron_l3_add_lvl3_0[30]  
    core_inst/gen_l3[7].neuron_l3_add_lvl3_0[31]  
    core_inst/gen_l3[7].neuron_l3_add_lvl2[3][17]  
    core_inst/gen_l3[7].neuron_l3_add_lvl2[3][18]  
    core_inst/gen_l3[7].neuron_l3_add_lvl2[3][19]  
    core_inst/gen_l3[7].neuron_l3_add_lvl2[3][20]  
    core_inst/gen_l3[7].neuron_l3_add_lvl2[3][21]  
    core_inst/gen_l3[7].neuron_l3_add_lvl2[3][22]  
    core_inst/gen_l3[7].neuron_l3_add_lvl2[3][23]  
    core_inst/gen_l3[7].neuron_l3_add_lvl2[3][24]  
    core_inst/gen_l3[7].neuron_l3_add_lvl2[3][25]  
    core_inst/gen_l3[7].neuron_l3_add_lvl2[3][26]  
    core_inst/gen_l3[7].neuron_l3_add_lvl2[3][27]  
    core_inst/gen_l3[7].neuron_l3_add_lvl2[3][28]  
    core_inst/gen_l3[7].neuron_l3_add_lvl2[3][29]  
    core_inst/gen_l3[7].neuron_l3_add_lvl2[3][30]  
    core_inst/gen_l3[7].neuron_l3_add_lvl2[3][31]  
    core_inst/gen_l3[7].neuron_l3_add_lvl2[2][17]  
    core_inst/gen_l3[7].neuron_l3_add_lvl2[2][18]  
    core_inst/gen_l3[7].neuron_l3_add_lvl2[2][19]  
    core_inst/gen_l3[7].neuron_l3_add_lvl2[2][20]  
    core_inst/gen_l3[7].neuron_l3_add_lvl2[2][21]  
    core_inst/gen_l3[7].neuron_l3_add_lvl2[2][22]  
    core_inst/gen_l3[7].neuron_l3_add_lvl2[2][23]  
    core_inst/gen_l3[7].neuron_l3_add_lvl2[2][24]  
    core_inst/gen_l3[7].neuron_l3_add_lvl2[2][25]  
    core_inst/gen_l3[7].neuron_l3_add_lvl2[2][26]  
    core_inst/gen_l3[7].neuron_l3_add_lvl2[2][27]  
    core_inst/gen_l3[7].neuron_l3_add_lvl2[2][28]  
    core_inst/gen_l3[7].neuron_l3_add_lvl2[2][29]  
    core_inst/gen_l3[7].neuron_l3_add_lvl2[2][30]  
    core_inst/gen_l3[7].neuron_l3_add_lvl2[2][31]  
    core_inst/gen_l3[7].neuron_l3_add_lvl2[1][17]  
    core_inst/gen_l3[7].neuron_l3_add_lvl2[1][18]  
    core_inst/gen_l3[7].neuron_l3_add_lvl2[1][19]  
    core_inst/gen_l3[7].neuron_l3_add_lvl2[1][20]  
    core_inst/gen_l3[7].neuron_l3_add_lvl2[1][21]  
    core_inst/gen_l3[7].neuron_l3_add_lvl2[1][22]  
    core_inst/gen_l3[7].neuron_l3_add_lvl2[1][23]  
    core_inst/gen_l3[7].neuron_l3_add_lvl2[1][24]  
    core_inst/gen_l3[7].neuron_l3_add_lvl2[1][25]  
    core_inst/gen_l3[7].neuron_l3_add_lvl2[1][26]  
    core_inst/gen_l3[7].neuron_l3_add_lvl2[1][27]  
    core_inst/gen_l3[7].neuron_l3_add_lvl2[1][28]  
    core_inst/gen_l3[7].neuron_l3_add_lvl2[1][29]  
    core_inst/gen_l3[7].neuron_l3_add_lvl2[1][30]  
    core_inst/gen_l3[7].neuron_l3_add_lvl2[1][31]  
    core_inst/gen_l3[7].neuron_l3_add_lvl2[0][17]  
    core_inst/gen_l3[7].neuron_l3_add_lvl2[0][18]  
    core_inst/gen_l3[7].neuron_l3_add_lvl2[0][19]  
    core_inst/gen_l3[7].neuron_l3_add_lvl2[0][20]  
    core_inst/gen_l3[7].neuron_l3_add_lvl2[0][21]  
    core_inst/gen_l3[7].neuron_l3_add_lvl2[0][22]  
    core_inst/gen_l3[7].neuron_l3_add_lvl2[0][23]  
    core_inst/gen_l3[7].neuron_l3_add_lvl2[0][24]  
    core_inst/gen_l3[7].neuron_l3_add_lvl2[0][25]  
    core_inst/gen_l3[7].neuron_l3_add_lvl2[0][26]  
    core_inst/gen_l3[7].neuron_l3_add_lvl2[0][27]  
    core_inst/gen_l3[7].neuron_l3_add_lvl2[0][28]  
    core_inst/gen_l3[7].neuron_l3_add_lvl2[0][29]  
    core_inst/gen_l3[7].neuron_l3_add_lvl2[0][30]  
    core_inst/gen_l3[7].neuron_l3_add_lvl2[0][31]  
    core_inst/gen_l3[7].neuron_l3_add_lvl1[7][16]  
    core_inst/gen_l3[7].neuron_l3_add_lvl1[7][17]  
    core_inst/gen_l3[7].neuron_l3_add_lvl1[7][18]  
    core_inst/gen_l3[7].neuron_l3_add_lvl1[7][19]  
    core_inst/gen_l3[7].neuron_l3_add_lvl1[7][20]  
    core_inst/gen_l3[7].neuron_l3_add_lvl1[7][21]  
    core_inst/gen_l3[7].neuron_l3_add_lvl1[7][22]  
    core_inst/gen_l3[7].neuron_l3_add_lvl1[7][23]  
    core_inst/gen_l3[7].neuron_l3_add_lvl1[7][24]  
    core_inst/gen_l3[7].neuron_l3_add_lvl1[7][25]  
    core_inst/gen_l3[7].neuron_l3_add_lvl1[7][26]  
    core_inst/gen_l3[7].neuron_l3_add_lvl1[7][27]  
    core_inst/gen_l3[7].neuron_l3_add_lvl1[7][28]  
    core_inst/gen_l3[7].neuron_l3_add_lvl1[7][29]  
    core_inst/gen_l3[7].neuron_l3_add_lvl1[7][30]  
    core_inst/gen_l3[7].neuron_l3_add_lvl1[7][31]  
    core_inst/gen_l3[7].neuron_l3_add_lvl1[6][16]  
    core_inst/gen_l3[7].neuron_l3_add_lvl1[6][17]  
    core_inst/gen_l3[7].neuron_l3_add_lvl1[6][18]  
    core_inst/gen_l3[7].neuron_l3_add_lvl1[6][19]  
    core_inst/gen_l3[7].neuron_l3_add_lvl1[6][20]  
    core_inst/gen_l3[7].neuron_l3_add_lvl1[6][21]  
    core_inst/gen_l3[7].neuron_l3_add_lvl1[6][22]  
    core_inst/gen_l3[7].neuron_l3_add_lvl1[6][23]  
    core_inst/gen_l3[7].neuron_l3_add_lvl1[6][24]  
    core_inst/gen_l3[7].neuron_l3_add_lvl1[6][25]  
    core_inst/gen_l3[7].neuron_l3_add_lvl1[6][26]  
    core_inst/gen_l3[7].neuron_l3_add_lvl1[6][27]  
    core_inst/gen_l3[7].neuron_l3_add_lvl1[6][28]  
    core_inst/gen_l3[7].neuron_l3_add_lvl1[6][29]  
    core_inst/gen_l3[7].neuron_l3_add_lvl1[6][30]  
    core_inst/gen_l3[7].neuron_l3_add_lvl1[6][31]  
    core_inst/gen_l3[7].neuron_l3_add_lvl1[5][16]  
    core_inst/gen_l3[7].neuron_l3_add_lvl1[5][17]  
    core_inst/gen_l3[7].neuron_l3_add_lvl1[5][18]  
    core_inst/gen_l3[7].neuron_l3_add_lvl1[5][19]  
    core_inst/gen_l3[7].neuron_l3_add_lvl1[5][20]  
    core_inst/gen_l3[7].neuron_l3_add_lvl1[5][21]  
    core_inst/gen_l3[7].neuron_l3_add_lvl1[5][22]  
    core_inst/gen_l3[7].neuron_l3_add_lvl1[5][23]  
    core_inst/gen_l3[7].neuron_l3_add_lvl1[5][24]  
    core_inst/gen_l3[7].neuron_l3_add_lvl1[5][25]  
    core_inst/gen_l3[7].neuron_l3_add_lvl1[5][26]  
    core_inst/gen_l3[7].neuron_l3_add_lvl1[5][27]  
    core_inst/gen_l3[7].neuron_l3_add_lvl1[5][28]  
    core_inst/gen_l3[7].neuron_l3_add_lvl1[5][29]  
    core_inst/gen_l3[7].neuron_l3_add_lvl1[5][30]  
    core_inst/gen_l3[7].neuron_l3_add_lvl1[5][31]  
    core_inst/gen_l3[7].neuron_l3_add_lvl1[4][16]  
    core_inst/gen_l3[7].neuron_l3_add_lvl1[4][17]  
    core_inst/gen_l3[7].neuron_l3_add_lvl1[4][18]  
    core_inst/gen_l3[7].neuron_l3_add_lvl1[4][19]  
    core_inst/gen_l3[7].neuron_l3_add_lvl1[4][20]  
    core_inst/gen_l3[7].neuron_l3_add_lvl1[4][21]  
    core_inst/gen_l3[7].neuron_l3_add_lvl1[4][22]  
    core_inst/gen_l3[7].neuron_l3_add_lvl1[4][23]  
    core_inst/gen_l3[7].neuron_l3_add_lvl1[4][24]  
    core_inst/gen_l3[7].neuron_l3_add_lvl1[4][25]  
    core_inst/gen_l3[7].neuron_l3_add_lvl1[4][26]  
    core_inst/gen_l3[7].neuron_l3_add_lvl1[4][27]  
    core_inst/gen_l3[7].neuron_l3_add_lvl1[4][28]  
    core_inst/gen_l3[7].neuron_l3_add_lvl1[4][29]  
    core_inst/gen_l3[7].neuron_l3_add_lvl1[4][30]  
    core_inst/gen_l3[7].neuron_l3_add_lvl1[4][31]  
    core_inst/gen_l3[7].neuron_l3_add_lvl1[3][16]  
    core_inst/gen_l3[7].neuron_l3_add_lvl1[3][17]  
    core_inst/gen_l3[7].neuron_l3_add_lvl1[3][18]  
    core_inst/gen_l3[7].neuron_l3_add_lvl1[3][19]  
    core_inst/gen_l3[7].neuron_l3_add_lvl1[3][20]  
    core_inst/gen_l3[7].neuron_l3_add_lvl1[3][21]  
    core_inst/gen_l3[7].neuron_l3_add_lvl1[3][22]  
    core_inst/gen_l3[7].neuron_l3_add_lvl1[3][23]  
    core_inst/gen_l3[7].neuron_l3_add_lvl1[3][24]  
    core_inst/gen_l3[7].neuron_l3_add_lvl1[3][25]  
    core_inst/gen_l3[7].neuron_l3_add_lvl1[3][26]  
    core_inst/gen_l3[7].neuron_l3_add_lvl1[3][27]  
    core_inst/gen_l3[7].neuron_l3_add_lvl1[3][28]  
    core_inst/gen_l3[7].neuron_l3_add_lvl1[3][29]  
    core_inst/gen_l3[7].neuron_l3_add_lvl1[3][30]  
    core_inst/gen_l3[7].neuron_l3_add_lvl1[3][31]  
    core_inst/gen_l3[7].neuron_l3_add_lvl1[2][16]  
    core_inst/gen_l3[7].neuron_l3_add_lvl1[2][17]  
    core_inst/gen_l3[7].neuron_l3_add_lvl1[2][18]  
    core_inst/gen_l3[7].neuron_l3_add_lvl1[2][19]  
    core_inst/gen_l3[7].neuron_l3_add_lvl1[2][20]  
    core_inst/gen_l3[7].neuron_l3_add_lvl1[2][21]  
    core_inst/gen_l3[7].neuron_l3_add_lvl1[2][22]  
    core_inst/gen_l3[7].neuron_l3_add_lvl1[2][23]  
    core_inst/gen_l3[7].neuron_l3_add_lvl1[2][24]  
    core_inst/gen_l3[7].neuron_l3_add_lvl1[2][25]  
    core_inst/gen_l3[7].neuron_l3_add_lvl1[2][26]  
    core_inst/gen_l3[7].neuron_l3_add_lvl1[2][27]  
    core_inst/gen_l3[7].neuron_l3_add_lvl1[2][28]  
    core_inst/gen_l3[7].neuron_l3_add_lvl1[2][29]  
    core_inst/gen_l3[7].neuron_l3_add_lvl1[2][30]  
    core_inst/gen_l3[7].neuron_l3_add_lvl1[2][31]  
    core_inst/gen_l3[7].neuron_l3_add_lvl1[1][16]  
    core_inst/gen_l3[7].neuron_l3_add_lvl1[1][17]  
    core_inst/gen_l3[7].neuron_l3_add_lvl1[1][18]  
    core_inst/gen_l3[7].neuron_l3_add_lvl1[1][19]  
    core_inst/gen_l3[7].neuron_l3_add_lvl1[1][20]  
    core_inst/gen_l3[7].neuron_l3_add_lvl1[1][21]  
    core_inst/gen_l3[7].neuron_l3_add_lvl1[1][22]  
    core_inst/gen_l3[7].neuron_l3_add_lvl1[1][23]  
    core_inst/gen_l3[7].neuron_l3_add_lvl1[1][24]  
    core_inst/gen_l3[7].neuron_l3_add_lvl1[1][25]  
    core_inst/gen_l3[7].neuron_l3_add_lvl1[1][26]  
    core_inst/gen_l3[7].neuron_l3_add_lvl1[1][27]  
    core_inst/gen_l3[7].neuron_l3_add_lvl1[1][28]  
    core_inst/gen_l3[7].neuron_l3_add_lvl1[1][29]  
    core_inst/gen_l3[7].neuron_l3_add_lvl1[1][30]  
    core_inst/gen_l3[7].neuron_l3_add_lvl1[1][31]  
    core_inst/gen_l3[7].neuron_l3_add_lvl1[0][16]  
    core_inst/gen_l3[7].neuron_l3_add_lvl1[0][17]  
    core_inst/gen_l3[7].neuron_l3_add_lvl1[0][18]  
    core_inst/gen_l3[7].neuron_l3_add_lvl1[0][19]  
    core_inst/gen_l3[7].neuron_l3_add_lvl1[0][20]  
    core_inst/gen_l3[7].neuron_l3_add_lvl1[0][21]  
    core_inst/gen_l3[7].neuron_l3_add_lvl1[0][22]  
    core_inst/gen_l3[7].neuron_l3_add_lvl1[0][23]  
    core_inst/gen_l3[7].neuron_l3_add_lvl1[0][24]  
    core_inst/gen_l3[7].neuron_l3_add_lvl1[0][25]  
    core_inst/gen_l3[7].neuron_l3_add_lvl1[0][26]  
    core_inst/gen_l3[7].neuron_l3_add_lvl1[0][27]  
    core_inst/gen_l3[7].neuron_l3_add_lvl1[0][28]  
    core_inst/gen_l3[7].neuron_l3_add_lvl1[0][29]  
    core_inst/gen_l3[7].neuron_l3_add_lvl1[0][30]  
    core_inst/gen_l3[7].neuron_l3_add_lvl1[0][31]  
    core_inst/gen_l3[7].neuron_l3_mult[15][15]  
    core_inst/gen_l3[7].neuron_l3_mult[14][15]  
    core_inst/gen_l3[7].neuron_l3_mult[13][15]  
    core_inst/gen_l3[7].neuron_l3_mult[12][15]  
    core_inst/gen_l3[7].neuron_l3_mult[11][15]  
    core_inst/gen_l3[7].neuron_l3_mult[10][15]  
    core_inst/gen_l3[7].neuron_l3_mult[9][15]  
    core_inst/gen_l3[7].neuron_l3_mult[8][15]  
    core_inst/gen_l3[7].neuron_l3_mult[7][15]  
    core_inst/gen_l3[7].neuron_l3_mult[6][15]  
    core_inst/gen_l3[7].neuron_l3_mult[5][15]  
    core_inst/gen_l3[7].neuron_l3_mult[4][15]  
    core_inst/gen_l3[7].neuron_l3_mult[3][15]  
    core_inst/gen_l3[7].neuron_l3_mult[2][15]  
    core_inst/gen_l3[7].neuron_l3_mult[1][15]  
    core_inst/gen_l3[7].neuron_l3_mult[0][15]  
    core_inst/gen_l3[6].neuron_l3_sum_with_bias[0]  
    core_inst/gen_l3[6].neuron_l3_sum_with_bias[1]  
    core_inst/gen_l3[6].neuron_l3_sum_with_bias[2]  
    core_inst/gen_l3[6].neuron_l3_sum_with_bias[3]  
    core_inst/gen_l3[6].neuron_l3_sum_with_bias[4]  
    core_inst/gen_l3[6].neuron_l3_sum_with_bias[19]  
    core_inst/gen_l3[6].neuron_l3_sum_with_bias[20]  
    core_inst/gen_l3[6].neuron_l3_sum_with_bias[21]  
    core_inst/gen_l3[6].neuron_l3_sum_with_bias[22]  
    core_inst/gen_l3[6].neuron_l3_sum_with_bias[23]  
    core_inst/gen_l3[6].neuron_l3_sum_with_bias[24]  
    core_inst/gen_l3[6].neuron_l3_sum_with_bias[25]  
    core_inst/gen_l3[6].neuron_l3_sum_with_bias[26]  
    core_inst/gen_l3[6].neuron_l3_sum_with_bias[27]  
    core_inst/gen_l3[6].neuron_l3_sum_with_bias[28]  
    core_inst/gen_l3[6].neuron_l3_sum_with_bias[29]  
    core_inst/gen_l3[6].neuron_l3_sum_with_bias[30]  
    core_inst/gen_l3[6].neuron_l3_add_lvl3_1[18]  
    core_inst/gen_l3[6].neuron_l3_add_lvl3_1[19]  
    core_inst/gen_l3[6].neuron_l3_add_lvl3_1[20]  
    core_inst/gen_l3[6].neuron_l3_add_lvl3_1[21]  
    core_inst/gen_l3[6].neuron_l3_add_lvl3_1[22]  
    core_inst/gen_l3[6].neuron_l3_add_lvl3_1[23]  
    core_inst/gen_l3[6].neuron_l3_add_lvl3_1[24]  
    core_inst/gen_l3[6].neuron_l3_add_lvl3_1[25]  
    core_inst/gen_l3[6].neuron_l3_add_lvl3_1[26]  
    core_inst/gen_l3[6].neuron_l3_add_lvl3_1[27]  
    core_inst/gen_l3[6].neuron_l3_add_lvl3_1[28]  
    core_inst/gen_l3[6].neuron_l3_add_lvl3_1[29]  
    core_inst/gen_l3[6].neuron_l3_add_lvl3_1[30]  
    core_inst/gen_l3[6].neuron_l3_add_lvl3_1[31]  
    core_inst/gen_l3[6].neuron_l3_add_lvl3_0[18]  
    core_inst/gen_l3[6].neuron_l3_add_lvl3_0[19]  
    core_inst/gen_l3[6].neuron_l3_add_lvl3_0[20]  
    core_inst/gen_l3[6].neuron_l3_add_lvl3_0[21]  
    core_inst/gen_l3[6].neuron_l3_add_lvl3_0[22]  
    core_inst/gen_l3[6].neuron_l3_add_lvl3_0[23]  
    core_inst/gen_l3[6].neuron_l3_add_lvl3_0[24]  
    core_inst/gen_l3[6].neuron_l3_add_lvl3_0[25]  
    core_inst/gen_l3[6].neuron_l3_add_lvl3_0[26]  
    core_inst/gen_l3[6].neuron_l3_add_lvl3_0[27]  
    core_inst/gen_l3[6].neuron_l3_add_lvl3_0[28]  
    core_inst/gen_l3[6].neuron_l3_add_lvl3_0[29]  
    core_inst/gen_l3[6].neuron_l3_add_lvl3_0[30]  
    core_inst/gen_l3[6].neuron_l3_add_lvl3_0[31]  
    core_inst/gen_l3[6].neuron_l3_add_lvl2[3][17]  
    core_inst/gen_l3[6].neuron_l3_add_lvl2[3][18]  
    core_inst/gen_l3[6].neuron_l3_add_lvl2[3][19]  
    core_inst/gen_l3[6].neuron_l3_add_lvl2[3][20]  
    core_inst/gen_l3[6].neuron_l3_add_lvl2[3][21]  
    core_inst/gen_l3[6].neuron_l3_add_lvl2[3][22]  
    core_inst/gen_l3[6].neuron_l3_add_lvl2[3][23]  
    core_inst/gen_l3[6].neuron_l3_add_lvl2[3][24]  
    core_inst/gen_l3[6].neuron_l3_add_lvl2[3][25]  
    core_inst/gen_l3[6].neuron_l3_add_lvl2[3][26]  
    core_inst/gen_l3[6].neuron_l3_add_lvl2[3][27]  
    core_inst/gen_l3[6].neuron_l3_add_lvl2[3][28]  
    core_inst/gen_l3[6].neuron_l3_add_lvl2[3][29]  
    core_inst/gen_l3[6].neuron_l3_add_lvl2[3][30]  
    core_inst/gen_l3[6].neuron_l3_add_lvl2[3][31]  
    core_inst/gen_l3[6].neuron_l3_add_lvl2[2][17]  
    core_inst/gen_l3[6].neuron_l3_add_lvl2[2][18]  
    core_inst/gen_l3[6].neuron_l3_add_lvl2[2][19]  
    core_inst/gen_l3[6].neuron_l3_add_lvl2[2][20]  
    core_inst/gen_l3[6].neuron_l3_add_lvl2[2][21]  
    core_inst/gen_l3[6].neuron_l3_add_lvl2[2][22]  
    core_inst/gen_l3[6].neuron_l3_add_lvl2[2][23]  
    core_inst/gen_l3[6].neuron_l3_add_lvl2[2][24]  
    core_inst/gen_l3[6].neuron_l3_add_lvl2[2][25]  
    core_inst/gen_l3[6].neuron_l3_add_lvl2[2][26]  
    core_inst/gen_l3[6].neuron_l3_add_lvl2[2][27]  
    core_inst/gen_l3[6].neuron_l3_add_lvl2[2][28]  
    core_inst/gen_l3[6].neuron_l3_add_lvl2[2][29]  
    core_inst/gen_l3[6].neuron_l3_add_lvl2[2][30]  
    core_inst/gen_l3[6].neuron_l3_add_lvl2[2][31]  
    core_inst/gen_l3[6].neuron_l3_add_lvl2[1][17]  
    core_inst/gen_l3[6].neuron_l3_add_lvl2[1][18]  
    core_inst/gen_l3[6].neuron_l3_add_lvl2[1][19]  
    core_inst/gen_l3[6].neuron_l3_add_lvl2[1][20]  
    core_inst/gen_l3[6].neuron_l3_add_lvl2[1][21]  
    core_inst/gen_l3[6].neuron_l3_add_lvl2[1][22]  
    core_inst/gen_l3[6].neuron_l3_add_lvl2[1][23]  
    core_inst/gen_l3[6].neuron_l3_add_lvl2[1][24]  
    core_inst/gen_l3[6].neuron_l3_add_lvl2[1][25]  
    core_inst/gen_l3[6].neuron_l3_add_lvl2[1][26]  
    core_inst/gen_l3[6].neuron_l3_add_lvl2[1][27]  
    core_inst/gen_l3[6].neuron_l3_add_lvl2[1][28]  
    core_inst/gen_l3[6].neuron_l3_add_lvl2[1][29]  
    core_inst/gen_l3[6].neuron_l3_add_lvl2[1][30]  
    core_inst/gen_l3[6].neuron_l3_add_lvl2[1][31]  
    core_inst/gen_l3[6].neuron_l3_add_lvl2[0][17]  
    core_inst/gen_l3[6].neuron_l3_add_lvl2[0][18]  
    core_inst/gen_l3[6].neuron_l3_add_lvl2[0][19]  
    core_inst/gen_l3[6].neuron_l3_add_lvl2[0][20]  
    core_inst/gen_l3[6].neuron_l3_add_lvl2[0][21]  
    core_inst/gen_l3[6].neuron_l3_add_lvl2[0][22]  
    core_inst/gen_l3[6].neuron_l3_add_lvl2[0][23]  
    core_inst/gen_l3[6].neuron_l3_add_lvl2[0][24]  
    core_inst/gen_l3[6].neuron_l3_add_lvl2[0][25]  
    core_inst/gen_l3[6].neuron_l3_add_lvl2[0][26]  
    core_inst/gen_l3[6].neuron_l3_add_lvl2[0][27]  
    core_inst/gen_l3[6].neuron_l3_add_lvl2[0][28]  
    core_inst/gen_l3[6].neuron_l3_add_lvl2[0][29]  
    core_inst/gen_l3[6].neuron_l3_add_lvl2[0][30]  
    core_inst/gen_l3[6].neuron_l3_add_lvl2[0][31]  
    core_inst/gen_l3[6].neuron_l3_add_lvl1[7][16]  
    core_inst/gen_l3[6].neuron_l3_add_lvl1[7][17]  
    core_inst/gen_l3[6].neuron_l3_add_lvl1[7][18]  
    core_inst/gen_l3[6].neuron_l3_add_lvl1[7][19]  
    core_inst/gen_l3[6].neuron_l3_add_lvl1[7][20]  
    core_inst/gen_l3[6].neuron_l3_add_lvl1[7][21]  
    core_inst/gen_l3[6].neuron_l3_add_lvl1[7][22]  
    core_inst/gen_l3[6].neuron_l3_add_lvl1[7][23]  
    core_inst/gen_l3[6].neuron_l3_add_lvl1[7][24]  
    core_inst/gen_l3[6].neuron_l3_add_lvl1[7][25]  
    core_inst/gen_l3[6].neuron_l3_add_lvl1[7][26]  
    core_inst/gen_l3[6].neuron_l3_add_lvl1[7][27]  
    core_inst/gen_l3[6].neuron_l3_add_lvl1[7][28]  
    core_inst/gen_l3[6].neuron_l3_add_lvl1[7][29]  
    core_inst/gen_l3[6].neuron_l3_add_lvl1[7][30]  
    core_inst/gen_l3[6].neuron_l3_add_lvl1[7][31]  
    core_inst/gen_l3[6].neuron_l3_add_lvl1[6][16]  
    core_inst/gen_l3[6].neuron_l3_add_lvl1[6][17]  
    core_inst/gen_l3[6].neuron_l3_add_lvl1[6][18]  
    core_inst/gen_l3[6].neuron_l3_add_lvl1[6][19]  
    core_inst/gen_l3[6].neuron_l3_add_lvl1[6][20]  
    core_inst/gen_l3[6].neuron_l3_add_lvl1[6][21]  
    core_inst/gen_l3[6].neuron_l3_add_lvl1[6][22]  
    core_inst/gen_l3[6].neuron_l3_add_lvl1[6][23]  
    core_inst/gen_l3[6].neuron_l3_add_lvl1[6][24]  
    core_inst/gen_l3[6].neuron_l3_add_lvl1[6][25]  
    core_inst/gen_l3[6].neuron_l3_add_lvl1[6][26]  
    core_inst/gen_l3[6].neuron_l3_add_lvl1[6][27]  
    core_inst/gen_l3[6].neuron_l3_add_lvl1[6][28]  
    core_inst/gen_l3[6].neuron_l3_add_lvl1[6][29]  
    core_inst/gen_l3[6].neuron_l3_add_lvl1[6][30]  
    core_inst/gen_l3[6].neuron_l3_add_lvl1[6][31]  
    core_inst/gen_l3[6].neuron_l3_add_lvl1[5][16]  
    core_inst/gen_l3[6].neuron_l3_add_lvl1[5][17]  
    core_inst/gen_l3[6].neuron_l3_add_lvl1[5][18]  
    core_inst/gen_l3[6].neuron_l3_add_lvl1[5][19]  
    core_inst/gen_l3[6].neuron_l3_add_lvl1[5][20]  
    core_inst/gen_l3[6].neuron_l3_add_lvl1[5][21]  
    core_inst/gen_l3[6].neuron_l3_add_lvl1[5][22]  
    core_inst/gen_l3[6].neuron_l3_add_lvl1[5][23]  
    core_inst/gen_l3[6].neuron_l3_add_lvl1[5][24]  
    core_inst/gen_l3[6].neuron_l3_add_lvl1[5][25]  
    core_inst/gen_l3[6].neuron_l3_add_lvl1[5][26]  
    core_inst/gen_l3[6].neuron_l3_add_lvl1[5][27]  
    core_inst/gen_l3[6].neuron_l3_add_lvl1[5][28]  
    core_inst/gen_l3[6].neuron_l3_add_lvl1[5][29]  
    core_inst/gen_l3[6].neuron_l3_add_lvl1[5][30]  
    core_inst/gen_l3[6].neuron_l3_add_lvl1[5][31]  
    core_inst/gen_l3[6].neuron_l3_add_lvl1[4][16]  
    core_inst/gen_l3[6].neuron_l3_add_lvl1[4][17]  
    core_inst/gen_l3[6].neuron_l3_add_lvl1[4][18]  
    core_inst/gen_l3[6].neuron_l3_add_lvl1[4][19]  
    core_inst/gen_l3[6].neuron_l3_add_lvl1[4][20]  
    core_inst/gen_l3[6].neuron_l3_add_lvl1[4][21]  
    core_inst/gen_l3[6].neuron_l3_add_lvl1[4][22]  
    core_inst/gen_l3[6].neuron_l3_add_lvl1[4][23]  
    core_inst/gen_l3[6].neuron_l3_add_lvl1[4][24]  
    core_inst/gen_l3[6].neuron_l3_add_lvl1[4][25]  
    core_inst/gen_l3[6].neuron_l3_add_lvl1[4][26]  
    core_inst/gen_l3[6].neuron_l3_add_lvl1[4][27]  
    core_inst/gen_l3[6].neuron_l3_add_lvl1[4][28]  
    core_inst/gen_l3[6].neuron_l3_add_lvl1[4][29]  
    core_inst/gen_l3[6].neuron_l3_add_lvl1[4][30]  
    core_inst/gen_l3[6].neuron_l3_add_lvl1[4][31]  
    core_inst/gen_l3[6].neuron_l3_add_lvl1[3][16]  
    core_inst/gen_l3[6].neuron_l3_add_lvl1[3][17]  
    core_inst/gen_l3[6].neuron_l3_add_lvl1[3][18]  
    core_inst/gen_l3[6].neuron_l3_add_lvl1[3][19]  
    core_inst/gen_l3[6].neuron_l3_add_lvl1[3][20]  
    core_inst/gen_l3[6].neuron_l3_add_lvl1[3][21]  
    core_inst/gen_l3[6].neuron_l3_add_lvl1[3][22]  
    core_inst/gen_l3[6].neuron_l3_add_lvl1[3][23]  
    core_inst/gen_l3[6].neuron_l3_add_lvl1[3][24]  
    core_inst/gen_l3[6].neuron_l3_add_lvl1[3][25]  
    core_inst/gen_l3[6].neuron_l3_add_lvl1[3][26]  
    core_inst/gen_l3[6].neuron_l3_add_lvl1[3][27]  
    core_inst/gen_l3[6].neuron_l3_add_lvl1[3][28]  
    core_inst/gen_l3[6].neuron_l3_add_lvl1[3][29]  
    core_inst/gen_l3[6].neuron_l3_add_lvl1[3][30]  
    core_inst/gen_l3[6].neuron_l3_add_lvl1[3][31]  
    core_inst/gen_l3[6].neuron_l3_add_lvl1[2][16]  
    core_inst/gen_l3[6].neuron_l3_add_lvl1[2][17]  
    core_inst/gen_l3[6].neuron_l3_add_lvl1[2][18]  
    core_inst/gen_l3[6].neuron_l3_add_lvl1[2][19]  
    core_inst/gen_l3[6].neuron_l3_add_lvl1[2][20]  
    core_inst/gen_l3[6].neuron_l3_add_lvl1[2][21]  
    core_inst/gen_l3[6].neuron_l3_add_lvl1[2][22]  
    core_inst/gen_l3[6].neuron_l3_add_lvl1[2][23]  
    core_inst/gen_l3[6].neuron_l3_add_lvl1[2][24]  
    core_inst/gen_l3[6].neuron_l3_add_lvl1[2][25]  
    core_inst/gen_l3[6].neuron_l3_add_lvl1[2][26]  
    core_inst/gen_l3[6].neuron_l3_add_lvl1[2][27]  
    core_inst/gen_l3[6].neuron_l3_add_lvl1[2][28]  
    core_inst/gen_l3[6].neuron_l3_add_lvl1[2][29]  
    core_inst/gen_l3[6].neuron_l3_add_lvl1[2][30]  
    core_inst/gen_l3[6].neuron_l3_add_lvl1[2][31]  
    core_inst/gen_l3[6].neuron_l3_add_lvl1[1][16]  
    core_inst/gen_l3[6].neuron_l3_add_lvl1[1][17]  
    core_inst/gen_l3[6].neuron_l3_add_lvl1[1][18]  
    core_inst/gen_l3[6].neuron_l3_add_lvl1[1][19]  
    core_inst/gen_l3[6].neuron_l3_add_lvl1[1][20]  
    core_inst/gen_l3[6].neuron_l3_add_lvl1[1][21]  
    core_inst/gen_l3[6].neuron_l3_add_lvl1[1][22]  
    core_inst/gen_l3[6].neuron_l3_add_lvl1[1][23]  
    core_inst/gen_l3[6].neuron_l3_add_lvl1[1][24]  
    core_inst/gen_l3[6].neuron_l3_add_lvl1[1][25]  
    core_inst/gen_l3[6].neuron_l3_add_lvl1[1][26]  
    core_inst/gen_l3[6].neuron_l3_add_lvl1[1][27]  
    core_inst/gen_l3[6].neuron_l3_add_lvl1[1][28]  
    core_inst/gen_l3[6].neuron_l3_add_lvl1[1][29]  
    core_inst/gen_l3[6].neuron_l3_add_lvl1[1][30]  
    core_inst/gen_l3[6].neuron_l3_add_lvl1[1][31]  
    core_inst/gen_l3[6].neuron_l3_add_lvl1[0][16]  
    core_inst/gen_l3[6].neuron_l3_add_lvl1[0][17]  
    core_inst/gen_l3[6].neuron_l3_add_lvl1[0][18]  
    core_inst/gen_l3[6].neuron_l3_add_lvl1[0][19]  
    core_inst/gen_l3[6].neuron_l3_add_lvl1[0][20]  
    core_inst/gen_l3[6].neuron_l3_add_lvl1[0][21]  
    core_inst/gen_l3[6].neuron_l3_add_lvl1[0][22]  
    core_inst/gen_l3[6].neuron_l3_add_lvl1[0][23]  
    core_inst/gen_l3[6].neuron_l3_add_lvl1[0][24]  
    core_inst/gen_l3[6].neuron_l3_add_lvl1[0][25]  
    core_inst/gen_l3[6].neuron_l3_add_lvl1[0][26]  
    core_inst/gen_l3[6].neuron_l3_add_lvl1[0][27]  
    core_inst/gen_l3[6].neuron_l3_add_lvl1[0][28]  
    core_inst/gen_l3[6].neuron_l3_add_lvl1[0][29]  
    core_inst/gen_l3[6].neuron_l3_add_lvl1[0][30]  
    core_inst/gen_l3[6].neuron_l3_add_lvl1[0][31]  
    core_inst/gen_l3[6].neuron_l3_mult[15][15]  
    core_inst/gen_l3[6].neuron_l3_mult[14][15]  
    core_inst/gen_l3[6].neuron_l3_mult[13][15]  
    core_inst/gen_l3[6].neuron_l3_mult[12][15]  
    core_inst/gen_l3[6].neuron_l3_mult[11][15]  
    core_inst/gen_l3[6].neuron_l3_mult[10][15]  
    core_inst/gen_l3[6].neuron_l3_mult[9][15]  
    core_inst/gen_l3[6].neuron_l3_mult[8][15]  
    core_inst/gen_l3[6].neuron_l3_mult[7][15]  
    core_inst/gen_l3[6].neuron_l3_mult[6][15]  
    core_inst/gen_l3[6].neuron_l3_mult[5][15]  
    core_inst/gen_l3[6].neuron_l3_mult[4][15]  
    core_inst/gen_l3[6].neuron_l3_mult[3][15]  
    core_inst/gen_l3[6].neuron_l3_mult[2][15]  
    core_inst/gen_l3[6].neuron_l3_mult[1][15]  
    core_inst/gen_l3[6].neuron_l3_mult[0][15]  
    core_inst/gen_l3[5].neuron_l3_sum_with_bias[0]  
    core_inst/gen_l3[5].neuron_l3_sum_with_bias[1]  
    core_inst/gen_l3[5].neuron_l3_sum_with_bias[2]  
    core_inst/gen_l3[5].neuron_l3_sum_with_bias[3]  
    core_inst/gen_l3[5].neuron_l3_sum_with_bias[4]  
    core_inst/gen_l3[5].neuron_l3_sum_with_bias[19]  
    core_inst/gen_l3[5].neuron_l3_sum_with_bias[20]  
    core_inst/gen_l3[5].neuron_l3_sum_with_bias[21]  
    core_inst/gen_l3[5].neuron_l3_sum_with_bias[22]  
    core_inst/gen_l3[5].neuron_l3_sum_with_bias[23]  
    core_inst/gen_l3[5].neuron_l3_sum_with_bias[24]  
    core_inst/gen_l3[5].neuron_l3_sum_with_bias[25]  
    core_inst/gen_l3[5].neuron_l3_sum_with_bias[26]  
    core_inst/gen_l3[5].neuron_l3_sum_with_bias[27]  
    core_inst/gen_l3[5].neuron_l3_sum_with_bias[28]  
    core_inst/gen_l3[5].neuron_l3_sum_with_bias[29]  
    core_inst/gen_l3[5].neuron_l3_sum_with_bias[30]  
    core_inst/gen_l3[5].neuron_l3_add_lvl3_1[18]  
    core_inst/gen_l3[5].neuron_l3_add_lvl3_1[19]  
    core_inst/gen_l3[5].neuron_l3_add_lvl3_1[20]  
    core_inst/gen_l3[5].neuron_l3_add_lvl3_1[21]  
    core_inst/gen_l3[5].neuron_l3_add_lvl3_1[22]  
    core_inst/gen_l3[5].neuron_l3_add_lvl3_1[23]  
    core_inst/gen_l3[5].neuron_l3_add_lvl3_1[24]  
    core_inst/gen_l3[5].neuron_l3_add_lvl3_1[25]  
    core_inst/gen_l3[5].neuron_l3_add_lvl3_1[26]  
    core_inst/gen_l3[5].neuron_l3_add_lvl3_1[27]  
    core_inst/gen_l3[5].neuron_l3_add_lvl3_1[28]  
    core_inst/gen_l3[5].neuron_l3_add_lvl3_1[29]  
    core_inst/gen_l3[5].neuron_l3_add_lvl3_1[30]  
    core_inst/gen_l3[5].neuron_l3_add_lvl3_1[31]  
    core_inst/gen_l3[5].neuron_l3_add_lvl3_0[18]  
    core_inst/gen_l3[5].neuron_l3_add_lvl3_0[19]  
    core_inst/gen_l3[5].neuron_l3_add_lvl3_0[20]  
    core_inst/gen_l3[5].neuron_l3_add_lvl3_0[21]  
    core_inst/gen_l3[5].neuron_l3_add_lvl3_0[22]  
    core_inst/gen_l3[5].neuron_l3_add_lvl3_0[23]  
    core_inst/gen_l3[5].neuron_l3_add_lvl3_0[24]  
    core_inst/gen_l3[5].neuron_l3_add_lvl3_0[25]  
    core_inst/gen_l3[5].neuron_l3_add_lvl3_0[26]  
    core_inst/gen_l3[5].neuron_l3_add_lvl3_0[27]  
    core_inst/gen_l3[5].neuron_l3_add_lvl3_0[28]  
    core_inst/gen_l3[5].neuron_l3_add_lvl3_0[29]  
    core_inst/gen_l3[5].neuron_l3_add_lvl3_0[30]  
    core_inst/gen_l3[5].neuron_l3_add_lvl3_0[31]  
    core_inst/gen_l3[5].neuron_l3_add_lvl2[3][17]  
    core_inst/gen_l3[5].neuron_l3_add_lvl2[3][18]  
    core_inst/gen_l3[5].neuron_l3_add_lvl2[3][19]  
    core_inst/gen_l3[5].neuron_l3_add_lvl2[3][20]  
    core_inst/gen_l3[5].neuron_l3_add_lvl2[3][21]  
    core_inst/gen_l3[5].neuron_l3_add_lvl2[3][22]  
    core_inst/gen_l3[5].neuron_l3_add_lvl2[3][23]  
    core_inst/gen_l3[5].neuron_l3_add_lvl2[3][24]  
    core_inst/gen_l3[5].neuron_l3_add_lvl2[3][25]  
    core_inst/gen_l3[5].neuron_l3_add_lvl2[3][26]  
    core_inst/gen_l3[5].neuron_l3_add_lvl2[3][27]  
    core_inst/gen_l3[5].neuron_l3_add_lvl2[3][28]  
    core_inst/gen_l3[5].neuron_l3_add_lvl2[3][29]  
    core_inst/gen_l3[5].neuron_l3_add_lvl2[3][30]  
    core_inst/gen_l3[5].neuron_l3_add_lvl2[3][31]  
    core_inst/gen_l3[5].neuron_l3_add_lvl2[2][17]  
    core_inst/gen_l3[5].neuron_l3_add_lvl2[2][18]  
    core_inst/gen_l3[5].neuron_l3_add_lvl2[2][19]  
    core_inst/gen_l3[5].neuron_l3_add_lvl2[2][20]  
    core_inst/gen_l3[5].neuron_l3_add_lvl2[2][21]  
    core_inst/gen_l3[5].neuron_l3_add_lvl2[2][22]  
    core_inst/gen_l3[5].neuron_l3_add_lvl2[2][23]  
    core_inst/gen_l3[5].neuron_l3_add_lvl2[2][24]  
    core_inst/gen_l3[5].neuron_l3_add_lvl2[2][25]  
    core_inst/gen_l3[5].neuron_l3_add_lvl2[2][26]  
    core_inst/gen_l3[5].neuron_l3_add_lvl2[2][27]  
    core_inst/gen_l3[5].neuron_l3_add_lvl2[2][28]  
    core_inst/gen_l3[5].neuron_l3_add_lvl2[2][29]  
    core_inst/gen_l3[5].neuron_l3_add_lvl2[2][30]  
    core_inst/gen_l3[5].neuron_l3_add_lvl2[2][31]  
    core_inst/gen_l3[5].neuron_l3_add_lvl2[1][17]  
    core_inst/gen_l3[5].neuron_l3_add_lvl2[1][18]  
    core_inst/gen_l3[5].neuron_l3_add_lvl2[1][19]  
    core_inst/gen_l3[5].neuron_l3_add_lvl2[1][20]  
    core_inst/gen_l3[5].neuron_l3_add_lvl2[1][21]  
    core_inst/gen_l3[5].neuron_l3_add_lvl2[1][22]  
    core_inst/gen_l3[5].neuron_l3_add_lvl2[1][23]  
    core_inst/gen_l3[5].neuron_l3_add_lvl2[1][24]  
    core_inst/gen_l3[5].neuron_l3_add_lvl2[1][25]  
    core_inst/gen_l3[5].neuron_l3_add_lvl2[1][26]  
    core_inst/gen_l3[5].neuron_l3_add_lvl2[1][27]  
    core_inst/gen_l3[5].neuron_l3_add_lvl2[1][28]  
    core_inst/gen_l3[5].neuron_l3_add_lvl2[1][29]  
    core_inst/gen_l3[5].neuron_l3_add_lvl2[1][30]  
    core_inst/gen_l3[5].neuron_l3_add_lvl2[1][31]  
    core_inst/gen_l3[5].neuron_l3_add_lvl2[0][17]  
    core_inst/gen_l3[5].neuron_l3_add_lvl2[0][18]  
    core_inst/gen_l3[5].neuron_l3_add_lvl2[0][19]  
    core_inst/gen_l3[5].neuron_l3_add_lvl2[0][20]  
    core_inst/gen_l3[5].neuron_l3_add_lvl2[0][21]  
    core_inst/gen_l3[5].neuron_l3_add_lvl2[0][22]  
    core_inst/gen_l3[5].neuron_l3_add_lvl2[0][23]  
    core_inst/gen_l3[5].neuron_l3_add_lvl2[0][24]  
    core_inst/gen_l3[5].neuron_l3_add_lvl2[0][25]  
    core_inst/gen_l3[5].neuron_l3_add_lvl2[0][26]  
    core_inst/gen_l3[5].neuron_l3_add_lvl2[0][27]  
    core_inst/gen_l3[5].neuron_l3_add_lvl2[0][28]  
    core_inst/gen_l3[5].neuron_l3_add_lvl2[0][29]  
    core_inst/gen_l3[5].neuron_l3_add_lvl2[0][30]  
    core_inst/gen_l3[5].neuron_l3_add_lvl2[0][31]  
    core_inst/gen_l3[5].neuron_l3_add_lvl1[7][16]  
    core_inst/gen_l3[5].neuron_l3_add_lvl1[7][17]  
    core_inst/gen_l3[5].neuron_l3_add_lvl1[7][18]  
    core_inst/gen_l3[5].neuron_l3_add_lvl1[7][19]  
    core_inst/gen_l3[5].neuron_l3_add_lvl1[7][20]  
    core_inst/gen_l3[5].neuron_l3_add_lvl1[7][21]  
    core_inst/gen_l3[5].neuron_l3_add_lvl1[7][22]  
    core_inst/gen_l3[5].neuron_l3_add_lvl1[7][23]  
    core_inst/gen_l3[5].neuron_l3_add_lvl1[7][24]  
    core_inst/gen_l3[5].neuron_l3_add_lvl1[7][25]  
    core_inst/gen_l3[5].neuron_l3_add_lvl1[7][26]  
    core_inst/gen_l3[5].neuron_l3_add_lvl1[7][27]  
    core_inst/gen_l3[5].neuron_l3_add_lvl1[7][28]  
    core_inst/gen_l3[5].neuron_l3_add_lvl1[7][29]  
    core_inst/gen_l3[5].neuron_l3_add_lvl1[7][30]  
    core_inst/gen_l3[5].neuron_l3_add_lvl1[7][31]  
    core_inst/gen_l3[5].neuron_l3_add_lvl1[6][16]  
    core_inst/gen_l3[5].neuron_l3_add_lvl1[6][17]  
    core_inst/gen_l3[5].neuron_l3_add_lvl1[6][18]  
    core_inst/gen_l3[5].neuron_l3_add_lvl1[6][19]  
    core_inst/gen_l3[5].neuron_l3_add_lvl1[6][20]  
    core_inst/gen_l3[5].neuron_l3_add_lvl1[6][21]  
    core_inst/gen_l3[5].neuron_l3_add_lvl1[6][22]  
    core_inst/gen_l3[5].neuron_l3_add_lvl1[6][23]  
    core_inst/gen_l3[5].neuron_l3_add_lvl1[6][24]  
    core_inst/gen_l3[5].neuron_l3_add_lvl1[6][25]  
    core_inst/gen_l3[5].neuron_l3_add_lvl1[6][26]  
    core_inst/gen_l3[5].neuron_l3_add_lvl1[6][27]  
    core_inst/gen_l3[5].neuron_l3_add_lvl1[6][28]  
    core_inst/gen_l3[5].neuron_l3_add_lvl1[6][29]  
    core_inst/gen_l3[5].neuron_l3_add_lvl1[6][30]  
    core_inst/gen_l3[5].neuron_l3_add_lvl1[6][31]  
    core_inst/gen_l3[5].neuron_l3_add_lvl1[5][16]  
    core_inst/gen_l3[5].neuron_l3_add_lvl1[5][17]  
    core_inst/gen_l3[5].neuron_l3_add_lvl1[5][18]  
    core_inst/gen_l3[5].neuron_l3_add_lvl1[5][19]  
    core_inst/gen_l3[5].neuron_l3_add_lvl1[5][20]  
    core_inst/gen_l3[5].neuron_l3_add_lvl1[5][21]  
    core_inst/gen_l3[5].neuron_l3_add_lvl1[5][22]  
    core_inst/gen_l3[5].neuron_l3_add_lvl1[5][23]  
    core_inst/gen_l3[5].neuron_l3_add_lvl1[5][24]  
    core_inst/gen_l3[5].neuron_l3_add_lvl1[5][25]  
    core_inst/gen_l3[5].neuron_l3_add_lvl1[5][26]  
    core_inst/gen_l3[5].neuron_l3_add_lvl1[5][27]  
    core_inst/gen_l3[5].neuron_l3_add_lvl1[5][28]  
    core_inst/gen_l3[5].neuron_l3_add_lvl1[5][29]  
    core_inst/gen_l3[5].neuron_l3_add_lvl1[5][30]  
    core_inst/gen_l3[5].neuron_l3_add_lvl1[5][31]  
    core_inst/gen_l3[5].neuron_l3_add_lvl1[4][16]  
    core_inst/gen_l3[5].neuron_l3_add_lvl1[4][17]  
    core_inst/gen_l3[5].neuron_l3_add_lvl1[4][18]  
    core_inst/gen_l3[5].neuron_l3_add_lvl1[4][19]  
    core_inst/gen_l3[5].neuron_l3_add_lvl1[4][20]  
    core_inst/gen_l3[5].neuron_l3_add_lvl1[4][21]  
    core_inst/gen_l3[5].neuron_l3_add_lvl1[4][22]  
    core_inst/gen_l3[5].neuron_l3_add_lvl1[4][23]  
    core_inst/gen_l3[5].neuron_l3_add_lvl1[4][24]  
    core_inst/gen_l3[5].neuron_l3_add_lvl1[4][25]  
    core_inst/gen_l3[5].neuron_l3_add_lvl1[4][26]  
    core_inst/gen_l3[5].neuron_l3_add_lvl1[4][27]  
    core_inst/gen_l3[5].neuron_l3_add_lvl1[4][28]  
    core_inst/gen_l3[5].neuron_l3_add_lvl1[4][29]  
    core_inst/gen_l3[5].neuron_l3_add_lvl1[4][30]  
    core_inst/gen_l3[5].neuron_l3_add_lvl1[4][31]  
    core_inst/gen_l3[5].neuron_l3_add_lvl1[3][16]  
    core_inst/gen_l3[5].neuron_l3_add_lvl1[3][17]  
    core_inst/gen_l3[5].neuron_l3_add_lvl1[3][18]  
    core_inst/gen_l3[5].neuron_l3_add_lvl1[3][19]  
    core_inst/gen_l3[5].neuron_l3_add_lvl1[3][20]  
    core_inst/gen_l3[5].neuron_l3_add_lvl1[3][21]  
    core_inst/gen_l3[5].neuron_l3_add_lvl1[3][22]  
    core_inst/gen_l3[5].neuron_l3_add_lvl1[3][23]  
    core_inst/gen_l3[5].neuron_l3_add_lvl1[3][24]  
    core_inst/gen_l3[5].neuron_l3_add_lvl1[3][25]  
    core_inst/gen_l3[5].neuron_l3_add_lvl1[3][26]  
    core_inst/gen_l3[5].neuron_l3_add_lvl1[3][27]  
    core_inst/gen_l3[5].neuron_l3_add_lvl1[3][28]  
    core_inst/gen_l3[5].neuron_l3_add_lvl1[3][29]  
    core_inst/gen_l3[5].neuron_l3_add_lvl1[3][30]  
    core_inst/gen_l3[5].neuron_l3_add_lvl1[3][31]  
    core_inst/gen_l3[5].neuron_l3_add_lvl1[2][16]  
    core_inst/gen_l3[5].neuron_l3_add_lvl1[2][17]  
    core_inst/gen_l3[5].neuron_l3_add_lvl1[2][18]  
    core_inst/gen_l3[5].neuron_l3_add_lvl1[2][19]  
    core_inst/gen_l3[5].neuron_l3_add_lvl1[2][20]  
    core_inst/gen_l3[5].neuron_l3_add_lvl1[2][21]  
    core_inst/gen_l3[5].neuron_l3_add_lvl1[2][22]  
    core_inst/gen_l3[5].neuron_l3_add_lvl1[2][23]  
    core_inst/gen_l3[5].neuron_l3_add_lvl1[2][24]  
    core_inst/gen_l3[5].neuron_l3_add_lvl1[2][25]  
    core_inst/gen_l3[5].neuron_l3_add_lvl1[2][26]  
    core_inst/gen_l3[5].neuron_l3_add_lvl1[2][27]  
    core_inst/gen_l3[5].neuron_l3_add_lvl1[2][28]  
    core_inst/gen_l3[5].neuron_l3_add_lvl1[2][29]  
    core_inst/gen_l3[5].neuron_l3_add_lvl1[2][30]  
    core_inst/gen_l3[5].neuron_l3_add_lvl1[2][31]  
    core_inst/gen_l3[5].neuron_l3_add_lvl1[1][16]  
    core_inst/gen_l3[5].neuron_l3_add_lvl1[1][17]  
    core_inst/gen_l3[5].neuron_l3_add_lvl1[1][18]  
    core_inst/gen_l3[5].neuron_l3_add_lvl1[1][19]  
    core_inst/gen_l3[5].neuron_l3_add_lvl1[1][20]  
    core_inst/gen_l3[5].neuron_l3_add_lvl1[1][21]  
    core_inst/gen_l3[5].neuron_l3_add_lvl1[1][22]  
    core_inst/gen_l3[5].neuron_l3_add_lvl1[1][23]  
    core_inst/gen_l3[5].neuron_l3_add_lvl1[1][24]  
    core_inst/gen_l3[5].neuron_l3_add_lvl1[1][25]  
    core_inst/gen_l3[5].neuron_l3_add_lvl1[1][26]  
    core_inst/gen_l3[5].neuron_l3_add_lvl1[1][27]  
    core_inst/gen_l3[5].neuron_l3_add_lvl1[1][28]  
    core_inst/gen_l3[5].neuron_l3_add_lvl1[1][29]  
    core_inst/gen_l3[5].neuron_l3_add_lvl1[1][30]  
    core_inst/gen_l3[5].neuron_l3_add_lvl1[1][31]  
    core_inst/gen_l3[5].neuron_l3_add_lvl1[0][16]  
    core_inst/gen_l3[5].neuron_l3_add_lvl1[0][17]  
    core_inst/gen_l3[5].neuron_l3_add_lvl1[0][18]  
    core_inst/gen_l3[5].neuron_l3_add_lvl1[0][19]  
    core_inst/gen_l3[5].neuron_l3_add_lvl1[0][20]  
    core_inst/gen_l3[5].neuron_l3_add_lvl1[0][21]  
    core_inst/gen_l3[5].neuron_l3_add_lvl1[0][22]  
    core_inst/gen_l3[5].neuron_l3_add_lvl1[0][23]  
    core_inst/gen_l3[5].neuron_l3_add_lvl1[0][24]  
    core_inst/gen_l3[5].neuron_l3_add_lvl1[0][25]  
    core_inst/gen_l3[5].neuron_l3_add_lvl1[0][26]  
    core_inst/gen_l3[5].neuron_l3_add_lvl1[0][27]  
    core_inst/gen_l3[5].neuron_l3_add_lvl1[0][28]  
    core_inst/gen_l3[5].neuron_l3_add_lvl1[0][29]  
    core_inst/gen_l3[5].neuron_l3_add_lvl1[0][30]  
    core_inst/gen_l3[5].neuron_l3_add_lvl1[0][31]  
    core_inst/gen_l3[5].neuron_l3_mult[15][15]  
    core_inst/gen_l3[5].neuron_l3_mult[14][15]  
    core_inst/gen_l3[5].neuron_l3_mult[13][15]  
    core_inst/gen_l3[5].neuron_l3_mult[12][15]  
    core_inst/gen_l3[5].neuron_l3_mult[11][15]  
    core_inst/gen_l3[5].neuron_l3_mult[10][15]  
    core_inst/gen_l3[5].neuron_l3_mult[9][15]  
    core_inst/gen_l3[5].neuron_l3_mult[8][15]  
    core_inst/gen_l3[5].neuron_l3_mult[7][15]  
    core_inst/gen_l3[5].neuron_l3_mult[6][15]  
    core_inst/gen_l3[5].neuron_l3_mult[5][15]  
    core_inst/gen_l3[5].neuron_l3_mult[4][15]  
    core_inst/gen_l3[5].neuron_l3_mult[3][15]  
    core_inst/gen_l3[5].neuron_l3_mult[2][15]  
    core_inst/gen_l3[5].neuron_l3_mult[1][15]  
    core_inst/gen_l3[5].neuron_l3_mult[0][15]  
    core_inst/gen_l3[4].neuron_l3_sum_with_bias[0]  
    core_inst/gen_l3[4].neuron_l3_sum_with_bias[1]  
    core_inst/gen_l3[4].neuron_l3_sum_with_bias[2]  
    core_inst/gen_l3[4].neuron_l3_sum_with_bias[3]  
    core_inst/gen_l3[4].neuron_l3_sum_with_bias[4]  
    core_inst/gen_l3[4].neuron_l3_sum_with_bias[19]  
    core_inst/gen_l3[4].neuron_l3_sum_with_bias[20]  
    core_inst/gen_l3[4].neuron_l3_sum_with_bias[21]  
    core_inst/gen_l3[4].neuron_l3_sum_with_bias[22]  
    core_inst/gen_l3[4].neuron_l3_sum_with_bias[23]  
    core_inst/gen_l3[4].neuron_l3_sum_with_bias[24]  
    core_inst/gen_l3[4].neuron_l3_sum_with_bias[25]  
    core_inst/gen_l3[4].neuron_l3_sum_with_bias[26]  
    core_inst/gen_l3[4].neuron_l3_sum_with_bias[27]  
    core_inst/gen_l3[4].neuron_l3_sum_with_bias[28]  
    core_inst/gen_l3[4].neuron_l3_sum_with_bias[29]  
    core_inst/gen_l3[4].neuron_l3_sum_with_bias[30]  
    core_inst/gen_l3[4].neuron_l3_add_lvl3_1[18]  
    core_inst/gen_l3[4].neuron_l3_add_lvl3_1[19]  
    core_inst/gen_l3[4].neuron_l3_add_lvl3_1[20]  
    core_inst/gen_l3[4].neuron_l3_add_lvl3_1[21]  
    core_inst/gen_l3[4].neuron_l3_add_lvl3_1[22]  
    core_inst/gen_l3[4].neuron_l3_add_lvl3_1[23]  
    core_inst/gen_l3[4].neuron_l3_add_lvl3_1[24]  
    core_inst/gen_l3[4].neuron_l3_add_lvl3_1[25]  
    core_inst/gen_l3[4].neuron_l3_add_lvl3_1[26]  
    core_inst/gen_l3[4].neuron_l3_add_lvl3_1[27]  
    core_inst/gen_l3[4].neuron_l3_add_lvl3_1[28]  
    core_inst/gen_l3[4].neuron_l3_add_lvl3_1[29]  
    core_inst/gen_l3[4].neuron_l3_add_lvl3_1[30]  
    core_inst/gen_l3[4].neuron_l3_add_lvl3_1[31]  
    core_inst/gen_l3[4].neuron_l3_add_lvl3_0[18]  
    core_inst/gen_l3[4].neuron_l3_add_lvl3_0[19]  
    core_inst/gen_l3[4].neuron_l3_add_lvl3_0[20]  
    core_inst/gen_l3[4].neuron_l3_add_lvl3_0[21]  
    core_inst/gen_l3[4].neuron_l3_add_lvl3_0[22]  
    core_inst/gen_l3[4].neuron_l3_add_lvl3_0[23]  
    core_inst/gen_l3[4].neuron_l3_add_lvl3_0[24]  
    core_inst/gen_l3[4].neuron_l3_add_lvl3_0[25]  
    core_inst/gen_l3[4].neuron_l3_add_lvl3_0[26]  
    core_inst/gen_l3[4].neuron_l3_add_lvl3_0[27]  
    core_inst/gen_l3[4].neuron_l3_add_lvl3_0[28]  
    core_inst/gen_l3[4].neuron_l3_add_lvl3_0[29]  
    core_inst/gen_l3[4].neuron_l3_add_lvl3_0[30]  
    core_inst/gen_l3[4].neuron_l3_add_lvl3_0[31]  
    core_inst/gen_l3[4].neuron_l3_add_lvl2[3][17]  
    core_inst/gen_l3[4].neuron_l3_add_lvl2[3][18]  
    core_inst/gen_l3[4].neuron_l3_add_lvl2[3][19]  
    core_inst/gen_l3[4].neuron_l3_add_lvl2[3][20]  
    core_inst/gen_l3[4].neuron_l3_add_lvl2[3][21]  
    core_inst/gen_l3[4].neuron_l3_add_lvl2[3][22]  
    core_inst/gen_l3[4].neuron_l3_add_lvl2[3][23]  
    core_inst/gen_l3[4].neuron_l3_add_lvl2[3][24]  
    core_inst/gen_l3[4].neuron_l3_add_lvl2[3][25]  
    core_inst/gen_l3[4].neuron_l3_add_lvl2[3][26]  
    core_inst/gen_l3[4].neuron_l3_add_lvl2[3][27]  
    core_inst/gen_l3[4].neuron_l3_add_lvl2[3][28]  
    core_inst/gen_l3[4].neuron_l3_add_lvl2[3][29]  
    core_inst/gen_l3[4].neuron_l3_add_lvl2[3][30]  
    core_inst/gen_l3[4].neuron_l3_add_lvl2[3][31]  
    core_inst/gen_l3[4].neuron_l3_add_lvl2[2][17]  
    core_inst/gen_l3[4].neuron_l3_add_lvl2[2][18]  
    core_inst/gen_l3[4].neuron_l3_add_lvl2[2][19]  
    core_inst/gen_l3[4].neuron_l3_add_lvl2[2][20]  
    core_inst/gen_l3[4].neuron_l3_add_lvl2[2][21]  
    core_inst/gen_l3[4].neuron_l3_add_lvl2[2][22]  
    core_inst/gen_l3[4].neuron_l3_add_lvl2[2][23]  
    core_inst/gen_l3[4].neuron_l3_add_lvl2[2][24]  
    core_inst/gen_l3[4].neuron_l3_add_lvl2[2][25]  
    core_inst/gen_l3[4].neuron_l3_add_lvl2[2][26]  
    core_inst/gen_l3[4].neuron_l3_add_lvl2[2][27]  
    core_inst/gen_l3[4].neuron_l3_add_lvl2[2][28]  
    core_inst/gen_l3[4].neuron_l3_add_lvl2[2][29]  
    core_inst/gen_l3[4].neuron_l3_add_lvl2[2][30]  
    core_inst/gen_l3[4].neuron_l3_add_lvl2[2][31]  
    core_inst/gen_l3[4].neuron_l3_add_lvl2[1][17]  
    core_inst/gen_l3[4].neuron_l3_add_lvl2[1][18]  
    core_inst/gen_l3[4].neuron_l3_add_lvl2[1][19]  
    core_inst/gen_l3[4].neuron_l3_add_lvl2[1][20]  
    core_inst/gen_l3[4].neuron_l3_add_lvl2[1][21]  
    core_inst/gen_l3[4].neuron_l3_add_lvl2[1][22]  
    core_inst/gen_l3[4].neuron_l3_add_lvl2[1][23]  
    core_inst/gen_l3[4].neuron_l3_add_lvl2[1][24]  
    core_inst/gen_l3[4].neuron_l3_add_lvl2[1][25]  
    core_inst/gen_l3[4].neuron_l3_add_lvl2[1][26]  
    core_inst/gen_l3[4].neuron_l3_add_lvl2[1][27]  
    core_inst/gen_l3[4].neuron_l3_add_lvl2[1][28]  
    core_inst/gen_l3[4].neuron_l3_add_lvl2[1][29]  
    core_inst/gen_l3[4].neuron_l3_add_lvl2[1][30]  
    core_inst/gen_l3[4].neuron_l3_add_lvl2[1][31]  
    core_inst/gen_l3[4].neuron_l3_add_lvl2[0][17]  
    core_inst/gen_l3[4].neuron_l3_add_lvl2[0][18]  
    core_inst/gen_l3[4].neuron_l3_add_lvl2[0][19]  
    core_inst/gen_l3[4].neuron_l3_add_lvl2[0][20]  
    core_inst/gen_l3[4].neuron_l3_add_lvl2[0][21]  
    core_inst/gen_l3[4].neuron_l3_add_lvl2[0][22]  
    core_inst/gen_l3[4].neuron_l3_add_lvl2[0][23]  
    core_inst/gen_l3[4].neuron_l3_add_lvl2[0][24]  
    core_inst/gen_l3[4].neuron_l3_add_lvl2[0][25]  
    core_inst/gen_l3[4].neuron_l3_add_lvl2[0][26]  
    core_inst/gen_l3[4].neuron_l3_add_lvl2[0][27]  
    core_inst/gen_l3[4].neuron_l3_add_lvl2[0][28]  
    core_inst/gen_l3[4].neuron_l3_add_lvl2[0][29]  
    core_inst/gen_l3[4].neuron_l3_add_lvl2[0][30]  
    core_inst/gen_l3[4].neuron_l3_add_lvl2[0][31]  
    core_inst/gen_l3[4].neuron_l3_add_lvl1[7][16]  
    core_inst/gen_l3[4].neuron_l3_add_lvl1[7][17]  
    core_inst/gen_l3[4].neuron_l3_add_lvl1[7][18]  
    core_inst/gen_l3[4].neuron_l3_add_lvl1[7][19]  
    core_inst/gen_l3[4].neuron_l3_add_lvl1[7][20]  
    core_inst/gen_l3[4].neuron_l3_add_lvl1[7][21]  
    core_inst/gen_l3[4].neuron_l3_add_lvl1[7][22]  
    core_inst/gen_l3[4].neuron_l3_add_lvl1[7][23]  
    core_inst/gen_l3[4].neuron_l3_add_lvl1[7][24]  
    core_inst/gen_l3[4].neuron_l3_add_lvl1[7][25]  
    core_inst/gen_l3[4].neuron_l3_add_lvl1[7][26]  
    core_inst/gen_l3[4].neuron_l3_add_lvl1[7][27]  
    core_inst/gen_l3[4].neuron_l3_add_lvl1[7][28]  
    core_inst/gen_l3[4].neuron_l3_add_lvl1[7][29]  
    core_inst/gen_l3[4].neuron_l3_add_lvl1[7][30]  
    core_inst/gen_l3[4].neuron_l3_add_lvl1[7][31]  
    core_inst/gen_l3[4].neuron_l3_add_lvl1[6][16]  
    core_inst/gen_l3[4].neuron_l3_add_lvl1[6][17]  
    core_inst/gen_l3[4].neuron_l3_add_lvl1[6][18]  
    core_inst/gen_l3[4].neuron_l3_add_lvl1[6][19]  
    core_inst/gen_l3[4].neuron_l3_add_lvl1[6][20]  
    core_inst/gen_l3[4].neuron_l3_add_lvl1[6][21]  
    core_inst/gen_l3[4].neuron_l3_add_lvl1[6][22]  
    core_inst/gen_l3[4].neuron_l3_add_lvl1[6][23]  
    core_inst/gen_l3[4].neuron_l3_add_lvl1[6][24]  
    core_inst/gen_l3[4].neuron_l3_add_lvl1[6][25]  
    core_inst/gen_l3[4].neuron_l3_add_lvl1[6][26]  
    core_inst/gen_l3[4].neuron_l3_add_lvl1[6][27]  
    core_inst/gen_l3[4].neuron_l3_add_lvl1[6][28]  
    core_inst/gen_l3[4].neuron_l3_add_lvl1[6][29]  
    core_inst/gen_l3[4].neuron_l3_add_lvl1[6][30]  
    core_inst/gen_l3[4].neuron_l3_add_lvl1[6][31]  
    core_inst/gen_l3[4].neuron_l3_add_lvl1[5][16]  
    core_inst/gen_l3[4].neuron_l3_add_lvl1[5][17]  
    core_inst/gen_l3[4].neuron_l3_add_lvl1[5][18]  
    core_inst/gen_l3[4].neuron_l3_add_lvl1[5][19]  
    core_inst/gen_l3[4].neuron_l3_add_lvl1[5][20]  
    core_inst/gen_l3[4].neuron_l3_add_lvl1[5][21]  
    core_inst/gen_l3[4].neuron_l3_add_lvl1[5][22]  
    core_inst/gen_l3[4].neuron_l3_add_lvl1[5][23]  
    core_inst/gen_l3[4].neuron_l3_add_lvl1[5][24]  
    core_inst/gen_l3[4].neuron_l3_add_lvl1[5][25]  
    core_inst/gen_l3[4].neuron_l3_add_lvl1[5][26]  
    core_inst/gen_l3[4].neuron_l3_add_lvl1[5][27]  
    core_inst/gen_l3[4].neuron_l3_add_lvl1[5][28]  
    core_inst/gen_l3[4].neuron_l3_add_lvl1[5][29]  
    core_inst/gen_l3[4].neuron_l3_add_lvl1[5][30]  
    core_inst/gen_l3[4].neuron_l3_add_lvl1[5][31]  
    core_inst/gen_l3[4].neuron_l3_add_lvl1[4][16]  
    core_inst/gen_l3[4].neuron_l3_add_lvl1[4][17]  
    core_inst/gen_l3[4].neuron_l3_add_lvl1[4][18]  
    core_inst/gen_l3[4].neuron_l3_add_lvl1[4][19]  
    core_inst/gen_l3[4].neuron_l3_add_lvl1[4][20]  
    core_inst/gen_l3[4].neuron_l3_add_lvl1[4][21]  
    core_inst/gen_l3[4].neuron_l3_add_lvl1[4][22]  
    core_inst/gen_l3[4].neuron_l3_add_lvl1[4][23]  
    core_inst/gen_l3[4].neuron_l3_add_lvl1[4][24]  
    core_inst/gen_l3[4].neuron_l3_add_lvl1[4][25]  
    core_inst/gen_l3[4].neuron_l3_add_lvl1[4][26]  
    core_inst/gen_l3[4].neuron_l3_add_lvl1[4][27]  
    core_inst/gen_l3[4].neuron_l3_add_lvl1[4][28]  
    core_inst/gen_l3[4].neuron_l3_add_lvl1[4][29]  
    core_inst/gen_l3[4].neuron_l3_add_lvl1[4][30]  
    core_inst/gen_l3[4].neuron_l3_add_lvl1[4][31]  
    core_inst/gen_l3[4].neuron_l3_add_lvl1[3][16]  
    core_inst/gen_l3[4].neuron_l3_add_lvl1[3][17]  
    core_inst/gen_l3[4].neuron_l3_add_lvl1[3][18]  
    core_inst/gen_l3[4].neuron_l3_add_lvl1[3][19]  
    core_inst/gen_l3[4].neuron_l3_add_lvl1[3][20]  
    core_inst/gen_l3[4].neuron_l3_add_lvl1[3][21]  
    core_inst/gen_l3[4].neuron_l3_add_lvl1[3][22]  
    core_inst/gen_l3[4].neuron_l3_add_lvl1[3][23]  
    core_inst/gen_l3[4].neuron_l3_add_lvl1[3][24]  
    core_inst/gen_l3[4].neuron_l3_add_lvl1[3][25]  
    core_inst/gen_l3[4].neuron_l3_add_lvl1[3][26]  
    core_inst/gen_l3[4].neuron_l3_add_lvl1[3][27]  
    core_inst/gen_l3[4].neuron_l3_add_lvl1[3][28]  
    core_inst/gen_l3[4].neuron_l3_add_lvl1[3][29]  
    core_inst/gen_l3[4].neuron_l3_add_lvl1[3][30]  
    core_inst/gen_l3[4].neuron_l3_add_lvl1[3][31]  
    core_inst/gen_l3[4].neuron_l3_add_lvl1[2][16]  
    core_inst/gen_l3[4].neuron_l3_add_lvl1[2][17]  
    core_inst/gen_l3[4].neuron_l3_add_lvl1[2][18]  
    core_inst/gen_l3[4].neuron_l3_add_lvl1[2][19]  
    core_inst/gen_l3[4].neuron_l3_add_lvl1[2][20]  
    core_inst/gen_l3[4].neuron_l3_add_lvl1[2][21]  
    core_inst/gen_l3[4].neuron_l3_add_lvl1[2][22]  
    core_inst/gen_l3[4].neuron_l3_add_lvl1[2][23]  
    core_inst/gen_l3[4].neuron_l3_add_lvl1[2][24]  
    core_inst/gen_l3[4].neuron_l3_add_lvl1[2][25]  
    core_inst/gen_l3[4].neuron_l3_add_lvl1[2][26]  
    core_inst/gen_l3[4].neuron_l3_add_lvl1[2][27]  
    core_inst/gen_l3[4].neuron_l3_add_lvl1[2][28]  
    core_inst/gen_l3[4].neuron_l3_add_lvl1[2][29]  
    core_inst/gen_l3[4].neuron_l3_add_lvl1[2][30]  
    core_inst/gen_l3[4].neuron_l3_add_lvl1[2][31]  
    core_inst/gen_l3[4].neuron_l3_add_lvl1[1][16]  
    core_inst/gen_l3[4].neuron_l3_add_lvl1[1][17]  
    core_inst/gen_l3[4].neuron_l3_add_lvl1[1][18]  
    core_inst/gen_l3[4].neuron_l3_add_lvl1[1][19]  
    core_inst/gen_l3[4].neuron_l3_add_lvl1[1][20]  
    core_inst/gen_l3[4].neuron_l3_add_lvl1[1][21]  
    core_inst/gen_l3[4].neuron_l3_add_lvl1[1][22]  
    core_inst/gen_l3[4].neuron_l3_add_lvl1[1][23]  
    core_inst/gen_l3[4].neuron_l3_add_lvl1[1][24]  
    core_inst/gen_l3[4].neuron_l3_add_lvl1[1][25]  
    core_inst/gen_l3[4].neuron_l3_add_lvl1[1][26]  
    core_inst/gen_l3[4].neuron_l3_add_lvl1[1][27]  
    core_inst/gen_l3[4].neuron_l3_add_lvl1[1][28]  
    core_inst/gen_l3[4].neuron_l3_add_lvl1[1][29]  
    core_inst/gen_l3[4].neuron_l3_add_lvl1[1][30]  
    core_inst/gen_l3[4].neuron_l3_add_lvl1[1][31]  
    core_inst/gen_l3[4].neuron_l3_add_lvl1[0][16]  
    core_inst/gen_l3[4].neuron_l3_add_lvl1[0][17]  
    core_inst/gen_l3[4].neuron_l3_add_lvl1[0][18]  
    core_inst/gen_l3[4].neuron_l3_add_lvl1[0][19]  
    core_inst/gen_l3[4].neuron_l3_add_lvl1[0][20]  
    core_inst/gen_l3[4].neuron_l3_add_lvl1[0][21]  
    core_inst/gen_l3[4].neuron_l3_add_lvl1[0][22]  
    core_inst/gen_l3[4].neuron_l3_add_lvl1[0][23]  
    core_inst/gen_l3[4].neuron_l3_add_lvl1[0][24]  
    core_inst/gen_l3[4].neuron_l3_add_lvl1[0][25]  
    core_inst/gen_l3[4].neuron_l3_add_lvl1[0][26]  
    core_inst/gen_l3[4].neuron_l3_add_lvl1[0][27]  
    core_inst/gen_l3[4].neuron_l3_add_lvl1[0][28]  
    core_inst/gen_l3[4].neuron_l3_add_lvl1[0][29]  
    core_inst/gen_l3[4].neuron_l3_add_lvl1[0][30]  
    core_inst/gen_l3[4].neuron_l3_add_lvl1[0][31]  
    core_inst/gen_l3[4].neuron_l3_mult[15][15]  
    core_inst/gen_l3[4].neuron_l3_mult[14][15]  
    core_inst/gen_l3[4].neuron_l3_mult[13][15]  
    core_inst/gen_l3[4].neuron_l3_mult[12][15]  
    core_inst/gen_l3[4].neuron_l3_mult[11][15]  
    core_inst/gen_l3[4].neuron_l3_mult[10][15]  
    core_inst/gen_l3[4].neuron_l3_mult[9][15]  
    core_inst/gen_l3[4].neuron_l3_mult[8][15]  
    core_inst/gen_l3[4].neuron_l3_mult[7][15]  
    core_inst/gen_l3[4].neuron_l3_mult[6][15]  
    core_inst/gen_l3[4].neuron_l3_mult[5][15]  
    core_inst/gen_l3[4].neuron_l3_mult[4][15]  
    core_inst/gen_l3[4].neuron_l3_mult[3][15]  
    core_inst/gen_l3[4].neuron_l3_mult[2][15]  
    core_inst/gen_l3[4].neuron_l3_mult[1][15]  
    core_inst/gen_l3[4].neuron_l3_mult[0][15]  
    core_inst/gen_l3[3].neuron_l3_sum_with_bias[0]  
    core_inst/gen_l3[3].neuron_l3_sum_with_bias[1]  
    core_inst/gen_l3[3].neuron_l3_sum_with_bias[2]  
    core_inst/gen_l3[3].neuron_l3_sum_with_bias[3]  
    core_inst/gen_l3[3].neuron_l3_sum_with_bias[4]  
    core_inst/gen_l3[3].neuron_l3_sum_with_bias[19]  
    core_inst/gen_l3[3].neuron_l3_sum_with_bias[20]  
    core_inst/gen_l3[3].neuron_l3_sum_with_bias[21]  
    core_inst/gen_l3[3].neuron_l3_sum_with_bias[22]  
    core_inst/gen_l3[3].neuron_l3_sum_with_bias[23]  
    core_inst/gen_l3[3].neuron_l3_sum_with_bias[24]  
    core_inst/gen_l3[3].neuron_l3_sum_with_bias[25]  
    core_inst/gen_l3[3].neuron_l3_sum_with_bias[26]  
    core_inst/gen_l3[3].neuron_l3_sum_with_bias[27]  
    core_inst/gen_l3[3].neuron_l3_sum_with_bias[28]  
    core_inst/gen_l3[3].neuron_l3_sum_with_bias[29]  
    core_inst/gen_l3[3].neuron_l3_sum_with_bias[30]  
    core_inst/gen_l3[3].neuron_l3_add_lvl3_1[18]  
    core_inst/gen_l3[3].neuron_l3_add_lvl3_1[19]  
    core_inst/gen_l3[3].neuron_l3_add_lvl3_1[20]  
    core_inst/gen_l3[3].neuron_l3_add_lvl3_1[21]  
    core_inst/gen_l3[3].neuron_l3_add_lvl3_1[22]  
    core_inst/gen_l3[3].neuron_l3_add_lvl3_1[23]  
    core_inst/gen_l3[3].neuron_l3_add_lvl3_1[24]  
    core_inst/gen_l3[3].neuron_l3_add_lvl3_1[25]  
    core_inst/gen_l3[3].neuron_l3_add_lvl3_1[26]  
    core_inst/gen_l3[3].neuron_l3_add_lvl3_1[27]  
    core_inst/gen_l3[3].neuron_l3_add_lvl3_1[28]  
    core_inst/gen_l3[3].neuron_l3_add_lvl3_1[29]  
    core_inst/gen_l3[3].neuron_l3_add_lvl3_1[30]  
    core_inst/gen_l3[3].neuron_l3_add_lvl3_1[31]  
    core_inst/gen_l3[3].neuron_l3_add_lvl3_0[18]  
    core_inst/gen_l3[3].neuron_l3_add_lvl3_0[19]  
    core_inst/gen_l3[3].neuron_l3_add_lvl3_0[20]  
    core_inst/gen_l3[3].neuron_l3_add_lvl3_0[21]  
    core_inst/gen_l3[3].neuron_l3_add_lvl3_0[22]  
    core_inst/gen_l3[3].neuron_l3_add_lvl3_0[23]  
    core_inst/gen_l3[3].neuron_l3_add_lvl3_0[24]  
    core_inst/gen_l3[3].neuron_l3_add_lvl3_0[25]  
    core_inst/gen_l3[3].neuron_l3_add_lvl3_0[26]  
    core_inst/gen_l3[3].neuron_l3_add_lvl3_0[27]  
    core_inst/gen_l3[3].neuron_l3_add_lvl3_0[28]  
    core_inst/gen_l3[3].neuron_l3_add_lvl3_0[29]  
    core_inst/gen_l3[3].neuron_l3_add_lvl3_0[30]  
    core_inst/gen_l3[3].neuron_l3_add_lvl3_0[31]  
    core_inst/gen_l3[3].neuron_l3_add_lvl2[3][17]  
    core_inst/gen_l3[3].neuron_l3_add_lvl2[3][18]  
    core_inst/gen_l3[3].neuron_l3_add_lvl2[3][19]  
    core_inst/gen_l3[3].neuron_l3_add_lvl2[3][20]  
    core_inst/gen_l3[3].neuron_l3_add_lvl2[3][21]  
    core_inst/gen_l3[3].neuron_l3_add_lvl2[3][22]  
    core_inst/gen_l3[3].neuron_l3_add_lvl2[3][23]  
    core_inst/gen_l3[3].neuron_l3_add_lvl2[3][24]  
    core_inst/gen_l3[3].neuron_l3_add_lvl2[3][25]  
    core_inst/gen_l3[3].neuron_l3_add_lvl2[3][26]  
    core_inst/gen_l3[3].neuron_l3_add_lvl2[3][27]  
    core_inst/gen_l3[3].neuron_l3_add_lvl2[3][28]  
    core_inst/gen_l3[3].neuron_l3_add_lvl2[3][29]  
    core_inst/gen_l3[3].neuron_l3_add_lvl2[3][30]  
    core_inst/gen_l3[3].neuron_l3_add_lvl2[3][31]  
    core_inst/gen_l3[3].neuron_l3_add_lvl2[2][17]  
    core_inst/gen_l3[3].neuron_l3_add_lvl2[2][18]  
    core_inst/gen_l3[3].neuron_l3_add_lvl2[2][19]  
    core_inst/gen_l3[3].neuron_l3_add_lvl2[2][20]  
    core_inst/gen_l3[3].neuron_l3_add_lvl2[2][21]  
    core_inst/gen_l3[3].neuron_l3_add_lvl2[2][22]  
    core_inst/gen_l3[3].neuron_l3_add_lvl2[2][23]  
    core_inst/gen_l3[3].neuron_l3_add_lvl2[2][24]  
    core_inst/gen_l3[3].neuron_l3_add_lvl2[2][25]  
    core_inst/gen_l3[3].neuron_l3_add_lvl2[2][26]  
    core_inst/gen_l3[3].neuron_l3_add_lvl2[2][27]  
    core_inst/gen_l3[3].neuron_l3_add_lvl2[2][28]  
    core_inst/gen_l3[3].neuron_l3_add_lvl2[2][29]  
    core_inst/gen_l3[3].neuron_l3_add_lvl2[2][30]  
    core_inst/gen_l3[3].neuron_l3_add_lvl2[2][31]  
    core_inst/gen_l3[3].neuron_l3_add_lvl2[1][17]  
    core_inst/gen_l3[3].neuron_l3_add_lvl2[1][18]  
    core_inst/gen_l3[3].neuron_l3_add_lvl2[1][19]  
    core_inst/gen_l3[3].neuron_l3_add_lvl2[1][20]  
    core_inst/gen_l3[3].neuron_l3_add_lvl2[1][21]  
    core_inst/gen_l3[3].neuron_l3_add_lvl2[1][22]  
    core_inst/gen_l3[3].neuron_l3_add_lvl2[1][23]  
    core_inst/gen_l3[3].neuron_l3_add_lvl2[1][24]  
    core_inst/gen_l3[3].neuron_l3_add_lvl2[1][25]  
    core_inst/gen_l3[3].neuron_l3_add_lvl2[1][26]  
    core_inst/gen_l3[3].neuron_l3_add_lvl2[1][27]  
    core_inst/gen_l3[3].neuron_l3_add_lvl2[1][28]  
    core_inst/gen_l3[3].neuron_l3_add_lvl2[1][29]  
    core_inst/gen_l3[3].neuron_l3_add_lvl2[1][30]  
    core_inst/gen_l3[3].neuron_l3_add_lvl2[1][31]  
    core_inst/gen_l3[3].neuron_l3_add_lvl2[0][17]  
    core_inst/gen_l3[3].neuron_l3_add_lvl2[0][18]  
    core_inst/gen_l3[3].neuron_l3_add_lvl2[0][19]  
    core_inst/gen_l3[3].neuron_l3_add_lvl2[0][20]  
    core_inst/gen_l3[3].neuron_l3_add_lvl2[0][21]  
    core_inst/gen_l3[3].neuron_l3_add_lvl2[0][22]  
    core_inst/gen_l3[3].neuron_l3_add_lvl2[0][23]  
    core_inst/gen_l3[3].neuron_l3_add_lvl2[0][24]  
    core_inst/gen_l3[3].neuron_l3_add_lvl2[0][25]  
    core_inst/gen_l3[3].neuron_l3_add_lvl2[0][26]  
    core_inst/gen_l3[3].neuron_l3_add_lvl2[0][27]  
    core_inst/gen_l3[3].neuron_l3_add_lvl2[0][28]  
    core_inst/gen_l3[3].neuron_l3_add_lvl2[0][29]  
    core_inst/gen_l3[3].neuron_l3_add_lvl2[0][30]  
    core_inst/gen_l3[3].neuron_l3_add_lvl2[0][31]  
    core_inst/gen_l3[3].neuron_l3_add_lvl1[7][16]  
    core_inst/gen_l3[3].neuron_l3_add_lvl1[7][17]  
    core_inst/gen_l3[3].neuron_l3_add_lvl1[7][18]  
    core_inst/gen_l3[3].neuron_l3_add_lvl1[7][19]  
    core_inst/gen_l3[3].neuron_l3_add_lvl1[7][20]  
    core_inst/gen_l3[3].neuron_l3_add_lvl1[7][21]  
    core_inst/gen_l3[3].neuron_l3_add_lvl1[7][22]  
    core_inst/gen_l3[3].neuron_l3_add_lvl1[7][23]  
    core_inst/gen_l3[3].neuron_l3_add_lvl1[7][24]  
    core_inst/gen_l3[3].neuron_l3_add_lvl1[7][25]  
    core_inst/gen_l3[3].neuron_l3_add_lvl1[7][26]  
    core_inst/gen_l3[3].neuron_l3_add_lvl1[7][27]  
    core_inst/gen_l3[3].neuron_l3_add_lvl1[7][28]  
    core_inst/gen_l3[3].neuron_l3_add_lvl1[7][29]  
    core_inst/gen_l3[3].neuron_l3_add_lvl1[7][30]  
    core_inst/gen_l3[3].neuron_l3_add_lvl1[7][31]  
    core_inst/gen_l3[3].neuron_l3_add_lvl1[6][16]  
    core_inst/gen_l3[3].neuron_l3_add_lvl1[6][17]  
    core_inst/gen_l3[3].neuron_l3_add_lvl1[6][18]  
    core_inst/gen_l3[3].neuron_l3_add_lvl1[6][19]  
    core_inst/gen_l3[3].neuron_l3_add_lvl1[6][20]  
    core_inst/gen_l3[3].neuron_l3_add_lvl1[6][21]  
    core_inst/gen_l3[3].neuron_l3_add_lvl1[6][22]  
    core_inst/gen_l3[3].neuron_l3_add_lvl1[6][23]  
    core_inst/gen_l3[3].neuron_l3_add_lvl1[6][24]  
    core_inst/gen_l3[3].neuron_l3_add_lvl1[6][25]  
    core_inst/gen_l3[3].neuron_l3_add_lvl1[6][26]  
    core_inst/gen_l3[3].neuron_l3_add_lvl1[6][27]  
    core_inst/gen_l3[3].neuron_l3_add_lvl1[6][28]  
    core_inst/gen_l3[3].neuron_l3_add_lvl1[6][29]  
    core_inst/gen_l3[3].neuron_l3_add_lvl1[6][30]  
    core_inst/gen_l3[3].neuron_l3_add_lvl1[6][31]  
    core_inst/gen_l3[3].neuron_l3_add_lvl1[5][16]  
    core_inst/gen_l3[3].neuron_l3_add_lvl1[5][17]  
    core_inst/gen_l3[3].neuron_l3_add_lvl1[5][18]  
    core_inst/gen_l3[3].neuron_l3_add_lvl1[5][19]  
    core_inst/gen_l3[3].neuron_l3_add_lvl1[5][20]  
    core_inst/gen_l3[3].neuron_l3_add_lvl1[5][21]  
    core_inst/gen_l3[3].neuron_l3_add_lvl1[5][22]  
    core_inst/gen_l3[3].neuron_l3_add_lvl1[5][23]  
    core_inst/gen_l3[3].neuron_l3_add_lvl1[5][24]  
    core_inst/gen_l3[3].neuron_l3_add_lvl1[5][25]  
    core_inst/gen_l3[3].neuron_l3_add_lvl1[5][26]  
    core_inst/gen_l3[3].neuron_l3_add_lvl1[5][27]  
    core_inst/gen_l3[3].neuron_l3_add_lvl1[5][28]  
    core_inst/gen_l3[3].neuron_l3_add_lvl1[5][29]  
    core_inst/gen_l3[3].neuron_l3_add_lvl1[5][30]  
    core_inst/gen_l3[3].neuron_l3_add_lvl1[5][31]  
    core_inst/gen_l3[3].neuron_l3_add_lvl1[4][16]  
    core_inst/gen_l3[3].neuron_l3_add_lvl1[4][17]  
    core_inst/gen_l3[3].neuron_l3_add_lvl1[4][18]  
    core_inst/gen_l3[3].neuron_l3_add_lvl1[4][19]  
    core_inst/gen_l3[3].neuron_l3_add_lvl1[4][20]  
    core_inst/gen_l3[3].neuron_l3_add_lvl1[4][21]  
    core_inst/gen_l3[3].neuron_l3_add_lvl1[4][22]  
    core_inst/gen_l3[3].neuron_l3_add_lvl1[4][23]  
    core_inst/gen_l3[3].neuron_l3_add_lvl1[4][24]  
    core_inst/gen_l3[3].neuron_l3_add_lvl1[4][25]  
    core_inst/gen_l3[3].neuron_l3_add_lvl1[4][26]  
    core_inst/gen_l3[3].neuron_l3_add_lvl1[4][27]  
    core_inst/gen_l3[3].neuron_l3_add_lvl1[4][28]  
    core_inst/gen_l3[3].neuron_l3_add_lvl1[4][29]  
    core_inst/gen_l3[3].neuron_l3_add_lvl1[4][30]  
    core_inst/gen_l3[3].neuron_l3_add_lvl1[4][31]  
    core_inst/gen_l3[3].neuron_l3_add_lvl1[3][16]  
    core_inst/gen_l3[3].neuron_l3_add_lvl1[3][17]  
    core_inst/gen_l3[3].neuron_l3_add_lvl1[3][18]  
    core_inst/gen_l3[3].neuron_l3_add_lvl1[3][19]  
    core_inst/gen_l3[3].neuron_l3_add_lvl1[3][20]  
    core_inst/gen_l3[3].neuron_l3_add_lvl1[3][21]  
    core_inst/gen_l3[3].neuron_l3_add_lvl1[3][22]  
    core_inst/gen_l3[3].neuron_l3_add_lvl1[3][23]  
    core_inst/gen_l3[3].neuron_l3_add_lvl1[3][24]  
    core_inst/gen_l3[3].neuron_l3_add_lvl1[3][25]  
    core_inst/gen_l3[3].neuron_l3_add_lvl1[3][26]  
    core_inst/gen_l3[3].neuron_l3_add_lvl1[3][27]  
    core_inst/gen_l3[3].neuron_l3_add_lvl1[3][28]  
    core_inst/gen_l3[3].neuron_l3_add_lvl1[3][29]  
    core_inst/gen_l3[3].neuron_l3_add_lvl1[3][30]  
    core_inst/gen_l3[3].neuron_l3_add_lvl1[3][31]  
    core_inst/gen_l3[3].neuron_l3_add_lvl1[2][16]  
    core_inst/gen_l3[3].neuron_l3_add_lvl1[2][17]  
    core_inst/gen_l3[3].neuron_l3_add_lvl1[2][18]  
    core_inst/gen_l3[3].neuron_l3_add_lvl1[2][19]  
    core_inst/gen_l3[3].neuron_l3_add_lvl1[2][20]  
    core_inst/gen_l3[3].neuron_l3_add_lvl1[2][21]  
    core_inst/gen_l3[3].neuron_l3_add_lvl1[2][22]  
    core_inst/gen_l3[3].neuron_l3_add_lvl1[2][23]  
    core_inst/gen_l3[3].neuron_l3_add_lvl1[2][24]  
    core_inst/gen_l3[3].neuron_l3_add_lvl1[2][25]  
    core_inst/gen_l3[3].neuron_l3_add_lvl1[2][26]  
    core_inst/gen_l3[3].neuron_l3_add_lvl1[2][27]  
    core_inst/gen_l3[3].neuron_l3_add_lvl1[2][28]  
    core_inst/gen_l3[3].neuron_l3_add_lvl1[2][29]  
    core_inst/gen_l3[3].neuron_l3_add_lvl1[2][30]  
    core_inst/gen_l3[3].neuron_l3_add_lvl1[2][31]  
    core_inst/gen_l3[3].neuron_l3_add_lvl1[1][16]  
    core_inst/gen_l3[3].neuron_l3_add_lvl1[1][17]  
    core_inst/gen_l3[3].neuron_l3_add_lvl1[1][18]  
    core_inst/gen_l3[3].neuron_l3_add_lvl1[1][19]  
    core_inst/gen_l3[3].neuron_l3_add_lvl1[1][20]  
    core_inst/gen_l3[3].neuron_l3_add_lvl1[1][21]  
    core_inst/gen_l3[3].neuron_l3_add_lvl1[1][22]  
    core_inst/gen_l3[3].neuron_l3_add_lvl1[1][23]  
    core_inst/gen_l3[3].neuron_l3_add_lvl1[1][24]  
    core_inst/gen_l3[3].neuron_l3_add_lvl1[1][25]  
    core_inst/gen_l3[3].neuron_l3_add_lvl1[1][26]  
    core_inst/gen_l3[3].neuron_l3_add_lvl1[1][27]  
    core_inst/gen_l3[3].neuron_l3_add_lvl1[1][28]  
    core_inst/gen_l3[3].neuron_l3_add_lvl1[1][29]  
    core_inst/gen_l3[3].neuron_l3_add_lvl1[1][30]  
    core_inst/gen_l3[3].neuron_l3_add_lvl1[1][31]  
    core_inst/gen_l3[3].neuron_l3_add_lvl1[0][16]  
    core_inst/gen_l3[3].neuron_l3_add_lvl1[0][17]  
    core_inst/gen_l3[3].neuron_l3_add_lvl1[0][18]  
    core_inst/gen_l3[3].neuron_l3_add_lvl1[0][19]  
    core_inst/gen_l3[3].neuron_l3_add_lvl1[0][20]  
    core_inst/gen_l3[3].neuron_l3_add_lvl1[0][21]  
    core_inst/gen_l3[3].neuron_l3_add_lvl1[0][22]  
    core_inst/gen_l3[3].neuron_l3_add_lvl1[0][23]  
    core_inst/gen_l3[3].neuron_l3_add_lvl1[0][24]  
    core_inst/gen_l3[3].neuron_l3_add_lvl1[0][25]  
    core_inst/gen_l3[3].neuron_l3_add_lvl1[0][26]  
    core_inst/gen_l3[3].neuron_l3_add_lvl1[0][27]  
    core_inst/gen_l3[3].neuron_l3_add_lvl1[0][28]  
    core_inst/gen_l3[3].neuron_l3_add_lvl1[0][29]  
    core_inst/gen_l3[3].neuron_l3_add_lvl1[0][30]  
    core_inst/gen_l3[3].neuron_l3_add_lvl1[0][31]  
    core_inst/gen_l3[3].neuron_l3_mult[15][15]  
    core_inst/gen_l3[3].neuron_l3_mult[14][15]  
    core_inst/gen_l3[3].neuron_l3_mult[13][15]  
    core_inst/gen_l3[3].neuron_l3_mult[12][15]  
    core_inst/gen_l3[3].neuron_l3_mult[11][15]  
    core_inst/gen_l3[3].neuron_l3_mult[10][15]  
    core_inst/gen_l3[3].neuron_l3_mult[9][15]  
    core_inst/gen_l3[3].neuron_l3_mult[8][15]  
    core_inst/gen_l3[3].neuron_l3_mult[7][15]  
    core_inst/gen_l3[3].neuron_l3_mult[6][15]  
    core_inst/gen_l3[3].neuron_l3_mult[5][15]  
    core_inst/gen_l3[3].neuron_l3_mult[4][15]  
    core_inst/gen_l3[3].neuron_l3_mult[3][15]  
    core_inst/gen_l3[3].neuron_l3_mult[2][15]  
    core_inst/gen_l3[3].neuron_l3_mult[1][15]  
    core_inst/gen_l3[3].neuron_l3_mult[0][15]  
    core_inst/gen_l3[2].neuron_l3_sum_with_bias[0]  
    core_inst/gen_l3[2].neuron_l3_sum_with_bias[1]  
    core_inst/gen_l3[2].neuron_l3_sum_with_bias[2]  
    core_inst/gen_l3[2].neuron_l3_sum_with_bias[3]  
    core_inst/gen_l3[2].neuron_l3_sum_with_bias[4]  
    core_inst/gen_l3[2].neuron_l3_sum_with_bias[19]  
    core_inst/gen_l3[2].neuron_l3_sum_with_bias[20]  
    core_inst/gen_l3[2].neuron_l3_sum_with_bias[21]  
    core_inst/gen_l3[2].neuron_l3_sum_with_bias[22]  
    core_inst/gen_l3[2].neuron_l3_sum_with_bias[23]  
    core_inst/gen_l3[2].neuron_l3_sum_with_bias[24]  
    core_inst/gen_l3[2].neuron_l3_sum_with_bias[25]  
    core_inst/gen_l3[2].neuron_l3_sum_with_bias[26]  
    core_inst/gen_l3[2].neuron_l3_sum_with_bias[27]  
    core_inst/gen_l3[2].neuron_l3_sum_with_bias[28]  
    core_inst/gen_l3[2].neuron_l3_sum_with_bias[29]  
    core_inst/gen_l3[2].neuron_l3_sum_with_bias[30]  
    core_inst/gen_l3[2].neuron_l3_add_lvl3_1[18]  
    core_inst/gen_l3[2].neuron_l3_add_lvl3_1[19]  
    core_inst/gen_l3[2].neuron_l3_add_lvl3_1[20]  
    core_inst/gen_l3[2].neuron_l3_add_lvl3_1[21]  
    core_inst/gen_l3[2].neuron_l3_add_lvl3_1[22]  
    core_inst/gen_l3[2].neuron_l3_add_lvl3_1[23]  
    core_inst/gen_l3[2].neuron_l3_add_lvl3_1[24]  
    core_inst/gen_l3[2].neuron_l3_add_lvl3_1[25]  
    core_inst/gen_l3[2].neuron_l3_add_lvl3_1[26]  
    core_inst/gen_l3[2].neuron_l3_add_lvl3_1[27]  
    core_inst/gen_l3[2].neuron_l3_add_lvl3_1[28]  
    core_inst/gen_l3[2].neuron_l3_add_lvl3_1[29]  
    core_inst/gen_l3[2].neuron_l3_add_lvl3_1[30]  
    core_inst/gen_l3[2].neuron_l3_add_lvl3_1[31]  
    core_inst/gen_l3[2].neuron_l3_add_lvl3_0[18]  
    core_inst/gen_l3[2].neuron_l3_add_lvl3_0[19]  
    core_inst/gen_l3[2].neuron_l3_add_lvl3_0[20]  
    core_inst/gen_l3[2].neuron_l3_add_lvl3_0[21]  
    core_inst/gen_l3[2].neuron_l3_add_lvl3_0[22]  
    core_inst/gen_l3[2].neuron_l3_add_lvl3_0[23]  
    core_inst/gen_l3[2].neuron_l3_add_lvl3_0[24]  
    core_inst/gen_l3[2].neuron_l3_add_lvl3_0[25]  
    core_inst/gen_l3[2].neuron_l3_add_lvl3_0[26]  
    core_inst/gen_l3[2].neuron_l3_add_lvl3_0[27]  
    core_inst/gen_l3[2].neuron_l3_add_lvl3_0[28]  
    core_inst/gen_l3[2].neuron_l3_add_lvl3_0[29]  
    core_inst/gen_l3[2].neuron_l3_add_lvl3_0[30]  
    core_inst/gen_l3[2].neuron_l3_add_lvl3_0[31]  
    core_inst/gen_l3[2].neuron_l3_add_lvl2[3][17]  
    core_inst/gen_l3[2].neuron_l3_add_lvl2[3][18]  
    core_inst/gen_l3[2].neuron_l3_add_lvl2[3][19]  
    core_inst/gen_l3[2].neuron_l3_add_lvl2[3][20]  
    core_inst/gen_l3[2].neuron_l3_add_lvl2[3][21]  
    core_inst/gen_l3[2].neuron_l3_add_lvl2[3][22]  
    core_inst/gen_l3[2].neuron_l3_add_lvl2[3][23]  
    core_inst/gen_l3[2].neuron_l3_add_lvl2[3][24]  
    core_inst/gen_l3[2].neuron_l3_add_lvl2[3][25]  
    core_inst/gen_l3[2].neuron_l3_add_lvl2[3][26]  
    core_inst/gen_l3[2].neuron_l3_add_lvl2[3][27]  
    core_inst/gen_l3[2].neuron_l3_add_lvl2[3][28]  
    core_inst/gen_l3[2].neuron_l3_add_lvl2[3][29]  
    core_inst/gen_l3[2].neuron_l3_add_lvl2[3][30]  
    core_inst/gen_l3[2].neuron_l3_add_lvl2[3][31]  
    core_inst/gen_l3[2].neuron_l3_add_lvl2[2][17]  
    core_inst/gen_l3[2].neuron_l3_add_lvl2[2][18]  
    core_inst/gen_l3[2].neuron_l3_add_lvl2[2][19]  
    core_inst/gen_l3[2].neuron_l3_add_lvl2[2][20]  
    core_inst/gen_l3[2].neuron_l3_add_lvl2[2][21]  
    core_inst/gen_l3[2].neuron_l3_add_lvl2[2][22]  
    core_inst/gen_l3[2].neuron_l3_add_lvl2[2][23]  
    core_inst/gen_l3[2].neuron_l3_add_lvl2[2][24]  
    core_inst/gen_l3[2].neuron_l3_add_lvl2[2][25]  
    core_inst/gen_l3[2].neuron_l3_add_lvl2[2][26]  
    core_inst/gen_l3[2].neuron_l3_add_lvl2[2][27]  
    core_inst/gen_l3[2].neuron_l3_add_lvl2[2][28]  
    core_inst/gen_l3[2].neuron_l3_add_lvl2[2][29]  
    core_inst/gen_l3[2].neuron_l3_add_lvl2[2][30]  
    core_inst/gen_l3[2].neuron_l3_add_lvl2[2][31]  
    core_inst/gen_l3[2].neuron_l3_add_lvl2[1][17]  
    core_inst/gen_l3[2].neuron_l3_add_lvl2[1][18]  
    core_inst/gen_l3[2].neuron_l3_add_lvl2[1][19]  
    core_inst/gen_l3[2].neuron_l3_add_lvl2[1][20]  
    core_inst/gen_l3[2].neuron_l3_add_lvl2[1][21]  
    core_inst/gen_l3[2].neuron_l3_add_lvl2[1][22]  
    core_inst/gen_l3[2].neuron_l3_add_lvl2[1][23]  
    core_inst/gen_l3[2].neuron_l3_add_lvl2[1][24]  
    core_inst/gen_l3[2].neuron_l3_add_lvl2[1][25]  
    core_inst/gen_l3[2].neuron_l3_add_lvl2[1][26]  
    core_inst/gen_l3[2].neuron_l3_add_lvl2[1][27]  
    core_inst/gen_l3[2].neuron_l3_add_lvl2[1][28]  
    core_inst/gen_l3[2].neuron_l3_add_lvl2[1][29]  
    core_inst/gen_l3[2].neuron_l3_add_lvl2[1][30]  
    core_inst/gen_l3[2].neuron_l3_add_lvl2[1][31]  
    core_inst/gen_l3[2].neuron_l3_add_lvl2[0][17]  
    core_inst/gen_l3[2].neuron_l3_add_lvl2[0][18]  
    core_inst/gen_l3[2].neuron_l3_add_lvl2[0][19]  
    core_inst/gen_l3[2].neuron_l3_add_lvl2[0][20]  
    core_inst/gen_l3[2].neuron_l3_add_lvl2[0][21]  
    core_inst/gen_l3[2].neuron_l3_add_lvl2[0][22]  
    core_inst/gen_l3[2].neuron_l3_add_lvl2[0][23]  
    core_inst/gen_l3[2].neuron_l3_add_lvl2[0][24]  
    core_inst/gen_l3[2].neuron_l3_add_lvl2[0][25]  
    core_inst/gen_l3[2].neuron_l3_add_lvl2[0][26]  
    core_inst/gen_l3[2].neuron_l3_add_lvl2[0][27]  
    core_inst/gen_l3[2].neuron_l3_add_lvl2[0][28]  
    core_inst/gen_l3[2].neuron_l3_add_lvl2[0][29]  
    core_inst/gen_l3[2].neuron_l3_add_lvl2[0][30]  
    core_inst/gen_l3[2].neuron_l3_add_lvl2[0][31]  
    core_inst/gen_l3[2].neuron_l3_add_lvl1[7][16]  
    core_inst/gen_l3[2].neuron_l3_add_lvl1[7][17]  
    core_inst/gen_l3[2].neuron_l3_add_lvl1[7][18]  
    core_inst/gen_l3[2].neuron_l3_add_lvl1[7][19]  
    core_inst/gen_l3[2].neuron_l3_add_lvl1[7][20]  
    core_inst/gen_l3[2].neuron_l3_add_lvl1[7][21]  
    core_inst/gen_l3[2].neuron_l3_add_lvl1[7][22]  
    core_inst/gen_l3[2].neuron_l3_add_lvl1[7][23]  
    core_inst/gen_l3[2].neuron_l3_add_lvl1[7][24]  
    core_inst/gen_l3[2].neuron_l3_add_lvl1[7][25]  
    core_inst/gen_l3[2].neuron_l3_add_lvl1[7][26]  
    core_inst/gen_l3[2].neuron_l3_add_lvl1[7][27]  
    core_inst/gen_l3[2].neuron_l3_add_lvl1[7][28]  
    core_inst/gen_l3[2].neuron_l3_add_lvl1[7][29]  
    core_inst/gen_l3[2].neuron_l3_add_lvl1[7][30]  
    core_inst/gen_l3[2].neuron_l3_add_lvl1[7][31]  
    core_inst/gen_l3[2].neuron_l3_add_lvl1[6][16]  
    core_inst/gen_l3[2].neuron_l3_add_lvl1[6][17]  
    core_inst/gen_l3[2].neuron_l3_add_lvl1[6][18]  
    core_inst/gen_l3[2].neuron_l3_add_lvl1[6][19]  
    core_inst/gen_l3[2].neuron_l3_add_lvl1[6][20]  
    core_inst/gen_l3[2].neuron_l3_add_lvl1[6][21]  
    core_inst/gen_l3[2].neuron_l3_add_lvl1[6][22]  
    core_inst/gen_l3[2].neuron_l3_add_lvl1[6][23]  
    core_inst/gen_l3[2].neuron_l3_add_lvl1[6][24]  
    core_inst/gen_l3[2].neuron_l3_add_lvl1[6][25]  
    core_inst/gen_l3[2].neuron_l3_add_lvl1[6][26]  
    core_inst/gen_l3[2].neuron_l3_add_lvl1[6][27]  
    core_inst/gen_l3[2].neuron_l3_add_lvl1[6][28]  
    core_inst/gen_l3[2].neuron_l3_add_lvl1[6][29]  
    core_inst/gen_l3[2].neuron_l3_add_lvl1[6][30]  
    core_inst/gen_l3[2].neuron_l3_add_lvl1[6][31]  
    core_inst/gen_l3[2].neuron_l3_add_lvl1[5][16]  
    core_inst/gen_l3[2].neuron_l3_add_lvl1[5][17]  
    core_inst/gen_l3[2].neuron_l3_add_lvl1[5][18]  
    core_inst/gen_l3[2].neuron_l3_add_lvl1[5][19]  
    core_inst/gen_l3[2].neuron_l3_add_lvl1[5][20]  
    core_inst/gen_l3[2].neuron_l3_add_lvl1[5][21]  
    core_inst/gen_l3[2].neuron_l3_add_lvl1[5][22]  
    core_inst/gen_l3[2].neuron_l3_add_lvl1[5][23]  
    core_inst/gen_l3[2].neuron_l3_add_lvl1[5][24]  
    core_inst/gen_l3[2].neuron_l3_add_lvl1[5][25]  
    core_inst/gen_l3[2].neuron_l3_add_lvl1[5][26]  
    core_inst/gen_l3[2].neuron_l3_add_lvl1[5][27]  
    core_inst/gen_l3[2].neuron_l3_add_lvl1[5][28]  
    core_inst/gen_l3[2].neuron_l3_add_lvl1[5][29]  
    core_inst/gen_l3[2].neuron_l3_add_lvl1[5][30]  
    core_inst/gen_l3[2].neuron_l3_add_lvl1[5][31]  
    core_inst/gen_l3[2].neuron_l3_add_lvl1[4][16]  
    core_inst/gen_l3[2].neuron_l3_add_lvl1[4][17]  
    core_inst/gen_l3[2].neuron_l3_add_lvl1[4][18]  
    core_inst/gen_l3[2].neuron_l3_add_lvl1[4][19]  
    core_inst/gen_l3[2].neuron_l3_add_lvl1[4][20]  
    core_inst/gen_l3[2].neuron_l3_add_lvl1[4][21]  
    core_inst/gen_l3[2].neuron_l3_add_lvl1[4][22]  
    core_inst/gen_l3[2].neuron_l3_add_lvl1[4][23]  
    core_inst/gen_l3[2].neuron_l3_add_lvl1[4][24]  
    core_inst/gen_l3[2].neuron_l3_add_lvl1[4][25]  
    core_inst/gen_l3[2].neuron_l3_add_lvl1[4][26]  
    core_inst/gen_l3[2].neuron_l3_add_lvl1[4][27]  
    core_inst/gen_l3[2].neuron_l3_add_lvl1[4][28]  
    core_inst/gen_l3[2].neuron_l3_add_lvl1[4][29]  
    core_inst/gen_l3[2].neuron_l3_add_lvl1[4][30]  
    core_inst/gen_l3[2].neuron_l3_add_lvl1[4][31]  
    core_inst/gen_l3[2].neuron_l3_add_lvl1[3][16]  
    core_inst/gen_l3[2].neuron_l3_add_lvl1[3][17]  
    core_inst/gen_l3[2].neuron_l3_add_lvl1[3][18]  
    core_inst/gen_l3[2].neuron_l3_add_lvl1[3][19]  
    core_inst/gen_l3[2].neuron_l3_add_lvl1[3][20]  
    core_inst/gen_l3[2].neuron_l3_add_lvl1[3][21]  
    core_inst/gen_l3[2].neuron_l3_add_lvl1[3][22]  
    core_inst/gen_l3[2].neuron_l3_add_lvl1[3][23]  
    core_inst/gen_l3[2].neuron_l3_add_lvl1[3][24]  
    core_inst/gen_l3[2].neuron_l3_add_lvl1[3][25]  
    core_inst/gen_l3[2].neuron_l3_add_lvl1[3][26]  
    core_inst/gen_l3[2].neuron_l3_add_lvl1[3][27]  
    core_inst/gen_l3[2].neuron_l3_add_lvl1[3][28]  
    core_inst/gen_l3[2].neuron_l3_add_lvl1[3][29]  
    core_inst/gen_l3[2].neuron_l3_add_lvl1[3][30]  
    core_inst/gen_l3[2].neuron_l3_add_lvl1[3][31]  
    core_inst/gen_l3[2].neuron_l3_add_lvl1[2][16]  
    core_inst/gen_l3[2].neuron_l3_add_lvl1[2][17]  
    core_inst/gen_l3[2].neuron_l3_add_lvl1[2][18]  
    core_inst/gen_l3[2].neuron_l3_add_lvl1[2][19]  
    core_inst/gen_l3[2].neuron_l3_add_lvl1[2][20]  
    core_inst/gen_l3[2].neuron_l3_add_lvl1[2][21]  
    core_inst/gen_l3[2].neuron_l3_add_lvl1[2][22]  
    core_inst/gen_l3[2].neuron_l3_add_lvl1[2][23]  
    core_inst/gen_l3[2].neuron_l3_add_lvl1[2][24]  
    core_inst/gen_l3[2].neuron_l3_add_lvl1[2][25]  
    core_inst/gen_l3[2].neuron_l3_add_lvl1[2][26]  
    core_inst/gen_l3[2].neuron_l3_add_lvl1[2][27]  
    core_inst/gen_l3[2].neuron_l3_add_lvl1[2][28]  
    core_inst/gen_l3[2].neuron_l3_add_lvl1[2][29]  
    core_inst/gen_l3[2].neuron_l3_add_lvl1[2][30]  
    core_inst/gen_l3[2].neuron_l3_add_lvl1[2][31]  
    core_inst/gen_l3[2].neuron_l3_add_lvl1[1][16]  
    core_inst/gen_l3[2].neuron_l3_add_lvl1[1][17]  
    core_inst/gen_l3[2].neuron_l3_add_lvl1[1][18]  
    core_inst/gen_l3[2].neuron_l3_add_lvl1[1][19]  
    core_inst/gen_l3[2].neuron_l3_add_lvl1[1][20]  
    core_inst/gen_l3[2].neuron_l3_add_lvl1[1][21]  
    core_inst/gen_l3[2].neuron_l3_add_lvl1[1][22]  
    core_inst/gen_l3[2].neuron_l3_add_lvl1[1][23]  
    core_inst/gen_l3[2].neuron_l3_add_lvl1[1][24]  
    core_inst/gen_l3[2].neuron_l3_add_lvl1[1][25]  
    core_inst/gen_l3[2].neuron_l3_add_lvl1[1][26]  
    core_inst/gen_l3[2].neuron_l3_add_lvl1[1][27]  
    core_inst/gen_l3[2].neuron_l3_add_lvl1[1][28]  
    core_inst/gen_l3[2].neuron_l3_add_lvl1[1][29]  
    core_inst/gen_l3[2].neuron_l3_add_lvl1[1][30]  
    core_inst/gen_l3[2].neuron_l3_add_lvl1[1][31]  
    core_inst/gen_l3[2].neuron_l3_add_lvl1[0][16]  
    core_inst/gen_l3[2].neuron_l3_add_lvl1[0][17]  
    core_inst/gen_l3[2].neuron_l3_add_lvl1[0][18]  
    core_inst/gen_l3[2].neuron_l3_add_lvl1[0][19]  
    core_inst/gen_l3[2].neuron_l3_add_lvl1[0][20]  
    core_inst/gen_l3[2].neuron_l3_add_lvl1[0][21]  
    core_inst/gen_l3[2].neuron_l3_add_lvl1[0][22]  
    core_inst/gen_l3[2].neuron_l3_add_lvl1[0][23]  
    core_inst/gen_l3[2].neuron_l3_add_lvl1[0][24]  
    core_inst/gen_l3[2].neuron_l3_add_lvl1[0][25]  
    core_inst/gen_l3[2].neuron_l3_add_lvl1[0][26]  
    core_inst/gen_l3[2].neuron_l3_add_lvl1[0][27]  
    core_inst/gen_l3[2].neuron_l3_add_lvl1[0][28]  
    core_inst/gen_l3[2].neuron_l3_add_lvl1[0][29]  
    core_inst/gen_l3[2].neuron_l3_add_lvl1[0][30]  
    core_inst/gen_l3[2].neuron_l3_add_lvl1[0][31]  
    core_inst/gen_l3[2].neuron_l3_mult[15][15]  
    core_inst/gen_l3[2].neuron_l3_mult[14][15]  
    core_inst/gen_l3[2].neuron_l3_mult[13][15]  
    core_inst/gen_l3[2].neuron_l3_mult[12][15]  
    core_inst/gen_l3[2].neuron_l3_mult[11][15]  
    core_inst/gen_l3[2].neuron_l3_mult[10][15]  
    core_inst/gen_l3[2].neuron_l3_mult[9][15]  
    core_inst/gen_l3[2].neuron_l3_mult[8][15]  
    core_inst/gen_l3[2].neuron_l3_mult[7][15]  
    core_inst/gen_l3[2].neuron_l3_mult[6][15]  
    core_inst/gen_l3[2].neuron_l3_mult[5][15]  
    core_inst/gen_l3[2].neuron_l3_mult[4][15]  
    core_inst/gen_l3[2].neuron_l3_mult[3][15]  
    core_inst/gen_l3[2].neuron_l3_mult[2][15]  
    core_inst/gen_l3[2].neuron_l3_mult[1][15]  
    core_inst/gen_l3[2].neuron_l3_mult[0][15]  
    core_inst/gen_l3[1].neuron_l3_sum_with_bias[0]  
    core_inst/gen_l3[1].neuron_l3_sum_with_bias[1]  
    core_inst/gen_l3[1].neuron_l3_sum_with_bias[2]  
    core_inst/gen_l3[1].neuron_l3_sum_with_bias[3]  
    core_inst/gen_l3[1].neuron_l3_sum_with_bias[4]  
    core_inst/gen_l3[1].neuron_l3_sum_with_bias[19]  
    core_inst/gen_l3[1].neuron_l3_sum_with_bias[20]  
    core_inst/gen_l3[1].neuron_l3_sum_with_bias[21]  
    core_inst/gen_l3[1].neuron_l3_sum_with_bias[22]  
    core_inst/gen_l3[1].neuron_l3_sum_with_bias[23]  
    core_inst/gen_l3[1].neuron_l3_sum_with_bias[24]  
    core_inst/gen_l3[1].neuron_l3_sum_with_bias[25]  
    core_inst/gen_l3[1].neuron_l3_sum_with_bias[26]  
    core_inst/gen_l3[1].neuron_l3_sum_with_bias[27]  
    core_inst/gen_l3[1].neuron_l3_sum_with_bias[28]  
    core_inst/gen_l3[1].neuron_l3_sum_with_bias[29]  
    core_inst/gen_l3[1].neuron_l3_sum_with_bias[30]  
    core_inst/gen_l3[1].neuron_l3_add_lvl3_1[18]  
    core_inst/gen_l3[1].neuron_l3_add_lvl3_1[19]  
    core_inst/gen_l3[1].neuron_l3_add_lvl3_1[20]  
    core_inst/gen_l3[1].neuron_l3_add_lvl3_1[21]  
    core_inst/gen_l3[1].neuron_l3_add_lvl3_1[22]  
    core_inst/gen_l3[1].neuron_l3_add_lvl3_1[23]  
    core_inst/gen_l3[1].neuron_l3_add_lvl3_1[24]  
    core_inst/gen_l3[1].neuron_l3_add_lvl3_1[25]  
    core_inst/gen_l3[1].neuron_l3_add_lvl3_1[26]  
    core_inst/gen_l3[1].neuron_l3_add_lvl3_1[27]  
    core_inst/gen_l3[1].neuron_l3_add_lvl3_1[28]  
    core_inst/gen_l3[1].neuron_l3_add_lvl3_1[29]  
    core_inst/gen_l3[1].neuron_l3_add_lvl3_1[30]  
    core_inst/gen_l3[1].neuron_l3_add_lvl3_1[31]  
    core_inst/gen_l3[1].neuron_l3_add_lvl3_0[18]  
    core_inst/gen_l3[1].neuron_l3_add_lvl3_0[19]  
    core_inst/gen_l3[1].neuron_l3_add_lvl3_0[20]  
    core_inst/gen_l3[1].neuron_l3_add_lvl3_0[21]  
    core_inst/gen_l3[1].neuron_l3_add_lvl3_0[22]  
    core_inst/gen_l3[1].neuron_l3_add_lvl3_0[23]  
    core_inst/gen_l3[1].neuron_l3_add_lvl3_0[24]  
    core_inst/gen_l3[1].neuron_l3_add_lvl3_0[25]  
    core_inst/gen_l3[1].neuron_l3_add_lvl3_0[26]  
    core_inst/gen_l3[1].neuron_l3_add_lvl3_0[27]  
    core_inst/gen_l3[1].neuron_l3_add_lvl3_0[28]  
    core_inst/gen_l3[1].neuron_l3_add_lvl3_0[29]  
    core_inst/gen_l3[1].neuron_l3_add_lvl3_0[30]  
    core_inst/gen_l3[1].neuron_l3_add_lvl3_0[31]  
    core_inst/gen_l3[1].neuron_l3_add_lvl2[3][17]  
    core_inst/gen_l3[1].neuron_l3_add_lvl2[3][18]  
    core_inst/gen_l3[1].neuron_l3_add_lvl2[3][19]  
    core_inst/gen_l3[1].neuron_l3_add_lvl2[3][20]  
    core_inst/gen_l3[1].neuron_l3_add_lvl2[3][21]  
    core_inst/gen_l3[1].neuron_l3_add_lvl2[3][22]  
    core_inst/gen_l3[1].neuron_l3_add_lvl2[3][23]  
    core_inst/gen_l3[1].neuron_l3_add_lvl2[3][24]  
    core_inst/gen_l3[1].neuron_l3_add_lvl2[3][25]  
    core_inst/gen_l3[1].neuron_l3_add_lvl2[3][26]  
    core_inst/gen_l3[1].neuron_l3_add_lvl2[3][27]  
    core_inst/gen_l3[1].neuron_l3_add_lvl2[3][28]  
    core_inst/gen_l3[1].neuron_l3_add_lvl2[3][29]  
    core_inst/gen_l3[1].neuron_l3_add_lvl2[3][30]  
    core_inst/gen_l3[1].neuron_l3_add_lvl2[3][31]  
    core_inst/gen_l3[1].neuron_l3_add_lvl2[2][17]  
    core_inst/gen_l3[1].neuron_l3_add_lvl2[2][18]  
    core_inst/gen_l3[1].neuron_l3_add_lvl2[2][19]  
    core_inst/gen_l3[1].neuron_l3_add_lvl2[2][20]  
    core_inst/gen_l3[1].neuron_l3_add_lvl2[2][21]  
    core_inst/gen_l3[1].neuron_l3_add_lvl2[2][22]  
    core_inst/gen_l3[1].neuron_l3_add_lvl2[2][23]  
    core_inst/gen_l3[1].neuron_l3_add_lvl2[2][24]  
    core_inst/gen_l3[1].neuron_l3_add_lvl2[2][25]  
    core_inst/gen_l3[1].neuron_l3_add_lvl2[2][26]  
    core_inst/gen_l3[1].neuron_l3_add_lvl2[2][27]  
    core_inst/gen_l3[1].neuron_l3_add_lvl2[2][28]  
    core_inst/gen_l3[1].neuron_l3_add_lvl2[2][29]  
    core_inst/gen_l3[1].neuron_l3_add_lvl2[2][30]  
    core_inst/gen_l3[1].neuron_l3_add_lvl2[2][31]  
    core_inst/gen_l3[1].neuron_l3_add_lvl2[1][17]  
    core_inst/gen_l3[1].neuron_l3_add_lvl2[1][18]  
    core_inst/gen_l3[1].neuron_l3_add_lvl2[1][19]  
    core_inst/gen_l3[1].neuron_l3_add_lvl2[1][20]  
    core_inst/gen_l3[1].neuron_l3_add_lvl2[1][21]  
    core_inst/gen_l3[1].neuron_l3_add_lvl2[1][22]  
    core_inst/gen_l3[1].neuron_l3_add_lvl2[1][23]  
    core_inst/gen_l3[1].neuron_l3_add_lvl2[1][24]  
    core_inst/gen_l3[1].neuron_l3_add_lvl2[1][25]  
    core_inst/gen_l3[1].neuron_l3_add_lvl2[1][26]  
    core_inst/gen_l3[1].neuron_l3_add_lvl2[1][27]  
    core_inst/gen_l3[1].neuron_l3_add_lvl2[1][28]  
    core_inst/gen_l3[1].neuron_l3_add_lvl2[1][29]  
    core_inst/gen_l3[1].neuron_l3_add_lvl2[1][30]  
    core_inst/gen_l3[1].neuron_l3_add_lvl2[1][31]  
    core_inst/gen_l3[1].neuron_l3_add_lvl2[0][17]  
    core_inst/gen_l3[1].neuron_l3_add_lvl2[0][18]  
    core_inst/gen_l3[1].neuron_l3_add_lvl2[0][19]  
    core_inst/gen_l3[1].neuron_l3_add_lvl2[0][20]  
    core_inst/gen_l3[1].neuron_l3_add_lvl2[0][21]  
    core_inst/gen_l3[1].neuron_l3_add_lvl2[0][22]  
    core_inst/gen_l3[1].neuron_l3_add_lvl2[0][23]  
    core_inst/gen_l3[1].neuron_l3_add_lvl2[0][24]  
    core_inst/gen_l3[1].neuron_l3_add_lvl2[0][25]  
    core_inst/gen_l3[1].neuron_l3_add_lvl2[0][26]  
    core_inst/gen_l3[1].neuron_l3_add_lvl2[0][27]  
    core_inst/gen_l3[1].neuron_l3_add_lvl2[0][28]  
    core_inst/gen_l3[1].neuron_l3_add_lvl2[0][29]  
    core_inst/gen_l3[1].neuron_l3_add_lvl2[0][30]  
    core_inst/gen_l3[1].neuron_l3_add_lvl2[0][31]  
    core_inst/gen_l3[1].neuron_l3_add_lvl1[7][16]  
    core_inst/gen_l3[1].neuron_l3_add_lvl1[7][17]  
    core_inst/gen_l3[1].neuron_l3_add_lvl1[7][18]  
    core_inst/gen_l3[1].neuron_l3_add_lvl1[7][19]  
    core_inst/gen_l3[1].neuron_l3_add_lvl1[7][20]  
    core_inst/gen_l3[1].neuron_l3_add_lvl1[7][21]  
    core_inst/gen_l3[1].neuron_l3_add_lvl1[7][22]  
    core_inst/gen_l3[1].neuron_l3_add_lvl1[7][23]  
    core_inst/gen_l3[1].neuron_l3_add_lvl1[7][24]  
    core_inst/gen_l3[1].neuron_l3_add_lvl1[7][25]  
    core_inst/gen_l3[1].neuron_l3_add_lvl1[7][26]  
    core_inst/gen_l3[1].neuron_l3_add_lvl1[7][27]  
    core_inst/gen_l3[1].neuron_l3_add_lvl1[7][28]  
    core_inst/gen_l3[1].neuron_l3_add_lvl1[7][29]  
    core_inst/gen_l3[1].neuron_l3_add_lvl1[7][30]  
    core_inst/gen_l3[1].neuron_l3_add_lvl1[7][31]  
    core_inst/gen_l3[1].neuron_l3_add_lvl1[6][16]  
    core_inst/gen_l3[1].neuron_l3_add_lvl1[6][17]  
    core_inst/gen_l3[1].neuron_l3_add_lvl1[6][18]  
    core_inst/gen_l3[1].neuron_l3_add_lvl1[6][19]  
    core_inst/gen_l3[1].neuron_l3_add_lvl1[6][20]  
    core_inst/gen_l3[1].neuron_l3_add_lvl1[6][21]  
    core_inst/gen_l3[1].neuron_l3_add_lvl1[6][22]  
    core_inst/gen_l3[1].neuron_l3_add_lvl1[6][23]  
    core_inst/gen_l3[1].neuron_l3_add_lvl1[6][24]  
    core_inst/gen_l3[1].neuron_l3_add_lvl1[6][25]  
    core_inst/gen_l3[1].neuron_l3_add_lvl1[6][26]  
    core_inst/gen_l3[1].neuron_l3_add_lvl1[6][27]  
    core_inst/gen_l3[1].neuron_l3_add_lvl1[6][28]  
    core_inst/gen_l3[1].neuron_l3_add_lvl1[6][29]  
    core_inst/gen_l3[1].neuron_l3_add_lvl1[6][30]  
    core_inst/gen_l3[1].neuron_l3_add_lvl1[6][31]  
    core_inst/gen_l3[1].neuron_l3_add_lvl1[5][16]  
    core_inst/gen_l3[1].neuron_l3_add_lvl1[5][17]  
    core_inst/gen_l3[1].neuron_l3_add_lvl1[5][18]  
    core_inst/gen_l3[1].neuron_l3_add_lvl1[5][19]  
    core_inst/gen_l3[1].neuron_l3_add_lvl1[5][20]  
    core_inst/gen_l3[1].neuron_l3_add_lvl1[5][21]  
    core_inst/gen_l3[1].neuron_l3_add_lvl1[5][22]  
    core_inst/gen_l3[1].neuron_l3_add_lvl1[5][23]  
    core_inst/gen_l3[1].neuron_l3_add_lvl1[5][24]  
    core_inst/gen_l3[1].neuron_l3_add_lvl1[5][25]  
    core_inst/gen_l3[1].neuron_l3_add_lvl1[5][26]  
    core_inst/gen_l3[1].neuron_l3_add_lvl1[5][27]  
    core_inst/gen_l3[1].neuron_l3_add_lvl1[5][28]  
    core_inst/gen_l3[1].neuron_l3_add_lvl1[5][29]  
    core_inst/gen_l3[1].neuron_l3_add_lvl1[5][30]  
    core_inst/gen_l3[1].neuron_l3_add_lvl1[5][31]  
    core_inst/gen_l3[1].neuron_l3_add_lvl1[4][16]  
    core_inst/gen_l3[1].neuron_l3_add_lvl1[4][17]  
    core_inst/gen_l3[1].neuron_l3_add_lvl1[4][18]  
    core_inst/gen_l3[1].neuron_l3_add_lvl1[4][19]  
    core_inst/gen_l3[1].neuron_l3_add_lvl1[4][20]  
    core_inst/gen_l3[1].neuron_l3_add_lvl1[4][21]  
    core_inst/gen_l3[1].neuron_l3_add_lvl1[4][22]  
    core_inst/gen_l3[1].neuron_l3_add_lvl1[4][23]  
    core_inst/gen_l3[1].neuron_l3_add_lvl1[4][24]  
    core_inst/gen_l3[1].neuron_l3_add_lvl1[4][25]  
    core_inst/gen_l3[1].neuron_l3_add_lvl1[4][26]  
    core_inst/gen_l3[1].neuron_l3_add_lvl1[4][27]  
    core_inst/gen_l3[1].neuron_l3_add_lvl1[4][28]  
    core_inst/gen_l3[1].neuron_l3_add_lvl1[4][29]  
    core_inst/gen_l3[1].neuron_l3_add_lvl1[4][30]  
    core_inst/gen_l3[1].neuron_l3_add_lvl1[4][31]  
    core_inst/gen_l3[1].neuron_l3_add_lvl1[3][16]  
    core_inst/gen_l3[1].neuron_l3_add_lvl1[3][17]  
    core_inst/gen_l3[1].neuron_l3_add_lvl1[3][18]  
    core_inst/gen_l3[1].neuron_l3_add_lvl1[3][19]  
    core_inst/gen_l3[1].neuron_l3_add_lvl1[3][20]  
    core_inst/gen_l3[1].neuron_l3_add_lvl1[3][21]  
    core_inst/gen_l3[1].neuron_l3_add_lvl1[3][22]  
    core_inst/gen_l3[1].neuron_l3_add_lvl1[3][23]  
    core_inst/gen_l3[1].neuron_l3_add_lvl1[3][24]  
    core_inst/gen_l3[1].neuron_l3_add_lvl1[3][25]  
    core_inst/gen_l3[1].neuron_l3_add_lvl1[3][26]  
    core_inst/gen_l3[1].neuron_l3_add_lvl1[3][27]  
    core_inst/gen_l3[1].neuron_l3_add_lvl1[3][28]  
    core_inst/gen_l3[1].neuron_l3_add_lvl1[3][29]  
    core_inst/gen_l3[1].neuron_l3_add_lvl1[3][30]  
    core_inst/gen_l3[1].neuron_l3_add_lvl1[3][31]  
    core_inst/gen_l3[1].neuron_l3_add_lvl1[2][16]  
    core_inst/gen_l3[1].neuron_l3_add_lvl1[2][17]  
    core_inst/gen_l3[1].neuron_l3_add_lvl1[2][18]  
    core_inst/gen_l3[1].neuron_l3_add_lvl1[2][19]  
    core_inst/gen_l3[1].neuron_l3_add_lvl1[2][20]  
    core_inst/gen_l3[1].neuron_l3_add_lvl1[2][21]  
    core_inst/gen_l3[1].neuron_l3_add_lvl1[2][22]  
    core_inst/gen_l3[1].neuron_l3_add_lvl1[2][23]  
    core_inst/gen_l3[1].neuron_l3_add_lvl1[2][24]  
    core_inst/gen_l3[1].neuron_l3_add_lvl1[2][25]  
    core_inst/gen_l3[1].neuron_l3_add_lvl1[2][26]  
    core_inst/gen_l3[1].neuron_l3_add_lvl1[2][27]  
    core_inst/gen_l3[1].neuron_l3_add_lvl1[2][28]  
    core_inst/gen_l3[1].neuron_l3_add_lvl1[2][29]  
    core_inst/gen_l3[1].neuron_l3_add_lvl1[2][30]  
    core_inst/gen_l3[1].neuron_l3_add_lvl1[2][31]  
    core_inst/gen_l3[1].neuron_l3_add_lvl1[1][16]  
    core_inst/gen_l3[1].neuron_l3_add_lvl1[1][17]  
    core_inst/gen_l3[1].neuron_l3_add_lvl1[1][18]  
    core_inst/gen_l3[1].neuron_l3_add_lvl1[1][19]  
    core_inst/gen_l3[1].neuron_l3_add_lvl1[1][20]  
    core_inst/gen_l3[1].neuron_l3_add_lvl1[1][21]  
    core_inst/gen_l3[1].neuron_l3_add_lvl1[1][22]  
    core_inst/gen_l3[1].neuron_l3_add_lvl1[1][23]  
    core_inst/gen_l3[1].neuron_l3_add_lvl1[1][24]  
    core_inst/gen_l3[1].neuron_l3_add_lvl1[1][25]  
    core_inst/gen_l3[1].neuron_l3_add_lvl1[1][26]  
    core_inst/gen_l3[1].neuron_l3_add_lvl1[1][27]  
    core_inst/gen_l3[1].neuron_l3_add_lvl1[1][28]  
    core_inst/gen_l3[1].neuron_l3_add_lvl1[1][29]  
    core_inst/gen_l3[1].neuron_l3_add_lvl1[1][30]  
    core_inst/gen_l3[1].neuron_l3_add_lvl1[1][31]  
    core_inst/gen_l3[1].neuron_l3_add_lvl1[0][16]  
    core_inst/gen_l3[1].neuron_l3_add_lvl1[0][17]  
    core_inst/gen_l3[1].neuron_l3_add_lvl1[0][18]  
    core_inst/gen_l3[1].neuron_l3_add_lvl1[0][19]  
    core_inst/gen_l3[1].neuron_l3_add_lvl1[0][20]  
    core_inst/gen_l3[1].neuron_l3_add_lvl1[0][21]  
    core_inst/gen_l3[1].neuron_l3_add_lvl1[0][22]  
    core_inst/gen_l3[1].neuron_l3_add_lvl1[0][23]  
    core_inst/gen_l3[1].neuron_l3_add_lvl1[0][24]  
    core_inst/gen_l3[1].neuron_l3_add_lvl1[0][25]  
    core_inst/gen_l3[1].neuron_l3_add_lvl1[0][26]  
    core_inst/gen_l3[1].neuron_l3_add_lvl1[0][27]  
    core_inst/gen_l3[1].neuron_l3_add_lvl1[0][28]  
    core_inst/gen_l3[1].neuron_l3_add_lvl1[0][29]  
    core_inst/gen_l3[1].neuron_l3_add_lvl1[0][30]  
    core_inst/gen_l3[1].neuron_l3_add_lvl1[0][31]  
    core_inst/gen_l3[1].neuron_l3_mult[15][15]  
    core_inst/gen_l3[1].neuron_l3_mult[14][15]  
    core_inst/gen_l3[1].neuron_l3_mult[13][15]  
    core_inst/gen_l3[1].neuron_l3_mult[12][15]  
    core_inst/gen_l3[1].neuron_l3_mult[11][15]  
    core_inst/gen_l3[1].neuron_l3_mult[10][15]  
    core_inst/gen_l3[1].neuron_l3_mult[9][15]  
    core_inst/gen_l3[1].neuron_l3_mult[8][15]  
    core_inst/gen_l3[1].neuron_l3_mult[7][15]  
    core_inst/gen_l3[1].neuron_l3_mult[6][15]  
    core_inst/gen_l3[1].neuron_l3_mult[5][15]  
    core_inst/gen_l3[1].neuron_l3_mult[4][15]  
    core_inst/gen_l3[1].neuron_l3_mult[3][15]  
    core_inst/gen_l3[1].neuron_l3_mult[2][15]  
    core_inst/gen_l3[1].neuron_l3_mult[1][15]  
    core_inst/gen_l3[1].neuron_l3_mult[0][15]  
    core_inst/gen_l3[15].neuron_l3_sum_with_bias[0]  
    core_inst/gen_l3[15].neuron_l3_sum_with_bias[1]  
    core_inst/gen_l3[15].neuron_l3_sum_with_bias[2]  
    core_inst/gen_l3[15].neuron_l3_sum_with_bias[3]  
    core_inst/gen_l3[15].neuron_l3_sum_with_bias[4]  
    core_inst/gen_l3[15].neuron_l3_sum_with_bias[19]  
    core_inst/gen_l3[15].neuron_l3_sum_with_bias[20]  
    core_inst/gen_l3[15].neuron_l3_sum_with_bias[21]  
    core_inst/gen_l3[15].neuron_l3_sum_with_bias[22]  
    core_inst/gen_l3[15].neuron_l3_sum_with_bias[23]  
    core_inst/gen_l3[15].neuron_l3_sum_with_bias[24]  
    core_inst/gen_l3[15].neuron_l3_sum_with_bias[25]  
    core_inst/gen_l3[15].neuron_l3_sum_with_bias[26]  
    core_inst/gen_l3[15].neuron_l3_sum_with_bias[27]  
    core_inst/gen_l3[15].neuron_l3_sum_with_bias[28]  
    core_inst/gen_l3[15].neuron_l3_sum_with_bias[29]  
    core_inst/gen_l3[15].neuron_l3_sum_with_bias[30]  
    core_inst/gen_l3[15].neuron_l3_add_lvl3_1[18]  
    core_inst/gen_l3[15].neuron_l3_add_lvl3_1[19]  
    core_inst/gen_l3[15].neuron_l3_add_lvl3_1[20]  
    core_inst/gen_l3[15].neuron_l3_add_lvl3_1[21]  
    core_inst/gen_l3[15].neuron_l3_add_lvl3_1[22]  
    core_inst/gen_l3[15].neuron_l3_add_lvl3_1[23]  
    core_inst/gen_l3[15].neuron_l3_add_lvl3_1[24]  
    core_inst/gen_l3[15].neuron_l3_add_lvl3_1[25]  
    core_inst/gen_l3[15].neuron_l3_add_lvl3_1[26]  
    core_inst/gen_l3[15].neuron_l3_add_lvl3_1[27]  
    core_inst/gen_l3[15].neuron_l3_add_lvl3_1[28]  
    core_inst/gen_l3[15].neuron_l3_add_lvl3_1[29]  
    core_inst/gen_l3[15].neuron_l3_add_lvl3_1[30]  
    core_inst/gen_l3[15].neuron_l3_add_lvl3_1[31]  
    core_inst/gen_l3[15].neuron_l3_add_lvl3_0[18]  
    core_inst/gen_l3[15].neuron_l3_add_lvl3_0[19]  
    core_inst/gen_l3[15].neuron_l3_add_lvl3_0[20]  
    core_inst/gen_l3[15].neuron_l3_add_lvl3_0[21]  
    core_inst/gen_l3[15].neuron_l3_add_lvl3_0[22]  
    core_inst/gen_l3[15].neuron_l3_add_lvl3_0[23]  
    core_inst/gen_l3[15].neuron_l3_add_lvl3_0[24]  
    core_inst/gen_l3[15].neuron_l3_add_lvl3_0[25]  
    core_inst/gen_l3[15].neuron_l3_add_lvl3_0[26]  
    core_inst/gen_l3[15].neuron_l3_add_lvl3_0[27]  
    core_inst/gen_l3[15].neuron_l3_add_lvl3_0[28]  
    core_inst/gen_l3[15].neuron_l3_add_lvl3_0[29]  
    core_inst/gen_l3[15].neuron_l3_add_lvl3_0[30]  
    core_inst/gen_l3[15].neuron_l3_add_lvl3_0[31]  
    core_inst/gen_l3[15].neuron_l3_add_lvl2[3][17]  
    core_inst/gen_l3[15].neuron_l3_add_lvl2[3][18]  
    core_inst/gen_l3[15].neuron_l3_add_lvl2[3][19]  
    core_inst/gen_l3[15].neuron_l3_add_lvl2[3][20]  
    core_inst/gen_l3[15].neuron_l3_add_lvl2[3][21]  
    core_inst/gen_l3[15].neuron_l3_add_lvl2[3][22]  
    core_inst/gen_l3[15].neuron_l3_add_lvl2[3][23]  
    core_inst/gen_l3[15].neuron_l3_add_lvl2[3][24]  
    core_inst/gen_l3[15].neuron_l3_add_lvl2[3][25]  
    core_inst/gen_l3[15].neuron_l3_add_lvl2[3][26]  
    core_inst/gen_l3[15].neuron_l3_add_lvl2[3][27]  
    core_inst/gen_l3[15].neuron_l3_add_lvl2[3][28]  
    core_inst/gen_l3[15].neuron_l3_add_lvl2[3][29]  
    core_inst/gen_l3[15].neuron_l3_add_lvl2[3][30]  
    core_inst/gen_l3[15].neuron_l3_add_lvl2[3][31]  
    core_inst/gen_l3[15].neuron_l3_add_lvl2[2][17]  
    core_inst/gen_l3[15].neuron_l3_add_lvl2[2][18]  
    core_inst/gen_l3[15].neuron_l3_add_lvl2[2][19]  
    core_inst/gen_l3[15].neuron_l3_add_lvl2[2][20]  
    core_inst/gen_l3[15].neuron_l3_add_lvl2[2][21]  
    core_inst/gen_l3[15].neuron_l3_add_lvl2[2][22]  
    core_inst/gen_l3[15].neuron_l3_add_lvl2[2][23]  
    core_inst/gen_l3[15].neuron_l3_add_lvl2[2][24]  
    core_inst/gen_l3[15].neuron_l3_add_lvl2[2][25]  
    core_inst/gen_l3[15].neuron_l3_add_lvl2[2][26]  
    core_inst/gen_l3[15].neuron_l3_add_lvl2[2][27]  
    core_inst/gen_l3[15].neuron_l3_add_lvl2[2][28]  
    core_inst/gen_l3[15].neuron_l3_add_lvl2[2][29]  
    core_inst/gen_l3[15].neuron_l3_add_lvl2[2][30]  
    core_inst/gen_l3[15].neuron_l3_add_lvl2[2][31]  
    core_inst/gen_l3[15].neuron_l3_add_lvl2[1][17]  
    core_inst/gen_l3[15].neuron_l3_add_lvl2[1][18]  
    core_inst/gen_l3[15].neuron_l3_add_lvl2[1][19]  
    core_inst/gen_l3[15].neuron_l3_add_lvl2[1][20]  
    core_inst/gen_l3[15].neuron_l3_add_lvl2[1][21]  
    core_inst/gen_l3[15].neuron_l3_add_lvl2[1][22]  
    core_inst/gen_l3[15].neuron_l3_add_lvl2[1][23]  
    core_inst/gen_l3[15].neuron_l3_add_lvl2[1][24]  
    core_inst/gen_l3[15].neuron_l3_add_lvl2[1][25]  
    core_inst/gen_l3[15].neuron_l3_add_lvl2[1][26]  
    core_inst/gen_l3[15].neuron_l3_add_lvl2[1][27]  
    core_inst/gen_l3[15].neuron_l3_add_lvl2[1][28]  
    core_inst/gen_l3[15].neuron_l3_add_lvl2[1][29]  
    core_inst/gen_l3[15].neuron_l3_add_lvl2[1][30]  
    core_inst/gen_l3[15].neuron_l3_add_lvl2[1][31]  
    core_inst/gen_l3[15].neuron_l3_add_lvl2[0][17]  
    core_inst/gen_l3[15].neuron_l3_add_lvl2[0][18]  
    core_inst/gen_l3[15].neuron_l3_add_lvl2[0][19]  
    core_inst/gen_l3[15].neuron_l3_add_lvl2[0][20]  
    core_inst/gen_l3[15].neuron_l3_add_lvl2[0][21]  
    core_inst/gen_l3[15].neuron_l3_add_lvl2[0][22]  
    core_inst/gen_l3[15].neuron_l3_add_lvl2[0][23]  
    core_inst/gen_l3[15].neuron_l3_add_lvl2[0][24]  
    core_inst/gen_l3[15].neuron_l3_add_lvl2[0][25]  
    core_inst/gen_l3[15].neuron_l3_add_lvl2[0][26]  
    core_inst/gen_l3[15].neuron_l3_add_lvl2[0][27]  
    core_inst/gen_l3[15].neuron_l3_add_lvl2[0][28]  
    core_inst/gen_l3[15].neuron_l3_add_lvl2[0][29]  
    core_inst/gen_l3[15].neuron_l3_add_lvl2[0][30]  
    core_inst/gen_l3[15].neuron_l3_add_lvl2[0][31]  
    core_inst/gen_l3[15].neuron_l3_add_lvl1[7][16]  
    core_inst/gen_l3[15].neuron_l3_add_lvl1[7][17]  
    core_inst/gen_l3[15].neuron_l3_add_lvl1[7][18]  
    core_inst/gen_l3[15].neuron_l3_add_lvl1[7][19]  
    core_inst/gen_l3[15].neuron_l3_add_lvl1[7][20]  
    core_inst/gen_l3[15].neuron_l3_add_lvl1[7][21]  
    core_inst/gen_l3[15].neuron_l3_add_lvl1[7][22]  
    core_inst/gen_l3[15].neuron_l3_add_lvl1[7][23]  
    core_inst/gen_l3[15].neuron_l3_add_lvl1[7][24]  
    core_inst/gen_l3[15].neuron_l3_add_lvl1[7][25]  
    core_inst/gen_l3[15].neuron_l3_add_lvl1[7][26]  
    core_inst/gen_l3[15].neuron_l3_add_lvl1[7][27]  
    core_inst/gen_l3[15].neuron_l3_add_lvl1[7][28]  
    core_inst/gen_l3[15].neuron_l3_add_lvl1[7][29]  
    core_inst/gen_l3[15].neuron_l3_add_lvl1[7][30]  
    core_inst/gen_l3[15].neuron_l3_add_lvl1[7][31]  
    core_inst/gen_l3[15].neuron_l3_add_lvl1[6][16]  
    core_inst/gen_l3[15].neuron_l3_add_lvl1[6][17]  
    core_inst/gen_l3[15].neuron_l3_add_lvl1[6][18]  
    core_inst/gen_l3[15].neuron_l3_add_lvl1[6][19]  
    core_inst/gen_l3[15].neuron_l3_add_lvl1[6][20]  
    core_inst/gen_l3[15].neuron_l3_add_lvl1[6][21]  
    core_inst/gen_l3[15].neuron_l3_add_lvl1[6][22]  
    core_inst/gen_l3[15].neuron_l3_add_lvl1[6][23]  
    core_inst/gen_l3[15].neuron_l3_add_lvl1[6][24]  
    core_inst/gen_l3[15].neuron_l3_add_lvl1[6][25]  
    core_inst/gen_l3[15].neuron_l3_add_lvl1[6][26]  
    core_inst/gen_l3[15].neuron_l3_add_lvl1[6][27]  
    core_inst/gen_l3[15].neuron_l3_add_lvl1[6][28]  
    core_inst/gen_l3[15].neuron_l3_add_lvl1[6][29]  
    core_inst/gen_l3[15].neuron_l3_add_lvl1[6][30]  
    core_inst/gen_l3[15].neuron_l3_add_lvl1[6][31]  
    core_inst/gen_l3[15].neuron_l3_add_lvl1[5][16]  
    core_inst/gen_l3[15].neuron_l3_add_lvl1[5][17]  
    core_inst/gen_l3[15].neuron_l3_add_lvl1[5][18]  
    core_inst/gen_l3[15].neuron_l3_add_lvl1[5][19]  
    core_inst/gen_l3[15].neuron_l3_add_lvl1[5][20]  
    core_inst/gen_l3[15].neuron_l3_add_lvl1[5][21]  
    core_inst/gen_l3[15].neuron_l3_add_lvl1[5][22]  
    core_inst/gen_l3[15].neuron_l3_add_lvl1[5][23]  
    core_inst/gen_l3[15].neuron_l3_add_lvl1[5][24]  
    core_inst/gen_l3[15].neuron_l3_add_lvl1[5][25]  
    core_inst/gen_l3[15].neuron_l3_add_lvl1[5][26]  
    core_inst/gen_l3[15].neuron_l3_add_lvl1[5][27]  
    core_inst/gen_l3[15].neuron_l3_add_lvl1[5][28]  
    core_inst/gen_l3[15].neuron_l3_add_lvl1[5][29]  
    core_inst/gen_l3[15].neuron_l3_add_lvl1[5][30]  
    core_inst/gen_l3[15].neuron_l3_add_lvl1[5][31]  
    core_inst/gen_l3[15].neuron_l3_add_lvl1[4][16]  
    core_inst/gen_l3[15].neuron_l3_add_lvl1[4][17]  
    core_inst/gen_l3[15].neuron_l3_add_lvl1[4][18]  
    core_inst/gen_l3[15].neuron_l3_add_lvl1[4][19]  
    core_inst/gen_l3[15].neuron_l3_add_lvl1[4][20]  
    core_inst/gen_l3[15].neuron_l3_add_lvl1[4][21]  
    core_inst/gen_l3[15].neuron_l3_add_lvl1[4][22]  
    core_inst/gen_l3[15].neuron_l3_add_lvl1[4][23]  
    core_inst/gen_l3[15].neuron_l3_add_lvl1[4][24]  
    core_inst/gen_l3[15].neuron_l3_add_lvl1[4][25]  
    core_inst/gen_l3[15].neuron_l3_add_lvl1[4][26]  
    core_inst/gen_l3[15].neuron_l3_add_lvl1[4][27]  
    core_inst/gen_l3[15].neuron_l3_add_lvl1[4][28]  
    core_inst/gen_l3[15].neuron_l3_add_lvl1[4][29]  
    core_inst/gen_l3[15].neuron_l3_add_lvl1[4][30]  
    core_inst/gen_l3[15].neuron_l3_add_lvl1[4][31]  
    core_inst/gen_l3[15].neuron_l3_add_lvl1[3][16]  
    core_inst/gen_l3[15].neuron_l3_add_lvl1[3][17]  
    core_inst/gen_l3[15].neuron_l3_add_lvl1[3][18]  
    core_inst/gen_l3[15].neuron_l3_add_lvl1[3][19]  
    core_inst/gen_l3[15].neuron_l3_add_lvl1[3][20]  
    core_inst/gen_l3[15].neuron_l3_add_lvl1[3][21]  
    core_inst/gen_l3[15].neuron_l3_add_lvl1[3][22]  
    core_inst/gen_l3[15].neuron_l3_add_lvl1[3][23]  
    core_inst/gen_l3[15].neuron_l3_add_lvl1[3][24]  
    core_inst/gen_l3[15].neuron_l3_add_lvl1[3][25]  
    core_inst/gen_l3[15].neuron_l3_add_lvl1[3][26]  
    core_inst/gen_l3[15].neuron_l3_add_lvl1[3][27]  
    core_inst/gen_l3[15].neuron_l3_add_lvl1[3][28]  
    core_inst/gen_l3[15].neuron_l3_add_lvl1[3][29]  
    core_inst/gen_l3[15].neuron_l3_add_lvl1[3][30]  
    core_inst/gen_l3[15].neuron_l3_add_lvl1[3][31]  
    core_inst/gen_l3[15].neuron_l3_add_lvl1[2][16]  
    core_inst/gen_l3[15].neuron_l3_add_lvl1[2][17]  
    core_inst/gen_l3[15].neuron_l3_add_lvl1[2][18]  
    core_inst/gen_l3[15].neuron_l3_add_lvl1[2][19]  
    core_inst/gen_l3[15].neuron_l3_add_lvl1[2][20]  
    core_inst/gen_l3[15].neuron_l3_add_lvl1[2][21]  
    core_inst/gen_l3[15].neuron_l3_add_lvl1[2][22]  
    core_inst/gen_l3[15].neuron_l3_add_lvl1[2][23]  
    core_inst/gen_l3[15].neuron_l3_add_lvl1[2][24]  
    core_inst/gen_l3[15].neuron_l3_add_lvl1[2][25]  
    core_inst/gen_l3[15].neuron_l3_add_lvl1[2][26]  
    core_inst/gen_l3[15].neuron_l3_add_lvl1[2][27]  
    core_inst/gen_l3[15].neuron_l3_add_lvl1[2][28]  
    core_inst/gen_l3[15].neuron_l3_add_lvl1[2][29]  
    core_inst/gen_l3[15].neuron_l3_add_lvl1[2][30]  
    core_inst/gen_l3[15].neuron_l3_add_lvl1[2][31]  
    core_inst/gen_l3[15].neuron_l3_add_lvl1[1][16]  
    core_inst/gen_l3[15].neuron_l3_add_lvl1[1][17]  
    core_inst/gen_l3[15].neuron_l3_add_lvl1[1][18]  
    core_inst/gen_l3[15].neuron_l3_add_lvl1[1][19]  
    core_inst/gen_l3[15].neuron_l3_add_lvl1[1][20]  
    core_inst/gen_l3[15].neuron_l3_add_lvl1[1][21]  
    core_inst/gen_l3[15].neuron_l3_add_lvl1[1][22]  
    core_inst/gen_l3[15].neuron_l3_add_lvl1[1][23]  
    core_inst/gen_l3[15].neuron_l3_add_lvl1[1][24]  
    core_inst/gen_l3[15].neuron_l3_add_lvl1[1][25]  
    core_inst/gen_l3[15].neuron_l3_add_lvl1[1][26]  
    core_inst/gen_l3[15].neuron_l3_add_lvl1[1][27]  
    core_inst/gen_l3[15].neuron_l3_add_lvl1[1][28]  
    core_inst/gen_l3[15].neuron_l3_add_lvl1[1][29]  
    core_inst/gen_l3[15].neuron_l3_add_lvl1[1][30]  
    core_inst/gen_l3[15].neuron_l3_add_lvl1[1][31]  
    core_inst/gen_l3[15].neuron_l3_add_lvl1[0][16]  
    core_inst/gen_l3[15].neuron_l3_add_lvl1[0][17]  
    core_inst/gen_l3[15].neuron_l3_add_lvl1[0][18]  
    core_inst/gen_l3[15].neuron_l3_add_lvl1[0][19]  
    core_inst/gen_l3[15].neuron_l3_add_lvl1[0][20]  
    core_inst/gen_l3[15].neuron_l3_add_lvl1[0][21]  
    core_inst/gen_l3[15].neuron_l3_add_lvl1[0][22]  
    core_inst/gen_l3[15].neuron_l3_add_lvl1[0][23]  
    core_inst/gen_l3[15].neuron_l3_add_lvl1[0][24]  
    core_inst/gen_l3[15].neuron_l3_add_lvl1[0][25]  
    core_inst/gen_l3[15].neuron_l3_add_lvl1[0][26]  
    core_inst/gen_l3[15].neuron_l3_add_lvl1[0][27]  
    core_inst/gen_l3[15].neuron_l3_add_lvl1[0][28]  
    core_inst/gen_l3[15].neuron_l3_add_lvl1[0][29]  
    core_inst/gen_l3[15].neuron_l3_add_lvl1[0][30]  
    core_inst/gen_l3[15].neuron_l3_add_lvl1[0][31]  
    core_inst/gen_l3[15].neuron_l3_mult[15][15]  
    core_inst/gen_l3[15].neuron_l3_mult[14][15]  
    core_inst/gen_l3[15].neuron_l3_mult[13][15]  
    core_inst/gen_l3[15].neuron_l3_mult[12][15]  
    core_inst/gen_l3[15].neuron_l3_mult[11][15]  
    core_inst/gen_l3[15].neuron_l3_mult[10][15]  
    core_inst/gen_l3[15].neuron_l3_mult[9][15]  
    core_inst/gen_l3[15].neuron_l3_mult[8][15]  
    core_inst/gen_l3[15].neuron_l3_mult[7][15]  
    core_inst/gen_l3[15].neuron_l3_mult[6][15]  
    core_inst/gen_l3[15].neuron_l3_mult[5][15]  
    core_inst/gen_l3[15].neuron_l3_mult[4][15]  
    core_inst/gen_l3[15].neuron_l3_mult[3][15]  
    core_inst/gen_l3[15].neuron_l3_mult[2][15]  
    core_inst/gen_l3[15].neuron_l3_mult[1][15]  
    core_inst/gen_l3[15].neuron_l3_mult[0][15]  
    core_inst/gen_l3[14].neuron_l3_sum_with_bias[0]  
    core_inst/gen_l3[14].neuron_l3_sum_with_bias[1]  
    core_inst/gen_l3[14].neuron_l3_sum_with_bias[2]  
    core_inst/gen_l3[14].neuron_l3_sum_with_bias[3]  
    core_inst/gen_l3[14].neuron_l3_sum_with_bias[4]  
    core_inst/gen_l3[14].neuron_l3_sum_with_bias[19]  
    core_inst/gen_l3[14].neuron_l3_sum_with_bias[20]  
    core_inst/gen_l3[14].neuron_l3_sum_with_bias[21]  
    core_inst/gen_l3[14].neuron_l3_sum_with_bias[22]  
    core_inst/gen_l3[14].neuron_l3_sum_with_bias[23]  
    core_inst/gen_l3[14].neuron_l3_sum_with_bias[24]  
    core_inst/gen_l3[14].neuron_l3_sum_with_bias[25]  
    core_inst/gen_l3[14].neuron_l3_sum_with_bias[26]  
    core_inst/gen_l3[14].neuron_l3_sum_with_bias[27]  
    core_inst/gen_l3[14].neuron_l3_sum_with_bias[28]  
    core_inst/gen_l3[14].neuron_l3_sum_with_bias[29]  
    core_inst/gen_l3[14].neuron_l3_sum_with_bias[30]  
    core_inst/gen_l3[14].neuron_l3_add_lvl3_1[18]  
    core_inst/gen_l3[14].neuron_l3_add_lvl3_1[19]  
    core_inst/gen_l3[14].neuron_l3_add_lvl3_1[20]  
    core_inst/gen_l3[14].neuron_l3_add_lvl3_1[21]  
    core_inst/gen_l3[14].neuron_l3_add_lvl3_1[22]  
    core_inst/gen_l3[14].neuron_l3_add_lvl3_1[23]  
    core_inst/gen_l3[14].neuron_l3_add_lvl3_1[24]  
    core_inst/gen_l3[14].neuron_l3_add_lvl3_1[25]  
    core_inst/gen_l3[14].neuron_l3_add_lvl3_1[26]  
    core_inst/gen_l3[14].neuron_l3_add_lvl3_1[27]  
    core_inst/gen_l3[14].neuron_l3_add_lvl3_1[28]  
    core_inst/gen_l3[14].neuron_l3_add_lvl3_1[29]  
    core_inst/gen_l3[14].neuron_l3_add_lvl3_1[30]  
    core_inst/gen_l3[14].neuron_l3_add_lvl3_1[31]  
    core_inst/gen_l3[14].neuron_l3_add_lvl3_0[18]  
    core_inst/gen_l3[14].neuron_l3_add_lvl3_0[19]  
    core_inst/gen_l3[14].neuron_l3_add_lvl3_0[20]  
    core_inst/gen_l3[14].neuron_l3_add_lvl3_0[21]  
    core_inst/gen_l3[14].neuron_l3_add_lvl3_0[22]  
    core_inst/gen_l3[14].neuron_l3_add_lvl3_0[23]  
    core_inst/gen_l3[14].neuron_l3_add_lvl3_0[24]  
    core_inst/gen_l3[14].neuron_l3_add_lvl3_0[25]  
    core_inst/gen_l3[14].neuron_l3_add_lvl3_0[26]  
    core_inst/gen_l3[14].neuron_l3_add_lvl3_0[27]  
    core_inst/gen_l3[14].neuron_l3_add_lvl3_0[28]  
    core_inst/gen_l3[14].neuron_l3_add_lvl3_0[29]  
    core_inst/gen_l3[14].neuron_l3_add_lvl3_0[30]  
    core_inst/gen_l3[14].neuron_l3_add_lvl3_0[31]  
    core_inst/gen_l3[14].neuron_l3_add_lvl2[3][17]  
    core_inst/gen_l3[14].neuron_l3_add_lvl2[3][18]  
    core_inst/gen_l3[14].neuron_l3_add_lvl2[3][19]  
    core_inst/gen_l3[14].neuron_l3_add_lvl2[3][20]  
    core_inst/gen_l3[14].neuron_l3_add_lvl2[3][21]  
    core_inst/gen_l3[14].neuron_l3_add_lvl2[3][22]  
    core_inst/gen_l3[14].neuron_l3_add_lvl2[3][23]  
    core_inst/gen_l3[14].neuron_l3_add_lvl2[3][24]  
    core_inst/gen_l3[14].neuron_l3_add_lvl2[3][25]  
    core_inst/gen_l3[14].neuron_l3_add_lvl2[3][26]  
    core_inst/gen_l3[14].neuron_l3_add_lvl2[3][27]  
    core_inst/gen_l3[14].neuron_l3_add_lvl2[3][28]  
    core_inst/gen_l3[14].neuron_l3_add_lvl2[3][29]  
    core_inst/gen_l3[14].neuron_l3_add_lvl2[3][30]  
    core_inst/gen_l3[14].neuron_l3_add_lvl2[3][31]  
    core_inst/gen_l3[14].neuron_l3_add_lvl2[2][17]  
    core_inst/gen_l3[14].neuron_l3_add_lvl2[2][18]  
    core_inst/gen_l3[14].neuron_l3_add_lvl2[2][19]  
    core_inst/gen_l3[14].neuron_l3_add_lvl2[2][20]  
    core_inst/gen_l3[14].neuron_l3_add_lvl2[2][21]  
    core_inst/gen_l3[14].neuron_l3_add_lvl2[2][22]  
    core_inst/gen_l3[14].neuron_l3_add_lvl2[2][23]  
    core_inst/gen_l3[14].neuron_l3_add_lvl2[2][24]  
    core_inst/gen_l3[14].neuron_l3_add_lvl2[2][25]  
    core_inst/gen_l3[14].neuron_l3_add_lvl2[2][26]  
    core_inst/gen_l3[14].neuron_l3_add_lvl2[2][27]  
    core_inst/gen_l3[14].neuron_l3_add_lvl2[2][28]  
    core_inst/gen_l3[14].neuron_l3_add_lvl2[2][29]  
    core_inst/gen_l3[14].neuron_l3_add_lvl2[2][30]  
    core_inst/gen_l3[14].neuron_l3_add_lvl2[2][31]  
    core_inst/gen_l3[14].neuron_l3_add_lvl2[1][17]  
    core_inst/gen_l3[14].neuron_l3_add_lvl2[1][18]  
    core_inst/gen_l3[14].neuron_l3_add_lvl2[1][19]  
    core_inst/gen_l3[14].neuron_l3_add_lvl2[1][20]  
    core_inst/gen_l3[14].neuron_l3_add_lvl2[1][21]  
    core_inst/gen_l3[14].neuron_l3_add_lvl2[1][22]  
    core_inst/gen_l3[14].neuron_l3_add_lvl2[1][23]  
    core_inst/gen_l3[14].neuron_l3_add_lvl2[1][24]  
    core_inst/gen_l3[14].neuron_l3_add_lvl2[1][25]  
    core_inst/gen_l3[14].neuron_l3_add_lvl2[1][26]  
    core_inst/gen_l3[14].neuron_l3_add_lvl2[1][27]  
    core_inst/gen_l3[14].neuron_l3_add_lvl2[1][28]  
    core_inst/gen_l3[14].neuron_l3_add_lvl2[1][29]  
    core_inst/gen_l3[14].neuron_l3_add_lvl2[1][30]  
    core_inst/gen_l3[14].neuron_l3_add_lvl2[1][31]  
    core_inst/gen_l3[14].neuron_l3_add_lvl2[0][17]  
    core_inst/gen_l3[14].neuron_l3_add_lvl2[0][18]  
    core_inst/gen_l3[14].neuron_l3_add_lvl2[0][19]  
    core_inst/gen_l3[14].neuron_l3_add_lvl2[0][20]  
    core_inst/gen_l3[14].neuron_l3_add_lvl2[0][21]  
    core_inst/gen_l3[14].neuron_l3_add_lvl2[0][22]  
    core_inst/gen_l3[14].neuron_l3_add_lvl2[0][23]  
    core_inst/gen_l3[14].neuron_l3_add_lvl2[0][24]  
    core_inst/gen_l3[14].neuron_l3_add_lvl2[0][25]  
    core_inst/gen_l3[14].neuron_l3_add_lvl2[0][26]  
    core_inst/gen_l3[14].neuron_l3_add_lvl2[0][27]  
    core_inst/gen_l3[14].neuron_l3_add_lvl2[0][28]  
    core_inst/gen_l3[14].neuron_l3_add_lvl2[0][29]  
    core_inst/gen_l3[14].neuron_l3_add_lvl2[0][30]  
    core_inst/gen_l3[14].neuron_l3_add_lvl2[0][31]  
    core_inst/gen_l3[14].neuron_l3_add_lvl1[7][16]  
    core_inst/gen_l3[14].neuron_l3_add_lvl1[7][17]  
    core_inst/gen_l3[14].neuron_l3_add_lvl1[7][18]  
    core_inst/gen_l3[14].neuron_l3_add_lvl1[7][19]  
    core_inst/gen_l3[14].neuron_l3_add_lvl1[7][20]  
    core_inst/gen_l3[14].neuron_l3_add_lvl1[7][21]  
    core_inst/gen_l3[14].neuron_l3_add_lvl1[7][22]  
    core_inst/gen_l3[14].neuron_l3_add_lvl1[7][23]  
    core_inst/gen_l3[14].neuron_l3_add_lvl1[7][24]  
    core_inst/gen_l3[14].neuron_l3_add_lvl1[7][25]  
    core_inst/gen_l3[14].neuron_l3_add_lvl1[7][26]  
    core_inst/gen_l3[14].neuron_l3_add_lvl1[7][27]  
    core_inst/gen_l3[14].neuron_l3_add_lvl1[7][28]  
    core_inst/gen_l3[14].neuron_l3_add_lvl1[7][29]  
    core_inst/gen_l3[14].neuron_l3_add_lvl1[7][30]  
    core_inst/gen_l3[14].neuron_l3_add_lvl1[7][31]  
    core_inst/gen_l3[14].neuron_l3_add_lvl1[6][16]  
    core_inst/gen_l3[14].neuron_l3_add_lvl1[6][17]  
    core_inst/gen_l3[14].neuron_l3_add_lvl1[6][18]  
    core_inst/gen_l3[14].neuron_l3_add_lvl1[6][19]  
    core_inst/gen_l3[14].neuron_l3_add_lvl1[6][20]  
    core_inst/gen_l3[14].neuron_l3_add_lvl1[6][21]  
    core_inst/gen_l3[14].neuron_l3_add_lvl1[6][22]  
    core_inst/gen_l3[14].neuron_l3_add_lvl1[6][23]  
    core_inst/gen_l3[14].neuron_l3_add_lvl1[6][24]  
    core_inst/gen_l3[14].neuron_l3_add_lvl1[6][25]  
    core_inst/gen_l3[14].neuron_l3_add_lvl1[6][26]  
    core_inst/gen_l3[14].neuron_l3_add_lvl1[6][27]  
    core_inst/gen_l3[14].neuron_l3_add_lvl1[6][28]  
    core_inst/gen_l3[14].neuron_l3_add_lvl1[6][29]  
    core_inst/gen_l3[14].neuron_l3_add_lvl1[6][30]  
    core_inst/gen_l3[14].neuron_l3_add_lvl1[6][31]  
    core_inst/gen_l3[14].neuron_l3_add_lvl1[5][16]  
    core_inst/gen_l3[14].neuron_l3_add_lvl1[5][17]  
    core_inst/gen_l3[14].neuron_l3_add_lvl1[5][18]  
    core_inst/gen_l3[14].neuron_l3_add_lvl1[5][19]  
    core_inst/gen_l3[14].neuron_l3_add_lvl1[5][20]  
    core_inst/gen_l3[14].neuron_l3_add_lvl1[5][21]  
    core_inst/gen_l3[14].neuron_l3_add_lvl1[5][22]  
    core_inst/gen_l3[14].neuron_l3_add_lvl1[5][23]  
    core_inst/gen_l3[14].neuron_l3_add_lvl1[5][24]  
    core_inst/gen_l3[14].neuron_l3_add_lvl1[5][25]  
    core_inst/gen_l3[14].neuron_l3_add_lvl1[5][26]  
    core_inst/gen_l3[14].neuron_l3_add_lvl1[5][27]  
    core_inst/gen_l3[14].neuron_l3_add_lvl1[5][28]  
    core_inst/gen_l3[14].neuron_l3_add_lvl1[5][29]  
    core_inst/gen_l3[14].neuron_l3_add_lvl1[5][30]  
    core_inst/gen_l3[14].neuron_l3_add_lvl1[5][31]  
    core_inst/gen_l3[14].neuron_l3_add_lvl1[4][16]  
    core_inst/gen_l3[14].neuron_l3_add_lvl1[4][17]  
    core_inst/gen_l3[14].neuron_l3_add_lvl1[4][18]  
    core_inst/gen_l3[14].neuron_l3_add_lvl1[4][19]  
    core_inst/gen_l3[14].neuron_l3_add_lvl1[4][20]  
    core_inst/gen_l3[14].neuron_l3_add_lvl1[4][21]  
    core_inst/gen_l3[14].neuron_l3_add_lvl1[4][22]  
    core_inst/gen_l3[14].neuron_l3_add_lvl1[4][23]  
    core_inst/gen_l3[14].neuron_l3_add_lvl1[4][24]  
    core_inst/gen_l3[14].neuron_l3_add_lvl1[4][25]  
    core_inst/gen_l3[14].neuron_l3_add_lvl1[4][26]  
    core_inst/gen_l3[14].neuron_l3_add_lvl1[4][27]  
    core_inst/gen_l3[14].neuron_l3_add_lvl1[4][28]  
    core_inst/gen_l3[14].neuron_l3_add_lvl1[4][29]  
    core_inst/gen_l3[14].neuron_l3_add_lvl1[4][30]  
    core_inst/gen_l3[14].neuron_l3_add_lvl1[4][31]  
    core_inst/gen_l3[14].neuron_l3_add_lvl1[3][16]  
    core_inst/gen_l3[14].neuron_l3_add_lvl1[3][17]  
    core_inst/gen_l3[14].neuron_l3_add_lvl1[3][18]  
    core_inst/gen_l3[14].neuron_l3_add_lvl1[3][19]  
    core_inst/gen_l3[14].neuron_l3_add_lvl1[3][20]  
    core_inst/gen_l3[14].neuron_l3_add_lvl1[3][21]  
    core_inst/gen_l3[14].neuron_l3_add_lvl1[3][22]  
    core_inst/gen_l3[14].neuron_l3_add_lvl1[3][23]  
    core_inst/gen_l3[14].neuron_l3_add_lvl1[3][24]  
    core_inst/gen_l3[14].neuron_l3_add_lvl1[3][25]  
    core_inst/gen_l3[14].neuron_l3_add_lvl1[3][26]  
    core_inst/gen_l3[14].neuron_l3_add_lvl1[3][27]  
    core_inst/gen_l3[14].neuron_l3_add_lvl1[3][28]  
    core_inst/gen_l3[14].neuron_l3_add_lvl1[3][29]  
    core_inst/gen_l3[14].neuron_l3_add_lvl1[3][30]  
    core_inst/gen_l3[14].neuron_l3_add_lvl1[3][31]  
    core_inst/gen_l3[14].neuron_l3_add_lvl1[2][16]  
    core_inst/gen_l3[14].neuron_l3_add_lvl1[2][17]  
    core_inst/gen_l3[14].neuron_l3_add_lvl1[2][18]  
    core_inst/gen_l3[14].neuron_l3_add_lvl1[2][19]  
    core_inst/gen_l3[14].neuron_l3_add_lvl1[2][20]  
    core_inst/gen_l3[14].neuron_l3_add_lvl1[2][21]  
    core_inst/gen_l3[14].neuron_l3_add_lvl1[2][22]  
    core_inst/gen_l3[14].neuron_l3_add_lvl1[2][23]  
    core_inst/gen_l3[14].neuron_l3_add_lvl1[2][24]  
    core_inst/gen_l3[14].neuron_l3_add_lvl1[2][25]  
    core_inst/gen_l3[14].neuron_l3_add_lvl1[2][26]  
    core_inst/gen_l3[14].neuron_l3_add_lvl1[2][27]  
    core_inst/gen_l3[14].neuron_l3_add_lvl1[2][28]  
    core_inst/gen_l3[14].neuron_l3_add_lvl1[2][29]  
    core_inst/gen_l3[14].neuron_l3_add_lvl1[2][30]  
    core_inst/gen_l3[14].neuron_l3_add_lvl1[2][31]  
    core_inst/gen_l3[14].neuron_l3_add_lvl1[1][16]  
    core_inst/gen_l3[14].neuron_l3_add_lvl1[1][17]  
    core_inst/gen_l3[14].neuron_l3_add_lvl1[1][18]  
    core_inst/gen_l3[14].neuron_l3_add_lvl1[1][19]  
    core_inst/gen_l3[14].neuron_l3_add_lvl1[1][20]  
    core_inst/gen_l3[14].neuron_l3_add_lvl1[1][21]  
    core_inst/gen_l3[14].neuron_l3_add_lvl1[1][22]  
    core_inst/gen_l3[14].neuron_l3_add_lvl1[1][23]  
    core_inst/gen_l3[14].neuron_l3_add_lvl1[1][24]  
    core_inst/gen_l3[14].neuron_l3_add_lvl1[1][25]  
    core_inst/gen_l3[14].neuron_l3_add_lvl1[1][26]  
    core_inst/gen_l3[14].neuron_l3_add_lvl1[1][27]  
    core_inst/gen_l3[14].neuron_l3_add_lvl1[1][28]  
    core_inst/gen_l3[14].neuron_l3_add_lvl1[1][29]  
    core_inst/gen_l3[14].neuron_l3_add_lvl1[1][30]  
    core_inst/gen_l3[14].neuron_l3_add_lvl1[1][31]  
    core_inst/gen_l3[14].neuron_l3_add_lvl1[0][16]  
    core_inst/gen_l3[14].neuron_l3_add_lvl1[0][17]  
    core_inst/gen_l3[14].neuron_l3_add_lvl1[0][18]  
    core_inst/gen_l3[14].neuron_l3_add_lvl1[0][19]  
    core_inst/gen_l3[14].neuron_l3_add_lvl1[0][20]  
    core_inst/gen_l3[14].neuron_l3_add_lvl1[0][21]  
    core_inst/gen_l3[14].neuron_l3_add_lvl1[0][22]  
    core_inst/gen_l3[14].neuron_l3_add_lvl1[0][23]  
    core_inst/gen_l3[14].neuron_l3_add_lvl1[0][24]  
    core_inst/gen_l3[14].neuron_l3_add_lvl1[0][25]  
    core_inst/gen_l3[14].neuron_l3_add_lvl1[0][26]  
    core_inst/gen_l3[14].neuron_l3_add_lvl1[0][27]  
    core_inst/gen_l3[14].neuron_l3_add_lvl1[0][28]  
    core_inst/gen_l3[14].neuron_l3_add_lvl1[0][29]  
    core_inst/gen_l3[14].neuron_l3_add_lvl1[0][30]  
    core_inst/gen_l3[14].neuron_l3_add_lvl1[0][31]  
    core_inst/gen_l3[14].neuron_l3_mult[15][15]  
    core_inst/gen_l3[14].neuron_l3_mult[14][15]  
    core_inst/gen_l3[14].neuron_l3_mult[13][15]  
    core_inst/gen_l3[14].neuron_l3_mult[12][15]  
    core_inst/gen_l3[14].neuron_l3_mult[11][15]  
    core_inst/gen_l3[14].neuron_l3_mult[10][15]  
    core_inst/gen_l3[14].neuron_l3_mult[9][15]  
    core_inst/gen_l3[14].neuron_l3_mult[8][15]  
    core_inst/gen_l3[14].neuron_l3_mult[7][15]  
    core_inst/gen_l3[14].neuron_l3_mult[6][15]  
    core_inst/gen_l3[14].neuron_l3_mult[5][15]  
    core_inst/gen_l3[14].neuron_l3_mult[4][15]  
    core_inst/gen_l3[14].neuron_l3_mult[3][15]  
    core_inst/gen_l3[14].neuron_l3_mult[2][15]  
    core_inst/gen_l3[14].neuron_l3_mult[1][15]  
    core_inst/gen_l3[14].neuron_l3_mult[0][15]  
    core_inst/gen_l3[13].neuron_l3_sum_with_bias[0]  
    core_inst/gen_l3[13].neuron_l3_sum_with_bias[1]  
    core_inst/gen_l3[13].neuron_l3_sum_with_bias[2]  
    core_inst/gen_l3[13].neuron_l3_sum_with_bias[3]  
    core_inst/gen_l3[13].neuron_l3_sum_with_bias[4]  
    core_inst/gen_l3[13].neuron_l3_sum_with_bias[19]  
    core_inst/gen_l3[13].neuron_l3_sum_with_bias[20]  
    core_inst/gen_l3[13].neuron_l3_sum_with_bias[21]  
    core_inst/gen_l3[13].neuron_l3_sum_with_bias[22]  
    core_inst/gen_l3[13].neuron_l3_sum_with_bias[23]  
    core_inst/gen_l3[13].neuron_l3_sum_with_bias[24]  
    core_inst/gen_l3[13].neuron_l3_sum_with_bias[25]  
    core_inst/gen_l3[13].neuron_l3_sum_with_bias[26]  
    core_inst/gen_l3[13].neuron_l3_sum_with_bias[27]  
    core_inst/gen_l3[13].neuron_l3_sum_with_bias[28]  
    core_inst/gen_l3[13].neuron_l3_sum_with_bias[29]  
    core_inst/gen_l3[13].neuron_l3_sum_with_bias[30]  
    core_inst/gen_l3[13].neuron_l3_add_lvl3_1[18]  
    core_inst/gen_l3[13].neuron_l3_add_lvl3_1[19]  
    core_inst/gen_l3[13].neuron_l3_add_lvl3_1[20]  
    core_inst/gen_l3[13].neuron_l3_add_lvl3_1[21]  
    core_inst/gen_l3[13].neuron_l3_add_lvl3_1[22]  
    core_inst/gen_l3[13].neuron_l3_add_lvl3_1[23]  
    core_inst/gen_l3[13].neuron_l3_add_lvl3_1[24]  
    core_inst/gen_l3[13].neuron_l3_add_lvl3_1[25]  
    core_inst/gen_l3[13].neuron_l3_add_lvl3_1[26]  
    core_inst/gen_l3[13].neuron_l3_add_lvl3_1[27]  
    core_inst/gen_l3[13].neuron_l3_add_lvl3_1[28]  
    core_inst/gen_l3[13].neuron_l3_add_lvl3_1[29]  
    core_inst/gen_l3[13].neuron_l3_add_lvl3_1[30]  
    core_inst/gen_l3[13].neuron_l3_add_lvl3_1[31]  
    core_inst/gen_l3[13].neuron_l3_add_lvl3_0[18]  
    core_inst/gen_l3[13].neuron_l3_add_lvl3_0[19]  
    core_inst/gen_l3[13].neuron_l3_add_lvl3_0[20]  
    core_inst/gen_l3[13].neuron_l3_add_lvl3_0[21]  
    core_inst/gen_l3[13].neuron_l3_add_lvl3_0[22]  
    core_inst/gen_l3[13].neuron_l3_add_lvl3_0[23]  
    core_inst/gen_l3[13].neuron_l3_add_lvl3_0[24]  
    core_inst/gen_l3[13].neuron_l3_add_lvl3_0[25]  
    core_inst/gen_l3[13].neuron_l3_add_lvl3_0[26]  
    core_inst/gen_l3[13].neuron_l3_add_lvl3_0[27]  
    core_inst/gen_l3[13].neuron_l3_add_lvl3_0[28]  
    core_inst/gen_l3[13].neuron_l3_add_lvl3_0[29]  
    core_inst/gen_l3[13].neuron_l3_add_lvl3_0[30]  
    core_inst/gen_l3[13].neuron_l3_add_lvl3_0[31]  
    core_inst/gen_l3[13].neuron_l3_add_lvl2[3][17]  
    core_inst/gen_l3[13].neuron_l3_add_lvl2[3][18]  
    core_inst/gen_l3[13].neuron_l3_add_lvl2[3][19]  
    core_inst/gen_l3[13].neuron_l3_add_lvl2[3][20]  
    core_inst/gen_l3[13].neuron_l3_add_lvl2[3][21]  
    core_inst/gen_l3[13].neuron_l3_add_lvl2[3][22]  
    core_inst/gen_l3[13].neuron_l3_add_lvl2[3][23]  
    core_inst/gen_l3[13].neuron_l3_add_lvl2[3][24]  
    core_inst/gen_l3[13].neuron_l3_add_lvl2[3][25]  
    core_inst/gen_l3[13].neuron_l3_add_lvl2[3][26]  
    core_inst/gen_l3[13].neuron_l3_add_lvl2[3][27]  
    core_inst/gen_l3[13].neuron_l3_add_lvl2[3][28]  
    core_inst/gen_l3[13].neuron_l3_add_lvl2[3][29]  
    core_inst/gen_l3[13].neuron_l3_add_lvl2[3][30]  
    core_inst/gen_l3[13].neuron_l3_add_lvl2[3][31]  
    core_inst/gen_l3[13].neuron_l3_add_lvl2[2][17]  
    core_inst/gen_l3[13].neuron_l3_add_lvl2[2][18]  
    core_inst/gen_l3[13].neuron_l3_add_lvl2[2][19]  
    core_inst/gen_l3[13].neuron_l3_add_lvl2[2][20]  
    core_inst/gen_l3[13].neuron_l3_add_lvl2[2][21]  
    core_inst/gen_l3[13].neuron_l3_add_lvl2[2][22]  
    core_inst/gen_l3[13].neuron_l3_add_lvl2[2][23]  
    core_inst/gen_l3[13].neuron_l3_add_lvl2[2][24]  
    core_inst/gen_l3[13].neuron_l3_add_lvl2[2][25]  
    core_inst/gen_l3[13].neuron_l3_add_lvl2[2][26]  
    core_inst/gen_l3[13].neuron_l3_add_lvl2[2][27]  
    core_inst/gen_l3[13].neuron_l3_add_lvl2[2][28]  
    core_inst/gen_l3[13].neuron_l3_add_lvl2[2][29]  
    core_inst/gen_l3[13].neuron_l3_add_lvl2[2][30]  
    core_inst/gen_l3[13].neuron_l3_add_lvl2[2][31]  
    core_inst/gen_l3[13].neuron_l3_add_lvl2[1][17]  
    core_inst/gen_l3[13].neuron_l3_add_lvl2[1][18]  
    core_inst/gen_l3[13].neuron_l3_add_lvl2[1][19]  
    core_inst/gen_l3[13].neuron_l3_add_lvl2[1][20]  
    core_inst/gen_l3[13].neuron_l3_add_lvl2[1][21]  
    core_inst/gen_l3[13].neuron_l3_add_lvl2[1][22]  
    core_inst/gen_l3[13].neuron_l3_add_lvl2[1][23]  
    core_inst/gen_l3[13].neuron_l3_add_lvl2[1][24]  
    core_inst/gen_l3[13].neuron_l3_add_lvl2[1][25]  
    core_inst/gen_l3[13].neuron_l3_add_lvl2[1][26]  
    core_inst/gen_l3[13].neuron_l3_add_lvl2[1][27]  
    core_inst/gen_l3[13].neuron_l3_add_lvl2[1][28]  
    core_inst/gen_l3[13].neuron_l3_add_lvl2[1][29]  
    core_inst/gen_l3[13].neuron_l3_add_lvl2[1][30]  
    core_inst/gen_l3[13].neuron_l3_add_lvl2[1][31]  
    core_inst/gen_l3[13].neuron_l3_add_lvl2[0][17]  
    core_inst/gen_l3[13].neuron_l3_add_lvl2[0][18]  
    core_inst/gen_l3[13].neuron_l3_add_lvl2[0][19]  
    core_inst/gen_l3[13].neuron_l3_add_lvl2[0][20]  
    core_inst/gen_l3[13].neuron_l3_add_lvl2[0][21]  
    core_inst/gen_l3[13].neuron_l3_add_lvl2[0][22]  
    core_inst/gen_l3[13].neuron_l3_add_lvl2[0][23]  
    core_inst/gen_l3[13].neuron_l3_add_lvl2[0][24]  
    core_inst/gen_l3[13].neuron_l3_add_lvl2[0][25]  
    core_inst/gen_l3[13].neuron_l3_add_lvl2[0][26]  
    core_inst/gen_l3[13].neuron_l3_add_lvl2[0][27]  
    core_inst/gen_l3[13].neuron_l3_add_lvl2[0][28]  
    core_inst/gen_l3[13].neuron_l3_add_lvl2[0][29]  
    core_inst/gen_l3[13].neuron_l3_add_lvl2[0][30]  
    core_inst/gen_l3[13].neuron_l3_add_lvl2[0][31]  
    core_inst/gen_l3[13].neuron_l3_add_lvl1[7][16]  
    core_inst/gen_l3[13].neuron_l3_add_lvl1[7][17]  
    core_inst/gen_l3[13].neuron_l3_add_lvl1[7][18]  
    core_inst/gen_l3[13].neuron_l3_add_lvl1[7][19]  
    core_inst/gen_l3[13].neuron_l3_add_lvl1[7][20]  
    core_inst/gen_l3[13].neuron_l3_add_lvl1[7][21]  
    core_inst/gen_l3[13].neuron_l3_add_lvl1[7][22]  
    core_inst/gen_l3[13].neuron_l3_add_lvl1[7][23]  
    core_inst/gen_l3[13].neuron_l3_add_lvl1[7][24]  
    core_inst/gen_l3[13].neuron_l3_add_lvl1[7][25]  
    core_inst/gen_l3[13].neuron_l3_add_lvl1[7][26]  
    core_inst/gen_l3[13].neuron_l3_add_lvl1[7][27]  
    core_inst/gen_l3[13].neuron_l3_add_lvl1[7][28]  
    core_inst/gen_l3[13].neuron_l3_add_lvl1[7][29]  
    core_inst/gen_l3[13].neuron_l3_add_lvl1[7][30]  
    core_inst/gen_l3[13].neuron_l3_add_lvl1[7][31]  
    core_inst/gen_l3[13].neuron_l3_add_lvl1[6][16]  
    core_inst/gen_l3[13].neuron_l3_add_lvl1[6][17]  
    core_inst/gen_l3[13].neuron_l3_add_lvl1[6][18]  
    core_inst/gen_l3[13].neuron_l3_add_lvl1[6][19]  
    core_inst/gen_l3[13].neuron_l3_add_lvl1[6][20]  
    core_inst/gen_l3[13].neuron_l3_add_lvl1[6][21]  
    core_inst/gen_l3[13].neuron_l3_add_lvl1[6][22]  
    core_inst/gen_l3[13].neuron_l3_add_lvl1[6][23]  
    core_inst/gen_l3[13].neuron_l3_add_lvl1[6][24]  
    core_inst/gen_l3[13].neuron_l3_add_lvl1[6][25]  
    core_inst/gen_l3[13].neuron_l3_add_lvl1[6][26]  
    core_inst/gen_l3[13].neuron_l3_add_lvl1[6][27]  
    core_inst/gen_l3[13].neuron_l3_add_lvl1[6][28]  
    core_inst/gen_l3[13].neuron_l3_add_lvl1[6][29]  
    core_inst/gen_l3[13].neuron_l3_add_lvl1[6][30]  
    core_inst/gen_l3[13].neuron_l3_add_lvl1[6][31]  
    core_inst/gen_l3[13].neuron_l3_add_lvl1[5][16]  
    core_inst/gen_l3[13].neuron_l3_add_lvl1[5][17]  
    core_inst/gen_l3[13].neuron_l3_add_lvl1[5][18]  
    core_inst/gen_l3[13].neuron_l3_add_lvl1[5][19]  
    core_inst/gen_l3[13].neuron_l3_add_lvl1[5][20]  
    core_inst/gen_l3[13].neuron_l3_add_lvl1[5][21]  
    core_inst/gen_l3[13].neuron_l3_add_lvl1[5][22]  
    core_inst/gen_l3[13].neuron_l3_add_lvl1[5][23]  
    core_inst/gen_l3[13].neuron_l3_add_lvl1[5][24]  
    core_inst/gen_l3[13].neuron_l3_add_lvl1[5][25]  
    core_inst/gen_l3[13].neuron_l3_add_lvl1[5][26]  
    core_inst/gen_l3[13].neuron_l3_add_lvl1[5][27]  
    core_inst/gen_l3[13].neuron_l3_add_lvl1[5][28]  
    core_inst/gen_l3[13].neuron_l3_add_lvl1[5][29]  
    core_inst/gen_l3[13].neuron_l3_add_lvl1[5][30]  
    core_inst/gen_l3[13].neuron_l3_add_lvl1[5][31]  
    core_inst/gen_l3[13].neuron_l3_add_lvl1[4][16]  
    core_inst/gen_l3[13].neuron_l3_add_lvl1[4][17]  
    core_inst/gen_l3[13].neuron_l3_add_lvl1[4][18]  
    core_inst/gen_l3[13].neuron_l3_add_lvl1[4][19]  
    core_inst/gen_l3[13].neuron_l3_add_lvl1[4][20]  
    core_inst/gen_l3[13].neuron_l3_add_lvl1[4][21]  
    core_inst/gen_l3[13].neuron_l3_add_lvl1[4][22]  
    core_inst/gen_l3[13].neuron_l3_add_lvl1[4][23]  
    core_inst/gen_l3[13].neuron_l3_add_lvl1[4][24]  
    core_inst/gen_l3[13].neuron_l3_add_lvl1[4][25]  
    core_inst/gen_l3[13].neuron_l3_add_lvl1[4][26]  
    core_inst/gen_l3[13].neuron_l3_add_lvl1[4][27]  
    core_inst/gen_l3[13].neuron_l3_add_lvl1[4][28]  
    core_inst/gen_l3[13].neuron_l3_add_lvl1[4][29]  
    core_inst/gen_l3[13].neuron_l3_add_lvl1[4][30]  
    core_inst/gen_l3[13].neuron_l3_add_lvl1[4][31]  
    core_inst/gen_l3[13].neuron_l3_add_lvl1[3][16]  
    core_inst/gen_l3[13].neuron_l3_add_lvl1[3][17]  
    core_inst/gen_l3[13].neuron_l3_add_lvl1[3][18]  
    core_inst/gen_l3[13].neuron_l3_add_lvl1[3][19]  
    core_inst/gen_l3[13].neuron_l3_add_lvl1[3][20]  
    core_inst/gen_l3[13].neuron_l3_add_lvl1[3][21]  
    core_inst/gen_l3[13].neuron_l3_add_lvl1[3][22]  
    core_inst/gen_l3[13].neuron_l3_add_lvl1[3][23]  
    core_inst/gen_l3[13].neuron_l3_add_lvl1[3][24]  
    core_inst/gen_l3[13].neuron_l3_add_lvl1[3][25]  
    core_inst/gen_l3[13].neuron_l3_add_lvl1[3][26]  
    core_inst/gen_l3[13].neuron_l3_add_lvl1[3][27]  
    core_inst/gen_l3[13].neuron_l3_add_lvl1[3][28]  
    core_inst/gen_l3[13].neuron_l3_add_lvl1[3][29]  
    core_inst/gen_l3[13].neuron_l3_add_lvl1[3][30]  
    core_inst/gen_l3[13].neuron_l3_add_lvl1[3][31]  
    core_inst/gen_l3[13].neuron_l3_add_lvl1[2][16]  
    core_inst/gen_l3[13].neuron_l3_add_lvl1[2][17]  
    core_inst/gen_l3[13].neuron_l3_add_lvl1[2][18]  
    core_inst/gen_l3[13].neuron_l3_add_lvl1[2][19]  
    core_inst/gen_l3[13].neuron_l3_add_lvl1[2][20]  
    core_inst/gen_l3[13].neuron_l3_add_lvl1[2][21]  
    core_inst/gen_l3[13].neuron_l3_add_lvl1[2][22]  
    core_inst/gen_l3[13].neuron_l3_add_lvl1[2][23]  
    core_inst/gen_l3[13].neuron_l3_add_lvl1[2][24]  
    core_inst/gen_l3[13].neuron_l3_add_lvl1[2][25]  
    core_inst/gen_l3[13].neuron_l3_add_lvl1[2][26]  
    core_inst/gen_l3[13].neuron_l3_add_lvl1[2][27]  
    core_inst/gen_l3[13].neuron_l3_add_lvl1[2][28]  
    core_inst/gen_l3[13].neuron_l3_add_lvl1[2][29]  
    core_inst/gen_l3[13].neuron_l3_add_lvl1[2][30]  
    core_inst/gen_l3[13].neuron_l3_add_lvl1[2][31]  
    core_inst/gen_l3[13].neuron_l3_add_lvl1[1][16]  
    core_inst/gen_l3[13].neuron_l3_add_lvl1[1][17]  
    core_inst/gen_l3[13].neuron_l3_add_lvl1[1][18]  
    core_inst/gen_l3[13].neuron_l3_add_lvl1[1][19]  
    core_inst/gen_l3[13].neuron_l3_add_lvl1[1][20]  
    core_inst/gen_l3[13].neuron_l3_add_lvl1[1][21]  
    core_inst/gen_l3[13].neuron_l3_add_lvl1[1][22]  
    core_inst/gen_l3[13].neuron_l3_add_lvl1[1][23]  
    core_inst/gen_l3[13].neuron_l3_add_lvl1[1][24]  
    core_inst/gen_l3[13].neuron_l3_add_lvl1[1][25]  
    core_inst/gen_l3[13].neuron_l3_add_lvl1[1][26]  
    core_inst/gen_l3[13].neuron_l3_add_lvl1[1][27]  
    core_inst/gen_l3[13].neuron_l3_add_lvl1[1][28]  
    core_inst/gen_l3[13].neuron_l3_add_lvl1[1][29]  
    core_inst/gen_l3[13].neuron_l3_add_lvl1[1][30]  
    core_inst/gen_l3[13].neuron_l3_add_lvl1[1][31]  
    core_inst/gen_l3[13].neuron_l3_add_lvl1[0][16]  
    core_inst/gen_l3[13].neuron_l3_add_lvl1[0][17]  
    core_inst/gen_l3[13].neuron_l3_add_lvl1[0][18]  
    core_inst/gen_l3[13].neuron_l3_add_lvl1[0][19]  
    core_inst/gen_l3[13].neuron_l3_add_lvl1[0][20]  
    core_inst/gen_l3[13].neuron_l3_add_lvl1[0][21]  
    core_inst/gen_l3[13].neuron_l3_add_lvl1[0][22]  
    core_inst/gen_l3[13].neuron_l3_add_lvl1[0][23]  
    core_inst/gen_l3[13].neuron_l3_add_lvl1[0][24]  
    core_inst/gen_l3[13].neuron_l3_add_lvl1[0][25]  
    core_inst/gen_l3[13].neuron_l3_add_lvl1[0][26]  
    core_inst/gen_l3[13].neuron_l3_add_lvl1[0][27]  
    core_inst/gen_l3[13].neuron_l3_add_lvl1[0][28]  
    core_inst/gen_l3[13].neuron_l3_add_lvl1[0][29]  
    core_inst/gen_l3[13].neuron_l3_add_lvl1[0][30]  
    core_inst/gen_l3[13].neuron_l3_add_lvl1[0][31]  
    core_inst/gen_l3[13].neuron_l3_mult[15][15]  
    core_inst/gen_l3[13].neuron_l3_mult[14][15]  
    core_inst/gen_l3[13].neuron_l3_mult[13][15]  
    core_inst/gen_l3[13].neuron_l3_mult[12][15]  
    core_inst/gen_l3[13].neuron_l3_mult[11][15]  
    core_inst/gen_l3[13].neuron_l3_mult[10][15]  
    core_inst/gen_l3[13].neuron_l3_mult[9][15]  
    core_inst/gen_l3[13].neuron_l3_mult[8][15]  
    core_inst/gen_l3[13].neuron_l3_mult[7][15]  
    core_inst/gen_l3[13].neuron_l3_mult[6][15]  
    core_inst/gen_l3[13].neuron_l3_mult[5][15]  
    core_inst/gen_l3[13].neuron_l3_mult[4][15]  
    core_inst/gen_l3[13].neuron_l3_mult[3][15]  
    core_inst/gen_l3[13].neuron_l3_mult[2][15]  
    core_inst/gen_l3[13].neuron_l3_mult[1][15]  
    core_inst/gen_l3[13].neuron_l3_mult[0][15]  
    core_inst/gen_l3[12].neuron_l3_sum_with_bias[0]  
    core_inst/gen_l3[12].neuron_l3_sum_with_bias[1]  
    core_inst/gen_l3[12].neuron_l3_sum_with_bias[2]  
    core_inst/gen_l3[12].neuron_l3_sum_with_bias[3]  
    core_inst/gen_l3[12].neuron_l3_sum_with_bias[4]  
    core_inst/gen_l3[12].neuron_l3_sum_with_bias[19]  
    core_inst/gen_l3[12].neuron_l3_sum_with_bias[20]  
    core_inst/gen_l3[12].neuron_l3_sum_with_bias[21]  
    core_inst/gen_l3[12].neuron_l3_sum_with_bias[22]  
    core_inst/gen_l3[12].neuron_l3_sum_with_bias[23]  
    core_inst/gen_l3[12].neuron_l3_sum_with_bias[24]  
    core_inst/gen_l3[12].neuron_l3_sum_with_bias[25]  
    core_inst/gen_l3[12].neuron_l3_sum_with_bias[26]  
    core_inst/gen_l3[12].neuron_l3_sum_with_bias[27]  
    core_inst/gen_l3[12].neuron_l3_sum_with_bias[28]  
    core_inst/gen_l3[12].neuron_l3_sum_with_bias[29]  
    core_inst/gen_l3[12].neuron_l3_sum_with_bias[30]  
    core_inst/gen_l3[12].neuron_l3_add_lvl3_1[18]  
    core_inst/gen_l3[12].neuron_l3_add_lvl3_1[19]  
    core_inst/gen_l3[12].neuron_l3_add_lvl3_1[20]  
    core_inst/gen_l3[12].neuron_l3_add_lvl3_1[21]  
    core_inst/gen_l3[12].neuron_l3_add_lvl3_1[22]  
    core_inst/gen_l3[12].neuron_l3_add_lvl3_1[23]  
    core_inst/gen_l3[12].neuron_l3_add_lvl3_1[24]  
    core_inst/gen_l3[12].neuron_l3_add_lvl3_1[25]  
    core_inst/gen_l3[12].neuron_l3_add_lvl3_1[26]  
    core_inst/gen_l3[12].neuron_l3_add_lvl3_1[27]  
    core_inst/gen_l3[12].neuron_l3_add_lvl3_1[28]  
    core_inst/gen_l3[12].neuron_l3_add_lvl3_1[29]  
    core_inst/gen_l3[12].neuron_l3_add_lvl3_1[30]  
    core_inst/gen_l3[12].neuron_l3_add_lvl3_1[31]  
    core_inst/gen_l3[12].neuron_l3_add_lvl3_0[18]  
    core_inst/gen_l3[12].neuron_l3_add_lvl3_0[19]  
    core_inst/gen_l3[12].neuron_l3_add_lvl3_0[20]  
    core_inst/gen_l3[12].neuron_l3_add_lvl3_0[21]  
    core_inst/gen_l3[12].neuron_l3_add_lvl3_0[22]  
    core_inst/gen_l3[12].neuron_l3_add_lvl3_0[23]  
    core_inst/gen_l3[12].neuron_l3_add_lvl3_0[24]  
    core_inst/gen_l3[12].neuron_l3_add_lvl3_0[25]  
    core_inst/gen_l3[12].neuron_l3_add_lvl3_0[26]  
    core_inst/gen_l3[12].neuron_l3_add_lvl3_0[27]  
    core_inst/gen_l3[12].neuron_l3_add_lvl3_0[28]  
    core_inst/gen_l3[12].neuron_l3_add_lvl3_0[29]  
    core_inst/gen_l3[12].neuron_l3_add_lvl3_0[30]  
    core_inst/gen_l3[12].neuron_l3_add_lvl3_0[31]  
    core_inst/gen_l3[12].neuron_l3_add_lvl2[3][17]  
    core_inst/gen_l3[12].neuron_l3_add_lvl2[3][18]  
    core_inst/gen_l3[12].neuron_l3_add_lvl2[3][19]  
    core_inst/gen_l3[12].neuron_l3_add_lvl2[3][20]  
    core_inst/gen_l3[12].neuron_l3_add_lvl2[3][21]  
    core_inst/gen_l3[12].neuron_l3_add_lvl2[3][22]  
    core_inst/gen_l3[12].neuron_l3_add_lvl2[3][23]  
    core_inst/gen_l3[12].neuron_l3_add_lvl2[3][24]  
    core_inst/gen_l3[12].neuron_l3_add_lvl2[3][25]  
    core_inst/gen_l3[12].neuron_l3_add_lvl2[3][26]  
    core_inst/gen_l3[12].neuron_l3_add_lvl2[3][27]  
    core_inst/gen_l3[12].neuron_l3_add_lvl2[3][28]  
    core_inst/gen_l3[12].neuron_l3_add_lvl2[3][29]  
    core_inst/gen_l3[12].neuron_l3_add_lvl2[3][30]  
    core_inst/gen_l3[12].neuron_l3_add_lvl2[3][31]  
    core_inst/gen_l3[12].neuron_l3_add_lvl2[2][17]  
    core_inst/gen_l3[12].neuron_l3_add_lvl2[2][18]  
    core_inst/gen_l3[12].neuron_l3_add_lvl2[2][19]  
    core_inst/gen_l3[12].neuron_l3_add_lvl2[2][20]  
    core_inst/gen_l3[12].neuron_l3_add_lvl2[2][21]  
    core_inst/gen_l3[12].neuron_l3_add_lvl2[2][22]  
    core_inst/gen_l3[12].neuron_l3_add_lvl2[2][23]  
    core_inst/gen_l3[12].neuron_l3_add_lvl2[2][24]  
    core_inst/gen_l3[12].neuron_l3_add_lvl2[2][25]  
    core_inst/gen_l3[12].neuron_l3_add_lvl2[2][26]  
    core_inst/gen_l3[12].neuron_l3_add_lvl2[2][27]  
    core_inst/gen_l3[12].neuron_l3_add_lvl2[2][28]  
    core_inst/gen_l3[12].neuron_l3_add_lvl2[2][29]  
    core_inst/gen_l3[12].neuron_l3_add_lvl2[2][30]  
    core_inst/gen_l3[12].neuron_l3_add_lvl2[2][31]  
    core_inst/gen_l3[12].neuron_l3_add_lvl2[1][17]  
    core_inst/gen_l3[12].neuron_l3_add_lvl2[1][18]  
    core_inst/gen_l3[12].neuron_l3_add_lvl2[1][19]  
    core_inst/gen_l3[12].neuron_l3_add_lvl2[1][20]  
    core_inst/gen_l3[12].neuron_l3_add_lvl2[1][21]  
    core_inst/gen_l3[12].neuron_l3_add_lvl2[1][22]  
    core_inst/gen_l3[12].neuron_l3_add_lvl2[1][23]  
    core_inst/gen_l3[12].neuron_l3_add_lvl2[1][24]  
    core_inst/gen_l3[12].neuron_l3_add_lvl2[1][25]  
    core_inst/gen_l3[12].neuron_l3_add_lvl2[1][26]  
    core_inst/gen_l3[12].neuron_l3_add_lvl2[1][27]  
    core_inst/gen_l3[12].neuron_l3_add_lvl2[1][28]  
    core_inst/gen_l3[12].neuron_l3_add_lvl2[1][29]  
    core_inst/gen_l3[12].neuron_l3_add_lvl2[1][30]  
    core_inst/gen_l3[12].neuron_l3_add_lvl2[1][31]  
    core_inst/gen_l3[12].neuron_l3_add_lvl2[0][17]  
    core_inst/gen_l3[12].neuron_l3_add_lvl2[0][18]  
    core_inst/gen_l3[12].neuron_l3_add_lvl2[0][19]  
    core_inst/gen_l3[12].neuron_l3_add_lvl2[0][20]  
    core_inst/gen_l3[12].neuron_l3_add_lvl2[0][21]  
    core_inst/gen_l3[12].neuron_l3_add_lvl2[0][22]  
    core_inst/gen_l3[12].neuron_l3_add_lvl2[0][23]  
    core_inst/gen_l3[12].neuron_l3_add_lvl2[0][24]  
    core_inst/gen_l3[12].neuron_l3_add_lvl2[0][25]  
    core_inst/gen_l3[12].neuron_l3_add_lvl2[0][26]  
    core_inst/gen_l3[12].neuron_l3_add_lvl2[0][27]  
    core_inst/gen_l3[12].neuron_l3_add_lvl2[0][28]  
    core_inst/gen_l3[12].neuron_l3_add_lvl2[0][29]  
    core_inst/gen_l3[12].neuron_l3_add_lvl2[0][30]  
    core_inst/gen_l3[12].neuron_l3_add_lvl2[0][31]  
    core_inst/gen_l3[12].neuron_l3_add_lvl1[7][16]  
    core_inst/gen_l3[12].neuron_l3_add_lvl1[7][17]  
    core_inst/gen_l3[12].neuron_l3_add_lvl1[7][18]  
    core_inst/gen_l3[12].neuron_l3_add_lvl1[7][19]  
    core_inst/gen_l3[12].neuron_l3_add_lvl1[7][20]  
    core_inst/gen_l3[12].neuron_l3_add_lvl1[7][21]  
    core_inst/gen_l3[12].neuron_l3_add_lvl1[7][22]  
    core_inst/gen_l3[12].neuron_l3_add_lvl1[7][23]  
    core_inst/gen_l3[12].neuron_l3_add_lvl1[7][24]  
    core_inst/gen_l3[12].neuron_l3_add_lvl1[7][25]  
    core_inst/gen_l3[12].neuron_l3_add_lvl1[7][26]  
    core_inst/gen_l3[12].neuron_l3_add_lvl1[7][27]  
    core_inst/gen_l3[12].neuron_l3_add_lvl1[7][28]  
    core_inst/gen_l3[12].neuron_l3_add_lvl1[7][29]  
    core_inst/gen_l3[12].neuron_l3_add_lvl1[7][30]  
    core_inst/gen_l3[12].neuron_l3_add_lvl1[7][31]  
    core_inst/gen_l3[12].neuron_l3_add_lvl1[6][16]  
    core_inst/gen_l3[12].neuron_l3_add_lvl1[6][17]  
    core_inst/gen_l3[12].neuron_l3_add_lvl1[6][18]  
    core_inst/gen_l3[12].neuron_l3_add_lvl1[6][19]  
    core_inst/gen_l3[12].neuron_l3_add_lvl1[6][20]  
    core_inst/gen_l3[12].neuron_l3_add_lvl1[6][21]  
    core_inst/gen_l3[12].neuron_l3_add_lvl1[6][22]  
    core_inst/gen_l3[12].neuron_l3_add_lvl1[6][23]  
    core_inst/gen_l3[12].neuron_l3_add_lvl1[6][24]  
    core_inst/gen_l3[12].neuron_l3_add_lvl1[6][25]  
    core_inst/gen_l3[12].neuron_l3_add_lvl1[6][26]  
    core_inst/gen_l3[12].neuron_l3_add_lvl1[6][27]  
    core_inst/gen_l3[12].neuron_l3_add_lvl1[6][28]  
    core_inst/gen_l3[12].neuron_l3_add_lvl1[6][29]  
    core_inst/gen_l3[12].neuron_l3_add_lvl1[6][30]  
    core_inst/gen_l3[12].neuron_l3_add_lvl1[6][31]  
    core_inst/gen_l3[12].neuron_l3_add_lvl1[5][16]  
    core_inst/gen_l3[12].neuron_l3_add_lvl1[5][17]  
    core_inst/gen_l3[12].neuron_l3_add_lvl1[5][18]  
    core_inst/gen_l3[12].neuron_l3_add_lvl1[5][19]  
    core_inst/gen_l3[12].neuron_l3_add_lvl1[5][20]  
    core_inst/gen_l3[12].neuron_l3_add_lvl1[5][21]  
    core_inst/gen_l3[12].neuron_l3_add_lvl1[5][22]  
    core_inst/gen_l3[12].neuron_l3_add_lvl1[5][23]  
    core_inst/gen_l3[12].neuron_l3_add_lvl1[5][24]  
    core_inst/gen_l3[12].neuron_l3_add_lvl1[5][25]  
    core_inst/gen_l3[12].neuron_l3_add_lvl1[5][26]  
    core_inst/gen_l3[12].neuron_l3_add_lvl1[5][27]  
    core_inst/gen_l3[12].neuron_l3_add_lvl1[5][28]  
    core_inst/gen_l3[12].neuron_l3_add_lvl1[5][29]  
    core_inst/gen_l3[12].neuron_l3_add_lvl1[5][30]  
    core_inst/gen_l3[12].neuron_l3_add_lvl1[5][31]  
    core_inst/gen_l3[12].neuron_l3_add_lvl1[4][16]  
    core_inst/gen_l3[12].neuron_l3_add_lvl1[4][17]  
    core_inst/gen_l3[12].neuron_l3_add_lvl1[4][18]  
    core_inst/gen_l3[12].neuron_l3_add_lvl1[4][19]  
    core_inst/gen_l3[12].neuron_l3_add_lvl1[4][20]  
    core_inst/gen_l3[12].neuron_l3_add_lvl1[4][21]  
    core_inst/gen_l3[12].neuron_l3_add_lvl1[4][22]  
    core_inst/gen_l3[12].neuron_l3_add_lvl1[4][23]  
    core_inst/gen_l3[12].neuron_l3_add_lvl1[4][24]  
    core_inst/gen_l3[12].neuron_l3_add_lvl1[4][25]  
    core_inst/gen_l3[12].neuron_l3_add_lvl1[4][26]  
    core_inst/gen_l3[12].neuron_l3_add_lvl1[4][27]  
    core_inst/gen_l3[12].neuron_l3_add_lvl1[4][28]  
    core_inst/gen_l3[12].neuron_l3_add_lvl1[4][29]  
    core_inst/gen_l3[12].neuron_l3_add_lvl1[4][30]  
    core_inst/gen_l3[12].neuron_l3_add_lvl1[4][31]  
    core_inst/gen_l3[12].neuron_l3_add_lvl1[3][16]  
    core_inst/gen_l3[12].neuron_l3_add_lvl1[3][17]  
    core_inst/gen_l3[12].neuron_l3_add_lvl1[3][18]  
    core_inst/gen_l3[12].neuron_l3_add_lvl1[3][19]  
    core_inst/gen_l3[12].neuron_l3_add_lvl1[3][20]  
    core_inst/gen_l3[12].neuron_l3_add_lvl1[3][21]  
    core_inst/gen_l3[12].neuron_l3_add_lvl1[3][22]  
    core_inst/gen_l3[12].neuron_l3_add_lvl1[3][23]  
    core_inst/gen_l3[12].neuron_l3_add_lvl1[3][24]  
    core_inst/gen_l3[12].neuron_l3_add_lvl1[3][25]  
    core_inst/gen_l3[12].neuron_l3_add_lvl1[3][26]  
    core_inst/gen_l3[12].neuron_l3_add_lvl1[3][27]  
    core_inst/gen_l3[12].neuron_l3_add_lvl1[3][28]  
    core_inst/gen_l3[12].neuron_l3_add_lvl1[3][29]  
    core_inst/gen_l3[12].neuron_l3_add_lvl1[3][30]  
    core_inst/gen_l3[12].neuron_l3_add_lvl1[3][31]  
    core_inst/gen_l3[12].neuron_l3_add_lvl1[2][16]  
    core_inst/gen_l3[12].neuron_l3_add_lvl1[2][17]  
    core_inst/gen_l3[12].neuron_l3_add_lvl1[2][18]  
    core_inst/gen_l3[12].neuron_l3_add_lvl1[2][19]  
    core_inst/gen_l3[12].neuron_l3_add_lvl1[2][20]  
    core_inst/gen_l3[12].neuron_l3_add_lvl1[2][21]  
    core_inst/gen_l3[12].neuron_l3_add_lvl1[2][22]  
    core_inst/gen_l3[12].neuron_l3_add_lvl1[2][23]  
    core_inst/gen_l3[12].neuron_l3_add_lvl1[2][24]  
    core_inst/gen_l3[12].neuron_l3_add_lvl1[2][25]  
    core_inst/gen_l3[12].neuron_l3_add_lvl1[2][26]  
    core_inst/gen_l3[12].neuron_l3_add_lvl1[2][27]  
    core_inst/gen_l3[12].neuron_l3_add_lvl1[2][28]  
    core_inst/gen_l3[12].neuron_l3_add_lvl1[2][29]  
    core_inst/gen_l3[12].neuron_l3_add_lvl1[2][30]  
    core_inst/gen_l3[12].neuron_l3_add_lvl1[2][31]  
    core_inst/gen_l3[12].neuron_l3_add_lvl1[1][16]  
    core_inst/gen_l3[12].neuron_l3_add_lvl1[1][17]  
    core_inst/gen_l3[12].neuron_l3_add_lvl1[1][18]  
    core_inst/gen_l3[12].neuron_l3_add_lvl1[1][19]  
    core_inst/gen_l3[12].neuron_l3_add_lvl1[1][20]  
    core_inst/gen_l3[12].neuron_l3_add_lvl1[1][21]  
    core_inst/gen_l3[12].neuron_l3_add_lvl1[1][22]  
    core_inst/gen_l3[12].neuron_l3_add_lvl1[1][23]  
    core_inst/gen_l3[12].neuron_l3_add_lvl1[1][24]  
    core_inst/gen_l3[12].neuron_l3_add_lvl1[1][25]  
    core_inst/gen_l3[12].neuron_l3_add_lvl1[1][26]  
    core_inst/gen_l3[12].neuron_l3_add_lvl1[1][27]  
    core_inst/gen_l3[12].neuron_l3_add_lvl1[1][28]  
    core_inst/gen_l3[12].neuron_l3_add_lvl1[1][29]  
    core_inst/gen_l3[12].neuron_l3_add_lvl1[1][30]  
    core_inst/gen_l3[12].neuron_l3_add_lvl1[1][31]  
    core_inst/gen_l3[12].neuron_l3_add_lvl1[0][16]  
    core_inst/gen_l3[12].neuron_l3_add_lvl1[0][17]  
    core_inst/gen_l3[12].neuron_l3_add_lvl1[0][18]  
    core_inst/gen_l3[12].neuron_l3_add_lvl1[0][19]  
    core_inst/gen_l3[12].neuron_l3_add_lvl1[0][20]  
    core_inst/gen_l3[12].neuron_l3_add_lvl1[0][21]  
    core_inst/gen_l3[12].neuron_l3_add_lvl1[0][22]  
    core_inst/gen_l3[12].neuron_l3_add_lvl1[0][23]  
    core_inst/gen_l3[12].neuron_l3_add_lvl1[0][24]  
    core_inst/gen_l3[12].neuron_l3_add_lvl1[0][25]  
    core_inst/gen_l3[12].neuron_l3_add_lvl1[0][26]  
    core_inst/gen_l3[12].neuron_l3_add_lvl1[0][27]  
    core_inst/gen_l3[12].neuron_l3_add_lvl1[0][28]  
    core_inst/gen_l3[12].neuron_l3_add_lvl1[0][29]  
    core_inst/gen_l3[12].neuron_l3_add_lvl1[0][30]  
    core_inst/gen_l3[12].neuron_l3_add_lvl1[0][31]  
    core_inst/gen_l3[12].neuron_l3_mult[15][15]  
    core_inst/gen_l3[12].neuron_l3_mult[14][15]  
    core_inst/gen_l3[12].neuron_l3_mult[13][15]  
    core_inst/gen_l3[12].neuron_l3_mult[12][15]  
    core_inst/gen_l3[12].neuron_l3_mult[11][15]  
    core_inst/gen_l3[12].neuron_l3_mult[10][15]  
    core_inst/gen_l3[12].neuron_l3_mult[9][15]  
    core_inst/gen_l3[12].neuron_l3_mult[8][15]  
    core_inst/gen_l3[12].neuron_l3_mult[7][15]  
    core_inst/gen_l3[12].neuron_l3_mult[6][15]  
    core_inst/gen_l3[12].neuron_l3_mult[5][15]  
    core_inst/gen_l3[12].neuron_l3_mult[4][15]  
    core_inst/gen_l3[12].neuron_l3_mult[3][15]  
    core_inst/gen_l3[12].neuron_l3_mult[2][15]  
    core_inst/gen_l3[12].neuron_l3_mult[1][15]  
    core_inst/gen_l3[12].neuron_l3_mult[0][15]  
    core_inst/gen_l3[11].neuron_l3_sum_with_bias[0]  
    core_inst/gen_l3[11].neuron_l3_sum_with_bias[1]  
    core_inst/gen_l3[11].neuron_l3_sum_with_bias[2]  
    core_inst/gen_l3[11].neuron_l3_sum_with_bias[3]  
    core_inst/gen_l3[11].neuron_l3_sum_with_bias[4]  
    core_inst/gen_l3[11].neuron_l3_sum_with_bias[19]  
    core_inst/gen_l3[11].neuron_l3_sum_with_bias[20]  
    core_inst/gen_l3[11].neuron_l3_sum_with_bias[21]  
    core_inst/gen_l3[11].neuron_l3_sum_with_bias[22]  
    core_inst/gen_l3[11].neuron_l3_sum_with_bias[23]  
    core_inst/gen_l3[11].neuron_l3_sum_with_bias[24]  
    core_inst/gen_l3[11].neuron_l3_sum_with_bias[25]  
    core_inst/gen_l3[11].neuron_l3_sum_with_bias[26]  
    core_inst/gen_l3[11].neuron_l3_sum_with_bias[27]  
    core_inst/gen_l3[11].neuron_l3_sum_with_bias[28]  
    core_inst/gen_l3[11].neuron_l3_sum_with_bias[29]  
    core_inst/gen_l3[11].neuron_l3_sum_with_bias[30]  
    core_inst/gen_l3[11].neuron_l3_add_lvl3_1[18]  
    core_inst/gen_l3[11].neuron_l3_add_lvl3_1[19]  
    core_inst/gen_l3[11].neuron_l3_add_lvl3_1[20]  
    core_inst/gen_l3[11].neuron_l3_add_lvl3_1[21]  
    core_inst/gen_l3[11].neuron_l3_add_lvl3_1[22]  
    core_inst/gen_l3[11].neuron_l3_add_lvl3_1[23]  
    core_inst/gen_l3[11].neuron_l3_add_lvl3_1[24]  
    core_inst/gen_l3[11].neuron_l3_add_lvl3_1[25]  
    core_inst/gen_l3[11].neuron_l3_add_lvl3_1[26]  
    core_inst/gen_l3[11].neuron_l3_add_lvl3_1[27]  
    core_inst/gen_l3[11].neuron_l3_add_lvl3_1[28]  
    core_inst/gen_l3[11].neuron_l3_add_lvl3_1[29]  
    core_inst/gen_l3[11].neuron_l3_add_lvl3_1[30]  
    core_inst/gen_l3[11].neuron_l3_add_lvl3_1[31]  
    core_inst/gen_l3[11].neuron_l3_add_lvl3_0[18]  
    core_inst/gen_l3[11].neuron_l3_add_lvl3_0[19]  
    core_inst/gen_l3[11].neuron_l3_add_lvl3_0[20]  
    core_inst/gen_l3[11].neuron_l3_add_lvl3_0[21]  
    core_inst/gen_l3[11].neuron_l3_add_lvl3_0[22]  
    core_inst/gen_l3[11].neuron_l3_add_lvl3_0[23]  
    core_inst/gen_l3[11].neuron_l3_add_lvl3_0[24]  
    core_inst/gen_l3[11].neuron_l3_add_lvl3_0[25]  
    core_inst/gen_l3[11].neuron_l3_add_lvl3_0[26]  
    core_inst/gen_l3[11].neuron_l3_add_lvl3_0[27]  
    core_inst/gen_l3[11].neuron_l3_add_lvl3_0[28]  
    core_inst/gen_l3[11].neuron_l3_add_lvl3_0[29]  
    core_inst/gen_l3[11].neuron_l3_add_lvl3_0[30]  
    core_inst/gen_l3[11].neuron_l3_add_lvl3_0[31]  
    core_inst/gen_l3[11].neuron_l3_add_lvl2[3][17]  
    core_inst/gen_l3[11].neuron_l3_add_lvl2[3][18]  
    core_inst/gen_l3[11].neuron_l3_add_lvl2[3][19]  
    core_inst/gen_l3[11].neuron_l3_add_lvl2[3][20]  
    core_inst/gen_l3[11].neuron_l3_add_lvl2[3][21]  
    core_inst/gen_l3[11].neuron_l3_add_lvl2[3][22]  
    core_inst/gen_l3[11].neuron_l3_add_lvl2[3][23]  
    core_inst/gen_l3[11].neuron_l3_add_lvl2[3][24]  
    core_inst/gen_l3[11].neuron_l3_add_lvl2[3][25]  
    core_inst/gen_l3[11].neuron_l3_add_lvl2[3][26]  
    core_inst/gen_l3[11].neuron_l3_add_lvl2[3][27]  
    core_inst/gen_l3[11].neuron_l3_add_lvl2[3][28]  
    core_inst/gen_l3[11].neuron_l3_add_lvl2[3][29]  
    core_inst/gen_l3[11].neuron_l3_add_lvl2[3][30]  
    core_inst/gen_l3[11].neuron_l3_add_lvl2[3][31]  
    core_inst/gen_l3[11].neuron_l3_add_lvl2[2][17]  
    core_inst/gen_l3[11].neuron_l3_add_lvl2[2][18]  
    core_inst/gen_l3[11].neuron_l3_add_lvl2[2][19]  
    core_inst/gen_l3[11].neuron_l3_add_lvl2[2][20]  
    core_inst/gen_l3[11].neuron_l3_add_lvl2[2][21]  
    core_inst/gen_l3[11].neuron_l3_add_lvl2[2][22]  
    core_inst/gen_l3[11].neuron_l3_add_lvl2[2][23]  
    core_inst/gen_l3[11].neuron_l3_add_lvl2[2][24]  
    core_inst/gen_l3[11].neuron_l3_add_lvl2[2][25]  
    core_inst/gen_l3[11].neuron_l3_add_lvl2[2][26]  
    core_inst/gen_l3[11].neuron_l3_add_lvl2[2][27]  
    core_inst/gen_l3[11].neuron_l3_add_lvl2[2][28]  
    core_inst/gen_l3[11].neuron_l3_add_lvl2[2][29]  
    core_inst/gen_l3[11].neuron_l3_add_lvl2[2][30]  
    core_inst/gen_l3[11].neuron_l3_add_lvl2[2][31]  
    core_inst/gen_l3[11].neuron_l3_add_lvl2[1][17]  
    core_inst/gen_l3[11].neuron_l3_add_lvl2[1][18]  
    core_inst/gen_l3[11].neuron_l3_add_lvl2[1][19]  
    core_inst/gen_l3[11].neuron_l3_add_lvl2[1][20]  
    core_inst/gen_l3[11].neuron_l3_add_lvl2[1][21]  
    core_inst/gen_l3[11].neuron_l3_add_lvl2[1][22]  
    core_inst/gen_l3[11].neuron_l3_add_lvl2[1][23]  
    core_inst/gen_l3[11].neuron_l3_add_lvl2[1][24]  
    core_inst/gen_l3[11].neuron_l3_add_lvl2[1][25]  
    core_inst/gen_l3[11].neuron_l3_add_lvl2[1][26]  
    core_inst/gen_l3[11].neuron_l3_add_lvl2[1][27]  
    core_inst/gen_l3[11].neuron_l3_add_lvl2[1][28]  
    core_inst/gen_l3[11].neuron_l3_add_lvl2[1][29]  
    core_inst/gen_l3[11].neuron_l3_add_lvl2[1][30]  
    core_inst/gen_l3[11].neuron_l3_add_lvl2[1][31]  
    core_inst/gen_l3[11].neuron_l3_add_lvl2[0][17]  
    core_inst/gen_l3[11].neuron_l3_add_lvl2[0][18]  
    core_inst/gen_l3[11].neuron_l3_add_lvl2[0][19]  
    core_inst/gen_l3[11].neuron_l3_add_lvl2[0][20]  
    core_inst/gen_l3[11].neuron_l3_add_lvl2[0][21]  
    core_inst/gen_l3[11].neuron_l3_add_lvl2[0][22]  
    core_inst/gen_l3[11].neuron_l3_add_lvl2[0][23]  
    core_inst/gen_l3[11].neuron_l3_add_lvl2[0][24]  
    core_inst/gen_l3[11].neuron_l3_add_lvl2[0][25]  
    core_inst/gen_l3[11].neuron_l3_add_lvl2[0][26]  
    core_inst/gen_l3[11].neuron_l3_add_lvl2[0][27]  
    core_inst/gen_l3[11].neuron_l3_add_lvl2[0][28]  
    core_inst/gen_l3[11].neuron_l3_add_lvl2[0][29]  
    core_inst/gen_l3[11].neuron_l3_add_lvl2[0][30]  
    core_inst/gen_l3[11].neuron_l3_add_lvl2[0][31]  
    core_inst/gen_l3[11].neuron_l3_add_lvl1[7][16]  
    core_inst/gen_l3[11].neuron_l3_add_lvl1[7][17]  
    core_inst/gen_l3[11].neuron_l3_add_lvl1[7][18]  
    core_inst/gen_l3[11].neuron_l3_add_lvl1[7][19]  
    core_inst/gen_l3[11].neuron_l3_add_lvl1[7][20]  
    core_inst/gen_l3[11].neuron_l3_add_lvl1[7][21]  
    core_inst/gen_l3[11].neuron_l3_add_lvl1[7][22]  
    core_inst/gen_l3[11].neuron_l3_add_lvl1[7][23]  
    core_inst/gen_l3[11].neuron_l3_add_lvl1[7][24]  
    core_inst/gen_l3[11].neuron_l3_add_lvl1[7][25]  
    core_inst/gen_l3[11].neuron_l3_add_lvl1[7][26]  
    core_inst/gen_l3[11].neuron_l3_add_lvl1[7][27]  
    core_inst/gen_l3[11].neuron_l3_add_lvl1[7][28]  
    core_inst/gen_l3[11].neuron_l3_add_lvl1[7][29]  
    core_inst/gen_l3[11].neuron_l3_add_lvl1[7][30]  
    core_inst/gen_l3[11].neuron_l3_add_lvl1[7][31]  
    core_inst/gen_l3[11].neuron_l3_add_lvl1[6][16]  
    core_inst/gen_l3[11].neuron_l3_add_lvl1[6][17]  
    core_inst/gen_l3[11].neuron_l3_add_lvl1[6][18]  
    core_inst/gen_l3[11].neuron_l3_add_lvl1[6][19]  
    core_inst/gen_l3[11].neuron_l3_add_lvl1[6][20]  
    core_inst/gen_l3[11].neuron_l3_add_lvl1[6][21]  
    core_inst/gen_l3[11].neuron_l3_add_lvl1[6][22]  
    core_inst/gen_l3[11].neuron_l3_add_lvl1[6][23]  
    core_inst/gen_l3[11].neuron_l3_add_lvl1[6][24]  
    core_inst/gen_l3[11].neuron_l3_add_lvl1[6][25]  
    core_inst/gen_l3[11].neuron_l3_add_lvl1[6][26]  
    core_inst/gen_l3[11].neuron_l3_add_lvl1[6][27]  
    core_inst/gen_l3[11].neuron_l3_add_lvl1[6][28]  
    core_inst/gen_l3[11].neuron_l3_add_lvl1[6][29]  
    core_inst/gen_l3[11].neuron_l3_add_lvl1[6][30]  
    core_inst/gen_l3[11].neuron_l3_add_lvl1[6][31]  
    core_inst/gen_l3[11].neuron_l3_add_lvl1[5][16]  
    core_inst/gen_l3[11].neuron_l3_add_lvl1[5][17]  
    core_inst/gen_l3[11].neuron_l3_add_lvl1[5][18]  
    core_inst/gen_l3[11].neuron_l3_add_lvl1[5][19]  
    core_inst/gen_l3[11].neuron_l3_add_lvl1[5][20]  
    core_inst/gen_l3[11].neuron_l3_add_lvl1[5][21]  
    core_inst/gen_l3[11].neuron_l3_add_lvl1[5][22]  
    core_inst/gen_l3[11].neuron_l3_add_lvl1[5][23]  
    core_inst/gen_l3[11].neuron_l3_add_lvl1[5][24]  
    core_inst/gen_l3[11].neuron_l3_add_lvl1[5][25]  
    core_inst/gen_l3[11].neuron_l3_add_lvl1[5][26]  
    core_inst/gen_l3[11].neuron_l3_add_lvl1[5][27]  
    core_inst/gen_l3[11].neuron_l3_add_lvl1[5][28]  
    core_inst/gen_l3[11].neuron_l3_add_lvl1[5][29]  
    core_inst/gen_l3[11].neuron_l3_add_lvl1[5][30]  
    core_inst/gen_l3[11].neuron_l3_add_lvl1[5][31]  
    core_inst/gen_l3[11].neuron_l3_add_lvl1[4][16]  
    core_inst/gen_l3[11].neuron_l3_add_lvl1[4][17]  
    core_inst/gen_l3[11].neuron_l3_add_lvl1[4][18]  
    core_inst/gen_l3[11].neuron_l3_add_lvl1[4][19]  
    core_inst/gen_l3[11].neuron_l3_add_lvl1[4][20]  
    core_inst/gen_l3[11].neuron_l3_add_lvl1[4][21]  
    core_inst/gen_l3[11].neuron_l3_add_lvl1[4][22]  
    core_inst/gen_l3[11].neuron_l3_add_lvl1[4][23]  
    core_inst/gen_l3[11].neuron_l3_add_lvl1[4][24]  
    core_inst/gen_l3[11].neuron_l3_add_lvl1[4][25]  
    core_inst/gen_l3[11].neuron_l3_add_lvl1[4][26]  
    core_inst/gen_l3[11].neuron_l3_add_lvl1[4][27]  
    core_inst/gen_l3[11].neuron_l3_add_lvl1[4][28]  
    core_inst/gen_l3[11].neuron_l3_add_lvl1[4][29]  
    core_inst/gen_l3[11].neuron_l3_add_lvl1[4][30]  
    core_inst/gen_l3[11].neuron_l3_add_lvl1[4][31]  
    core_inst/gen_l3[11].neuron_l3_add_lvl1[3][16]  
    core_inst/gen_l3[11].neuron_l3_add_lvl1[3][17]  
    core_inst/gen_l3[11].neuron_l3_add_lvl1[3][18]  
    core_inst/gen_l3[11].neuron_l3_add_lvl1[3][19]  
    core_inst/gen_l3[11].neuron_l3_add_lvl1[3][20]  
    core_inst/gen_l3[11].neuron_l3_add_lvl1[3][21]  
    core_inst/gen_l3[11].neuron_l3_add_lvl1[3][22]  
    core_inst/gen_l3[11].neuron_l3_add_lvl1[3][23]  
    core_inst/gen_l3[11].neuron_l3_add_lvl1[3][24]  
    core_inst/gen_l3[11].neuron_l3_add_lvl1[3][25]  
    core_inst/gen_l3[11].neuron_l3_add_lvl1[3][26]  
    core_inst/gen_l3[11].neuron_l3_add_lvl1[3][27]  
    core_inst/gen_l3[11].neuron_l3_add_lvl1[3][28]  
    core_inst/gen_l3[11].neuron_l3_add_lvl1[3][29]  
    core_inst/gen_l3[11].neuron_l3_add_lvl1[3][30]  
    core_inst/gen_l3[11].neuron_l3_add_lvl1[3][31]  
    core_inst/gen_l3[11].neuron_l3_add_lvl1[2][16]  
    core_inst/gen_l3[11].neuron_l3_add_lvl1[2][17]  
    core_inst/gen_l3[11].neuron_l3_add_lvl1[2][18]  
    core_inst/gen_l3[11].neuron_l3_add_lvl1[2][19]  
    core_inst/gen_l3[11].neuron_l3_add_lvl1[2][20]  
    core_inst/gen_l3[11].neuron_l3_add_lvl1[2][21]  
    core_inst/gen_l3[11].neuron_l3_add_lvl1[2][22]  
    core_inst/gen_l3[11].neuron_l3_add_lvl1[2][23]  
    core_inst/gen_l3[11].neuron_l3_add_lvl1[2][24]  
    core_inst/gen_l3[11].neuron_l3_add_lvl1[2][25]  
    core_inst/gen_l3[11].neuron_l3_add_lvl1[2][26]  
    core_inst/gen_l3[11].neuron_l3_add_lvl1[2][27]  
    core_inst/gen_l3[11].neuron_l3_add_lvl1[2][28]  
    core_inst/gen_l3[11].neuron_l3_add_lvl1[2][29]  
    core_inst/gen_l3[11].neuron_l3_add_lvl1[2][30]  
    core_inst/gen_l3[11].neuron_l3_add_lvl1[2][31]  
    core_inst/gen_l3[11].neuron_l3_add_lvl1[1][16]  
    core_inst/gen_l3[11].neuron_l3_add_lvl1[1][17]  
    core_inst/gen_l3[11].neuron_l3_add_lvl1[1][18]  
    core_inst/gen_l3[11].neuron_l3_add_lvl1[1][19]  
    core_inst/gen_l3[11].neuron_l3_add_lvl1[1][20]  
    core_inst/gen_l3[11].neuron_l3_add_lvl1[1][21]  
    core_inst/gen_l3[11].neuron_l3_add_lvl1[1][22]  
    core_inst/gen_l3[11].neuron_l3_add_lvl1[1][23]  
    core_inst/gen_l3[11].neuron_l3_add_lvl1[1][24]  
    core_inst/gen_l3[11].neuron_l3_add_lvl1[1][25]  
    core_inst/gen_l3[11].neuron_l3_add_lvl1[1][26]  
    core_inst/gen_l3[11].neuron_l3_add_lvl1[1][27]  
    core_inst/gen_l3[11].neuron_l3_add_lvl1[1][28]  
    core_inst/gen_l3[11].neuron_l3_add_lvl1[1][29]  
    core_inst/gen_l3[11].neuron_l3_add_lvl1[1][30]  
    core_inst/gen_l3[11].neuron_l3_add_lvl1[1][31]  
    core_inst/gen_l3[11].neuron_l3_add_lvl1[0][16]  
    core_inst/gen_l3[11].neuron_l3_add_lvl1[0][17]  
    core_inst/gen_l3[11].neuron_l3_add_lvl1[0][18]  
    core_inst/gen_l3[11].neuron_l3_add_lvl1[0][19]  
    core_inst/gen_l3[11].neuron_l3_add_lvl1[0][20]  
    core_inst/gen_l3[11].neuron_l3_add_lvl1[0][21]  
    core_inst/gen_l3[11].neuron_l3_add_lvl1[0][22]  
    core_inst/gen_l3[11].neuron_l3_add_lvl1[0][23]  
    core_inst/gen_l3[11].neuron_l3_add_lvl1[0][24]  
    core_inst/gen_l3[11].neuron_l3_add_lvl1[0][25]  
    core_inst/gen_l3[11].neuron_l3_add_lvl1[0][26]  
    core_inst/gen_l3[11].neuron_l3_add_lvl1[0][27]  
    core_inst/gen_l3[11].neuron_l3_add_lvl1[0][28]  
    core_inst/gen_l3[11].neuron_l3_add_lvl1[0][29]  
    core_inst/gen_l3[11].neuron_l3_add_lvl1[0][30]  
    core_inst/gen_l3[11].neuron_l3_add_lvl1[0][31]  
    core_inst/gen_l3[11].neuron_l3_mult[15][15]  
    core_inst/gen_l3[11].neuron_l3_mult[14][15]  
    core_inst/gen_l3[11].neuron_l3_mult[13][15]  
    core_inst/gen_l3[11].neuron_l3_mult[12][15]  
    core_inst/gen_l3[11].neuron_l3_mult[11][15]  
    core_inst/gen_l3[11].neuron_l3_mult[10][15]  
    core_inst/gen_l3[11].neuron_l3_mult[9][15]  
    core_inst/gen_l3[11].neuron_l3_mult[8][15]  
    core_inst/gen_l3[11].neuron_l3_mult[7][15]  
    core_inst/gen_l3[11].neuron_l3_mult[6][15]  
    core_inst/gen_l3[11].neuron_l3_mult[5][15]  
    core_inst/gen_l3[11].neuron_l3_mult[4][15]  
    core_inst/gen_l3[11].neuron_l3_mult[3][15]  
    core_inst/gen_l3[11].neuron_l3_mult[2][15]  
    core_inst/gen_l3[11].neuron_l3_mult[1][15]  
    core_inst/gen_l3[11].neuron_l3_mult[0][15]  
    core_inst/gen_l3[10].neuron_l3_sum_with_bias[0]  
    core_inst/gen_l3[10].neuron_l3_sum_with_bias[1]  
    core_inst/gen_l3[10].neuron_l3_sum_with_bias[2]  
    core_inst/gen_l3[10].neuron_l3_sum_with_bias[3]  
    core_inst/gen_l3[10].neuron_l3_sum_with_bias[4]  
    core_inst/gen_l3[10].neuron_l3_sum_with_bias[19]  
    core_inst/gen_l3[10].neuron_l3_sum_with_bias[20]  
    core_inst/gen_l3[10].neuron_l3_sum_with_bias[21]  
    core_inst/gen_l3[10].neuron_l3_sum_with_bias[22]  
    core_inst/gen_l3[10].neuron_l3_sum_with_bias[23]  
    core_inst/gen_l3[10].neuron_l3_sum_with_bias[24]  
    core_inst/gen_l3[10].neuron_l3_sum_with_bias[25]  
    core_inst/gen_l3[10].neuron_l3_sum_with_bias[26]  
    core_inst/gen_l3[10].neuron_l3_sum_with_bias[27]  
    core_inst/gen_l3[10].neuron_l3_sum_with_bias[28]  
    core_inst/gen_l3[10].neuron_l3_sum_with_bias[29]  
    core_inst/gen_l3[10].neuron_l3_sum_with_bias[30]  
    core_inst/gen_l3[10].neuron_l3_add_lvl3_1[18]  
    core_inst/gen_l3[10].neuron_l3_add_lvl3_1[19]  
    core_inst/gen_l3[10].neuron_l3_add_lvl3_1[20]  
    core_inst/gen_l3[10].neuron_l3_add_lvl3_1[21]  
    core_inst/gen_l3[10].neuron_l3_add_lvl3_1[22]  
    core_inst/gen_l3[10].neuron_l3_add_lvl3_1[23]  
    core_inst/gen_l3[10].neuron_l3_add_lvl3_1[24]  
    core_inst/gen_l3[10].neuron_l3_add_lvl3_1[25]  
    core_inst/gen_l3[10].neuron_l3_add_lvl3_1[26]  
    core_inst/gen_l3[10].neuron_l3_add_lvl3_1[27]  
    core_inst/gen_l3[10].neuron_l3_add_lvl3_1[28]  
    core_inst/gen_l3[10].neuron_l3_add_lvl3_1[29]  
    core_inst/gen_l3[10].neuron_l3_add_lvl3_1[30]  
    core_inst/gen_l3[10].neuron_l3_add_lvl3_1[31]  
    core_inst/gen_l3[10].neuron_l3_add_lvl3_0[18]  
    core_inst/gen_l3[10].neuron_l3_add_lvl3_0[19]  
    core_inst/gen_l3[10].neuron_l3_add_lvl3_0[20]  
    core_inst/gen_l3[10].neuron_l3_add_lvl3_0[21]  
    core_inst/gen_l3[10].neuron_l3_add_lvl3_0[22]  
    core_inst/gen_l3[10].neuron_l3_add_lvl3_0[23]  
    core_inst/gen_l3[10].neuron_l3_add_lvl3_0[24]  
    core_inst/gen_l3[10].neuron_l3_add_lvl3_0[25]  
    core_inst/gen_l3[10].neuron_l3_add_lvl3_0[26]  
    core_inst/gen_l3[10].neuron_l3_add_lvl3_0[27]  
    core_inst/gen_l3[10].neuron_l3_add_lvl3_0[28]  
    core_inst/gen_l3[10].neuron_l3_add_lvl3_0[29]  
    core_inst/gen_l3[10].neuron_l3_add_lvl3_0[30]  
    core_inst/gen_l3[10].neuron_l3_add_lvl3_0[31]  
    core_inst/gen_l3[10].neuron_l3_add_lvl2[3][17]  
    core_inst/gen_l3[10].neuron_l3_add_lvl2[3][18]  
    core_inst/gen_l3[10].neuron_l3_add_lvl2[3][19]  
    core_inst/gen_l3[10].neuron_l3_add_lvl2[3][20]  
    core_inst/gen_l3[10].neuron_l3_add_lvl2[3][21]  
    core_inst/gen_l3[10].neuron_l3_add_lvl2[3][22]  
    core_inst/gen_l3[10].neuron_l3_add_lvl2[3][23]  
    core_inst/gen_l3[10].neuron_l3_add_lvl2[3][24]  
    core_inst/gen_l3[10].neuron_l3_add_lvl2[3][25]  
    core_inst/gen_l3[10].neuron_l3_add_lvl2[3][26]  
    core_inst/gen_l3[10].neuron_l3_add_lvl2[3][27]  
    core_inst/gen_l3[10].neuron_l3_add_lvl2[3][28]  
    core_inst/gen_l3[10].neuron_l3_add_lvl2[3][29]  
    core_inst/gen_l3[10].neuron_l3_add_lvl2[3][30]  
    core_inst/gen_l3[10].neuron_l3_add_lvl2[3][31]  
    core_inst/gen_l3[10].neuron_l3_add_lvl2[2][17]  
    core_inst/gen_l3[10].neuron_l3_add_lvl2[2][18]  
    core_inst/gen_l3[10].neuron_l3_add_lvl2[2][19]  
    core_inst/gen_l3[10].neuron_l3_add_lvl2[2][20]  
    core_inst/gen_l3[10].neuron_l3_add_lvl2[2][21]  
    core_inst/gen_l3[10].neuron_l3_add_lvl2[2][22]  
    core_inst/gen_l3[10].neuron_l3_add_lvl2[2][23]  
    core_inst/gen_l3[10].neuron_l3_add_lvl2[2][24]  
    core_inst/gen_l3[10].neuron_l3_add_lvl2[2][25]  
    core_inst/gen_l3[10].neuron_l3_add_lvl2[2][26]  
    core_inst/gen_l3[10].neuron_l3_add_lvl2[2][27]  
    core_inst/gen_l3[10].neuron_l3_add_lvl2[2][28]  
    core_inst/gen_l3[10].neuron_l3_add_lvl2[2][29]  
    core_inst/gen_l3[10].neuron_l3_add_lvl2[2][30]  
    core_inst/gen_l3[10].neuron_l3_add_lvl2[2][31]  
    core_inst/gen_l3[10].neuron_l3_add_lvl2[1][17]  
    core_inst/gen_l3[10].neuron_l3_add_lvl2[1][18]  
    core_inst/gen_l3[10].neuron_l3_add_lvl2[1][19]  
    core_inst/gen_l3[10].neuron_l3_add_lvl2[1][20]  
    core_inst/gen_l3[10].neuron_l3_add_lvl2[1][21]  
    core_inst/gen_l3[10].neuron_l3_add_lvl2[1][22]  
    core_inst/gen_l3[10].neuron_l3_add_lvl2[1][23]  
    core_inst/gen_l3[10].neuron_l3_add_lvl2[1][24]  
    core_inst/gen_l3[10].neuron_l3_add_lvl2[1][25]  
    core_inst/gen_l3[10].neuron_l3_add_lvl2[1][26]  
    core_inst/gen_l3[10].neuron_l3_add_lvl2[1][27]  
    core_inst/gen_l3[10].neuron_l3_add_lvl2[1][28]  
    core_inst/gen_l3[10].neuron_l3_add_lvl2[1][29]  
    core_inst/gen_l3[10].neuron_l3_add_lvl2[1][30]  
    core_inst/gen_l3[10].neuron_l3_add_lvl2[1][31]  
    core_inst/gen_l3[10].neuron_l3_add_lvl2[0][17]  
    core_inst/gen_l3[10].neuron_l3_add_lvl2[0][18]  
    core_inst/gen_l3[10].neuron_l3_add_lvl2[0][19]  
    core_inst/gen_l3[10].neuron_l3_add_lvl2[0][20]  
    core_inst/gen_l3[10].neuron_l3_add_lvl2[0][21]  
    core_inst/gen_l3[10].neuron_l3_add_lvl2[0][22]  
    core_inst/gen_l3[10].neuron_l3_add_lvl2[0][23]  
    core_inst/gen_l3[10].neuron_l3_add_lvl2[0][24]  
    core_inst/gen_l3[10].neuron_l3_add_lvl2[0][25]  
    core_inst/gen_l3[10].neuron_l3_add_lvl2[0][26]  
    core_inst/gen_l3[10].neuron_l3_add_lvl2[0][27]  
    core_inst/gen_l3[10].neuron_l3_add_lvl2[0][28]  
    core_inst/gen_l3[10].neuron_l3_add_lvl2[0][29]  
    core_inst/gen_l3[10].neuron_l3_add_lvl2[0][30]  
    core_inst/gen_l3[10].neuron_l3_add_lvl2[0][31]  
    core_inst/gen_l3[10].neuron_l3_add_lvl1[7][16]  
    core_inst/gen_l3[10].neuron_l3_add_lvl1[7][17]  
    core_inst/gen_l3[10].neuron_l3_add_lvl1[7][18]  
    core_inst/gen_l3[10].neuron_l3_add_lvl1[7][19]  
    core_inst/gen_l3[10].neuron_l3_add_lvl1[7][20]  
    core_inst/gen_l3[10].neuron_l3_add_lvl1[7][21]  
    core_inst/gen_l3[10].neuron_l3_add_lvl1[7][22]  
    core_inst/gen_l3[10].neuron_l3_add_lvl1[7][23]  
    core_inst/gen_l3[10].neuron_l3_add_lvl1[7][24]  
    core_inst/gen_l3[10].neuron_l3_add_lvl1[7][25]  
    core_inst/gen_l3[10].neuron_l3_add_lvl1[7][26]  
    core_inst/gen_l3[10].neuron_l3_add_lvl1[7][27]  
    core_inst/gen_l3[10].neuron_l3_add_lvl1[7][28]  
    core_inst/gen_l3[10].neuron_l3_add_lvl1[7][29]  
    core_inst/gen_l3[10].neuron_l3_add_lvl1[7][30]  
    core_inst/gen_l3[10].neuron_l3_add_lvl1[7][31]  
    core_inst/gen_l3[10].neuron_l3_add_lvl1[6][16]  
    core_inst/gen_l3[10].neuron_l3_add_lvl1[6][17]  
    core_inst/gen_l3[10].neuron_l3_add_lvl1[6][18]  
    core_inst/gen_l3[10].neuron_l3_add_lvl1[6][19]  
    core_inst/gen_l3[10].neuron_l3_add_lvl1[6][20]  
    core_inst/gen_l3[10].neuron_l3_add_lvl1[6][21]  
    core_inst/gen_l3[10].neuron_l3_add_lvl1[6][22]  
    core_inst/gen_l3[10].neuron_l3_add_lvl1[6][23]  
    core_inst/gen_l3[10].neuron_l3_add_lvl1[6][24]  
    core_inst/gen_l3[10].neuron_l3_add_lvl1[6][25]  
    core_inst/gen_l3[10].neuron_l3_add_lvl1[6][26]  
    core_inst/gen_l3[10].neuron_l3_add_lvl1[6][27]  
    core_inst/gen_l3[10].neuron_l3_add_lvl1[6][28]  
    core_inst/gen_l3[10].neuron_l3_add_lvl1[6][29]  
    core_inst/gen_l3[10].neuron_l3_add_lvl1[6][30]  
    core_inst/gen_l3[10].neuron_l3_add_lvl1[6][31]  
    core_inst/gen_l3[10].neuron_l3_add_lvl1[5][16]  
    core_inst/gen_l3[10].neuron_l3_add_lvl1[5][17]  
    core_inst/gen_l3[10].neuron_l3_add_lvl1[5][18]  
    core_inst/gen_l3[10].neuron_l3_add_lvl1[5][19]  
    core_inst/gen_l3[10].neuron_l3_add_lvl1[5][20]  
    core_inst/gen_l3[10].neuron_l3_add_lvl1[5][21]  
    core_inst/gen_l3[10].neuron_l3_add_lvl1[5][22]  
    core_inst/gen_l3[10].neuron_l3_add_lvl1[5][23]  
    core_inst/gen_l3[10].neuron_l3_add_lvl1[5][24]  
    core_inst/gen_l3[10].neuron_l3_add_lvl1[5][25]  
    core_inst/gen_l3[10].neuron_l3_add_lvl1[5][26]  
    core_inst/gen_l3[10].neuron_l3_add_lvl1[5][27]  
    core_inst/gen_l3[10].neuron_l3_add_lvl1[5][28]  
    core_inst/gen_l3[10].neuron_l3_add_lvl1[5][29]  
    core_inst/gen_l3[10].neuron_l3_add_lvl1[5][30]  
    core_inst/gen_l3[10].neuron_l3_add_lvl1[5][31]  
    core_inst/gen_l3[10].neuron_l3_add_lvl1[4][16]  
    core_inst/gen_l3[10].neuron_l3_add_lvl1[4][17]  
    core_inst/gen_l3[10].neuron_l3_add_lvl1[4][18]  
    core_inst/gen_l3[10].neuron_l3_add_lvl1[4][19]  
    core_inst/gen_l3[10].neuron_l3_add_lvl1[4][20]  
    core_inst/gen_l3[10].neuron_l3_add_lvl1[4][21]  
    core_inst/gen_l3[10].neuron_l3_add_lvl1[4][22]  
    core_inst/gen_l3[10].neuron_l3_add_lvl1[4][23]  
    core_inst/gen_l3[10].neuron_l3_add_lvl1[4][24]  
    core_inst/gen_l3[10].neuron_l3_add_lvl1[4][25]  
    core_inst/gen_l3[10].neuron_l3_add_lvl1[4][26]  
    core_inst/gen_l3[10].neuron_l3_add_lvl1[4][27]  
    core_inst/gen_l3[10].neuron_l3_add_lvl1[4][28]  
    core_inst/gen_l3[10].neuron_l3_add_lvl1[4][29]  
    core_inst/gen_l3[10].neuron_l3_add_lvl1[4][30]  
    core_inst/gen_l3[10].neuron_l3_add_lvl1[4][31]  
    core_inst/gen_l3[10].neuron_l3_add_lvl1[3][16]  
    core_inst/gen_l3[10].neuron_l3_add_lvl1[3][17]  
    core_inst/gen_l3[10].neuron_l3_add_lvl1[3][18]  
    core_inst/gen_l3[10].neuron_l3_add_lvl1[3][19]  
    core_inst/gen_l3[10].neuron_l3_add_lvl1[3][20]  
    core_inst/gen_l3[10].neuron_l3_add_lvl1[3][21]  
    core_inst/gen_l3[10].neuron_l3_add_lvl1[3][22]  
    core_inst/gen_l3[10].neuron_l3_add_lvl1[3][23]  
    core_inst/gen_l3[10].neuron_l3_add_lvl1[3][24]  
    core_inst/gen_l3[10].neuron_l3_add_lvl1[3][25]  
    core_inst/gen_l3[10].neuron_l3_add_lvl1[3][26]  
    core_inst/gen_l3[10].neuron_l3_add_lvl1[3][27]  
    core_inst/gen_l3[10].neuron_l3_add_lvl1[3][28]  
    core_inst/gen_l3[10].neuron_l3_add_lvl1[3][29]  
    core_inst/gen_l3[10].neuron_l3_add_lvl1[3][30]  
    core_inst/gen_l3[10].neuron_l3_add_lvl1[3][31]  
    core_inst/gen_l3[10].neuron_l3_add_lvl1[2][16]  
    core_inst/gen_l3[10].neuron_l3_add_lvl1[2][17]  
    core_inst/gen_l3[10].neuron_l3_add_lvl1[2][18]  
    core_inst/gen_l3[10].neuron_l3_add_lvl1[2][19]  
    core_inst/gen_l3[10].neuron_l3_add_lvl1[2][20]  
    core_inst/gen_l3[10].neuron_l3_add_lvl1[2][21]  
    core_inst/gen_l3[10].neuron_l3_add_lvl1[2][22]  
    core_inst/gen_l3[10].neuron_l3_add_lvl1[2][23]  
    core_inst/gen_l3[10].neuron_l3_add_lvl1[2][24]  
    core_inst/gen_l3[10].neuron_l3_add_lvl1[2][25]  
    core_inst/gen_l3[10].neuron_l3_add_lvl1[2][26]  
    core_inst/gen_l3[10].neuron_l3_add_lvl1[2][27]  
    core_inst/gen_l3[10].neuron_l3_add_lvl1[2][28]  
    core_inst/gen_l3[10].neuron_l3_add_lvl1[2][29]  
    core_inst/gen_l3[10].neuron_l3_add_lvl1[2][30]  
    core_inst/gen_l3[10].neuron_l3_add_lvl1[2][31]  
    core_inst/gen_l3[10].neuron_l3_add_lvl1[1][16]  
    core_inst/gen_l3[10].neuron_l3_add_lvl1[1][17]  
    core_inst/gen_l3[10].neuron_l3_add_lvl1[1][18]  
    core_inst/gen_l3[10].neuron_l3_add_lvl1[1][19]  
    core_inst/gen_l3[10].neuron_l3_add_lvl1[1][20]  
    core_inst/gen_l3[10].neuron_l3_add_lvl1[1][21]  
    core_inst/gen_l3[10].neuron_l3_add_lvl1[1][22]  
    core_inst/gen_l3[10].neuron_l3_add_lvl1[1][23]  
    core_inst/gen_l3[10].neuron_l3_add_lvl1[1][24]  
    core_inst/gen_l3[10].neuron_l3_add_lvl1[1][25]  
    core_inst/gen_l3[10].neuron_l3_add_lvl1[1][26]  
    core_inst/gen_l3[10].neuron_l3_add_lvl1[1][27]  
    core_inst/gen_l3[10].neuron_l3_add_lvl1[1][28]  
    core_inst/gen_l3[10].neuron_l3_add_lvl1[1][29]  
    core_inst/gen_l3[10].neuron_l3_add_lvl1[1][30]  
    core_inst/gen_l3[10].neuron_l3_add_lvl1[1][31]  
    core_inst/gen_l3[10].neuron_l3_add_lvl1[0][16]  
    core_inst/gen_l3[10].neuron_l3_add_lvl1[0][17]  
    core_inst/gen_l3[10].neuron_l3_add_lvl1[0][18]  
    core_inst/gen_l3[10].neuron_l3_add_lvl1[0][19]  
    core_inst/gen_l3[10].neuron_l3_add_lvl1[0][20]  
    core_inst/gen_l3[10].neuron_l3_add_lvl1[0][21]  
    core_inst/gen_l3[10].neuron_l3_add_lvl1[0][22]  
    core_inst/gen_l3[10].neuron_l3_add_lvl1[0][23]  
    core_inst/gen_l3[10].neuron_l3_add_lvl1[0][24]  
    core_inst/gen_l3[10].neuron_l3_add_lvl1[0][25]  
    core_inst/gen_l3[10].neuron_l3_add_lvl1[0][26]  
    core_inst/gen_l3[10].neuron_l3_add_lvl1[0][27]  
    core_inst/gen_l3[10].neuron_l3_add_lvl1[0][28]  
    core_inst/gen_l3[10].neuron_l3_add_lvl1[0][29]  
    core_inst/gen_l3[10].neuron_l3_add_lvl1[0][30]  
    core_inst/gen_l3[10].neuron_l3_add_lvl1[0][31]  
    core_inst/gen_l3[10].neuron_l3_mult[15][15]  
    core_inst/gen_l3[10].neuron_l3_mult[14][15]  
    core_inst/gen_l3[10].neuron_l3_mult[13][15]  
    core_inst/gen_l3[10].neuron_l3_mult[12][15]  
    core_inst/gen_l3[10].neuron_l3_mult[11][15]  
    core_inst/gen_l3[10].neuron_l3_mult[10][15]  
    core_inst/gen_l3[10].neuron_l3_mult[9][15]  
    core_inst/gen_l3[10].neuron_l3_mult[8][15]  
    core_inst/gen_l3[10].neuron_l3_mult[7][15]  
    core_inst/gen_l3[10].neuron_l3_mult[6][15]  
    core_inst/gen_l3[10].neuron_l3_mult[5][15]  
    core_inst/gen_l3[10].neuron_l3_mult[4][15]  
    core_inst/gen_l3[10].neuron_l3_mult[3][15]  
    core_inst/gen_l3[10].neuron_l3_mult[2][15]  
    core_inst/gen_l3[10].neuron_l3_mult[1][15]  
    core_inst/gen_l3[10].neuron_l3_mult[0][15]  
    core_inst/act_l2[8][3]  
    core_inst/act_l2[8][6]  
    core_inst/act_l2[8][7]  
    core_inst/act_l2[7][3]  
    core_inst/act_l2[7][6]  
    core_inst/act_l2[7][7]  
    core_inst/act_l2[6][3]  
    core_inst/act_l2[6][6]  
    core_inst/act_l2[6][7]  
    core_inst/act_l2[5][3]  
    core_inst/act_l2[5][6]  
    core_inst/act_l2[5][7]  
    core_inst/act_l2[4][3]  
    core_inst/act_l2[4][6]  
    core_inst/act_l2[4][7]  
    core_inst/act_l2[3][3]  
    core_inst/act_l2[3][6]  
    core_inst/act_l2[3][7]  
    core_inst/act_l2[2][3]  
    core_inst/act_l2[2][6]  
    core_inst/act_l2[2][7]  
    core_inst/act_l2[1][3]  
    core_inst/act_l2[1][6]  
    core_inst/act_l2[1][7]  
    core_inst/act_l2[15][3]  
    core_inst/act_l2[15][6]  
    core_inst/act_l2[15][7]  
    core_inst/act_l2[14][3]  
    core_inst/act_l2[14][6]  
    core_inst/act_l2[14][7]  
    core_inst/act_l2[13][3]  
    core_inst/act_l2[13][6]  
    core_inst/act_l2[13][7]  
    core_inst/act_l2[12][3]  
    core_inst/act_l2[12][6]  
    core_inst/act_l2[12][7]  
    core_inst/act_l2[11][3]  
    core_inst/act_l2[11][6]  
    core_inst/act_l2[11][7]  
    core_inst/act_l2[10][3]  
    core_inst/act_l2[10][6]  
    core_inst/act_l2[10][7]  
    core_inst/act_l2[9][3]  
    core_inst/act_l2[9][6]  
    core_inst/act_l2[9][7]  
    core_inst/act_l2[0][3]  
    core_inst/act_l2[0][6]  
    core_inst/act_l2[0][7]  
    core_inst/gen_l3[0].neuron_l3_sum_with_bias[0]  
    core_inst/gen_l3[0].neuron_l3_sum_with_bias[1]  
    core_inst/gen_l3[0].neuron_l3_sum_with_bias[2]  
    core_inst/gen_l3[0].neuron_l3_sum_with_bias[3]  
    core_inst/gen_l3[0].neuron_l3_sum_with_bias[4]  
    core_inst/gen_l3[0].neuron_l3_sum_with_bias[19]  
    core_inst/gen_l3[0].neuron_l3_sum_with_bias[20]  
    core_inst/gen_l3[0].neuron_l3_sum_with_bias[21]  
    core_inst/gen_l3[0].neuron_l3_sum_with_bias[22]  
    core_inst/gen_l3[0].neuron_l3_sum_with_bias[23]  
    core_inst/gen_l3[0].neuron_l3_sum_with_bias[24]  
    core_inst/gen_l3[0].neuron_l3_sum_with_bias[25]  
    core_inst/gen_l3[0].neuron_l3_sum_with_bias[26]  
    core_inst/gen_l3[0].neuron_l3_sum_with_bias[27]  
    core_inst/gen_l3[0].neuron_l3_sum_with_bias[28]  
    core_inst/gen_l3[0].neuron_l3_sum_with_bias[29]  
    core_inst/gen_l3[0].neuron_l3_sum_with_bias[30]  
    core_inst/gen_l3[0].neuron_l3_add_lvl3_1[18]  
    core_inst/gen_l3[0].neuron_l3_add_lvl3_1[19]  
    core_inst/gen_l3[0].neuron_l3_add_lvl3_1[20]  
    core_inst/gen_l3[0].neuron_l3_add_lvl3_1[21]  
    core_inst/gen_l3[0].neuron_l3_add_lvl3_1[22]  
    core_inst/gen_l3[0].neuron_l3_add_lvl3_1[23]  
    core_inst/gen_l3[0].neuron_l3_add_lvl3_1[24]  
    core_inst/gen_l3[0].neuron_l3_add_lvl3_1[25]  
    core_inst/gen_l3[0].neuron_l3_add_lvl3_1[26]  
    core_inst/gen_l3[0].neuron_l3_add_lvl3_1[27]  
    core_inst/gen_l3[0].neuron_l3_add_lvl3_1[28]  
    core_inst/gen_l3[0].neuron_l3_add_lvl3_1[29]  
    core_inst/gen_l3[0].neuron_l3_add_lvl3_1[30]  
    core_inst/gen_l3[0].neuron_l3_add_lvl3_1[31]  
    core_inst/gen_l3[0].neuron_l3_add_lvl3_0[18]  
    core_inst/gen_l3[0].neuron_l3_add_lvl3_0[19]  
    core_inst/gen_l3[0].neuron_l3_add_lvl3_0[20]  
    core_inst/gen_l3[0].neuron_l3_add_lvl3_0[21]  
    core_inst/gen_l3[0].neuron_l3_add_lvl3_0[22]  
    core_inst/gen_l3[0].neuron_l3_add_lvl3_0[23]  
    core_inst/gen_l3[0].neuron_l3_add_lvl3_0[24]  
    core_inst/gen_l3[0].neuron_l3_add_lvl3_0[25]  
    core_inst/gen_l3[0].neuron_l3_add_lvl3_0[26]  
    core_inst/gen_l3[0].neuron_l3_add_lvl3_0[27]  
    core_inst/gen_l3[0].neuron_l3_add_lvl3_0[28]  
    core_inst/gen_l3[0].neuron_l3_add_lvl3_0[29]  
    core_inst/gen_l3[0].neuron_l3_add_lvl3_0[30]  
    core_inst/gen_l3[0].neuron_l3_add_lvl3_0[31]  
    core_inst/gen_l3[0].neuron_l3_add_lvl2[3][17]  
    core_inst/gen_l3[0].neuron_l3_add_lvl2[3][18]  
    core_inst/gen_l3[0].neuron_l3_add_lvl2[3][19]  
    core_inst/gen_l3[0].neuron_l3_add_lvl2[3][20]  
    core_inst/gen_l3[0].neuron_l3_add_lvl2[3][21]  
    core_inst/gen_l3[0].neuron_l3_add_lvl2[3][22]  
    core_inst/gen_l3[0].neuron_l3_add_lvl2[3][23]  
    core_inst/gen_l3[0].neuron_l3_add_lvl2[3][24]  
    core_inst/gen_l3[0].neuron_l3_add_lvl2[3][25]  
    core_inst/gen_l3[0].neuron_l3_add_lvl2[3][26]  
    core_inst/gen_l3[0].neuron_l3_add_lvl2[3][27]  
    core_inst/gen_l3[0].neuron_l3_add_lvl2[3][28]  
    core_inst/gen_l3[0].neuron_l3_add_lvl2[3][29]  
    core_inst/gen_l3[0].neuron_l3_add_lvl2[3][30]  
    core_inst/gen_l3[0].neuron_l3_add_lvl2[3][31]  
    core_inst/gen_l3[0].neuron_l3_add_lvl2[2][17]  
    core_inst/gen_l3[0].neuron_l3_add_lvl2[2][18]  
    core_inst/gen_l3[0].neuron_l3_add_lvl2[2][19]  
    core_inst/gen_l3[0].neuron_l3_add_lvl2[2][20]  
    core_inst/gen_l3[0].neuron_l3_add_lvl2[2][21]  
    core_inst/gen_l3[0].neuron_l3_add_lvl2[2][22]  
    core_inst/gen_l3[0].neuron_l3_add_lvl2[2][23]  
    core_inst/gen_l3[0].neuron_l3_add_lvl2[2][24]  
    core_inst/gen_l3[0].neuron_l3_add_lvl2[2][25]  
    core_inst/gen_l3[0].neuron_l3_add_lvl2[2][26]  
    core_inst/gen_l3[0].neuron_l3_add_lvl2[2][27]  
    core_inst/gen_l3[0].neuron_l3_add_lvl2[2][28]  
    core_inst/gen_l3[0].neuron_l3_add_lvl2[2][29]  
    core_inst/gen_l3[0].neuron_l3_add_lvl2[2][30]  
    core_inst/gen_l3[0].neuron_l3_add_lvl2[2][31]  
    core_inst/gen_l3[0].neuron_l3_add_lvl2[1][17]  
    core_inst/gen_l3[0].neuron_l3_add_lvl2[1][18]  
    core_inst/gen_l3[0].neuron_l3_add_lvl2[1][19]  
    core_inst/gen_l3[0].neuron_l3_add_lvl2[1][20]  
    core_inst/gen_l3[0].neuron_l3_add_lvl2[1][21]  
    core_inst/gen_l3[0].neuron_l3_add_lvl2[1][22]  
    core_inst/gen_l3[0].neuron_l3_add_lvl2[1][23]  
    core_inst/gen_l3[0].neuron_l3_add_lvl2[1][24]  
    core_inst/gen_l3[0].neuron_l3_add_lvl2[1][25]  
    core_inst/gen_l3[0].neuron_l3_add_lvl2[1][26]  
    core_inst/gen_l3[0].neuron_l3_add_lvl2[1][27]  
    core_inst/gen_l3[0].neuron_l3_add_lvl2[1][28]  
    core_inst/gen_l3[0].neuron_l3_add_lvl2[1][29]  
    core_inst/gen_l3[0].neuron_l3_add_lvl2[1][30]  
    core_inst/gen_l3[0].neuron_l3_add_lvl2[1][31]  
    core_inst/gen_l3[0].neuron_l3_add_lvl2[0][17]  
    core_inst/gen_l3[0].neuron_l3_add_lvl2[0][18]  
    core_inst/gen_l3[0].neuron_l3_add_lvl2[0][19]  
    core_inst/gen_l3[0].neuron_l3_add_lvl2[0][20]  
    core_inst/gen_l3[0].neuron_l3_add_lvl2[0][21]  
    core_inst/gen_l3[0].neuron_l3_add_lvl2[0][22]  
    core_inst/gen_l3[0].neuron_l3_add_lvl2[0][23]  
    core_inst/gen_l3[0].neuron_l3_add_lvl2[0][24]  
    core_inst/gen_l3[0].neuron_l3_add_lvl2[0][25]  
    core_inst/gen_l3[0].neuron_l3_add_lvl2[0][26]  
    core_inst/gen_l3[0].neuron_l3_add_lvl2[0][27]  
    core_inst/gen_l3[0].neuron_l3_add_lvl2[0][28]  
    core_inst/gen_l3[0].neuron_l3_add_lvl2[0][29]  
    core_inst/gen_l3[0].neuron_l3_add_lvl2[0][30]  
    core_inst/gen_l3[0].neuron_l3_add_lvl2[0][31]  
    core_inst/gen_l3[0].neuron_l3_add_lvl1[7][16]  
    core_inst/gen_l3[0].neuron_l3_add_lvl1[7][17]  
    core_inst/gen_l3[0].neuron_l3_add_lvl1[7][18]  
    core_inst/gen_l3[0].neuron_l3_add_lvl1[7][19]  
    core_inst/gen_l3[0].neuron_l3_add_lvl1[7][20]  
    core_inst/gen_l3[0].neuron_l3_add_lvl1[7][21]  
    core_inst/gen_l3[0].neuron_l3_add_lvl1[7][22]  
    core_inst/gen_l3[0].neuron_l3_add_lvl1[7][23]  
    core_inst/gen_l3[0].neuron_l3_add_lvl1[7][24]  
    core_inst/gen_l3[0].neuron_l3_add_lvl1[7][25]  
    core_inst/gen_l3[0].neuron_l3_add_lvl1[7][26]  
    core_inst/gen_l3[0].neuron_l3_add_lvl1[7][27]  
    core_inst/gen_l3[0].neuron_l3_add_lvl1[7][28]  
    core_inst/gen_l3[0].neuron_l3_add_lvl1[7][29]  
    core_inst/gen_l3[0].neuron_l3_add_lvl1[7][30]  
    core_inst/gen_l3[0].neuron_l3_add_lvl1[7][31]  
    core_inst/gen_l3[0].neuron_l3_add_lvl1[6][16]  
    core_inst/gen_l3[0].neuron_l3_add_lvl1[6][17]  
    core_inst/gen_l3[0].neuron_l3_add_lvl1[6][18]  
    core_inst/gen_l3[0].neuron_l3_add_lvl1[6][19]  
    core_inst/gen_l3[0].neuron_l3_add_lvl1[6][20]  
    core_inst/gen_l3[0].neuron_l3_add_lvl1[6][21]  
    core_inst/gen_l3[0].neuron_l3_add_lvl1[6][22]  
    core_inst/gen_l3[0].neuron_l3_add_lvl1[6][23]  
    core_inst/gen_l3[0].neuron_l3_add_lvl1[6][24]  
    core_inst/gen_l3[0].neuron_l3_add_lvl1[6][25]  
    core_inst/gen_l3[0].neuron_l3_add_lvl1[6][26]  
    core_inst/gen_l3[0].neuron_l3_add_lvl1[6][27]  
    core_inst/gen_l3[0].neuron_l3_add_lvl1[6][28]  
    core_inst/gen_l3[0].neuron_l3_add_lvl1[6][29]  
    core_inst/gen_l3[0].neuron_l3_add_lvl1[6][30]  
    core_inst/gen_l3[0].neuron_l3_add_lvl1[6][31]  
    core_inst/gen_l3[0].neuron_l3_add_lvl1[5][16]  
    core_inst/gen_l3[0].neuron_l3_add_lvl1[5][17]  
    core_inst/gen_l3[0].neuron_l3_add_lvl1[5][18]  
    core_inst/gen_l3[0].neuron_l3_add_lvl1[5][19]  
    core_inst/gen_l3[0].neuron_l3_add_lvl1[5][20]  
    core_inst/gen_l3[0].neuron_l3_add_lvl1[5][21]  
    core_inst/gen_l3[0].neuron_l3_add_lvl1[5][22]  
    core_inst/gen_l3[0].neuron_l3_add_lvl1[5][23]  
    core_inst/gen_l3[0].neuron_l3_add_lvl1[5][24]  
    core_inst/gen_l3[0].neuron_l3_add_lvl1[5][25]  
    core_inst/gen_l3[0].neuron_l3_add_lvl1[5][26]  
    core_inst/gen_l3[0].neuron_l3_add_lvl1[5][27]  
    core_inst/gen_l3[0].neuron_l3_add_lvl1[5][28]  
    core_inst/gen_l3[0].neuron_l3_add_lvl1[5][29]  
    core_inst/gen_l3[0].neuron_l3_add_lvl1[5][30]  
    core_inst/gen_l3[0].neuron_l3_add_lvl1[5][31]  
    core_inst/gen_l3[0].neuron_l3_add_lvl1[4][16]  
    core_inst/gen_l3[0].neuron_l3_add_lvl1[4][17]  
    core_inst/gen_l3[0].neuron_l3_add_lvl1[4][18]  
    core_inst/gen_l3[0].neuron_l3_add_lvl1[4][19]  
    core_inst/gen_l3[0].neuron_l3_add_lvl1[4][20]  
    core_inst/gen_l3[0].neuron_l3_add_lvl1[4][21]  
    core_inst/gen_l3[0].neuron_l3_add_lvl1[4][22]  
    core_inst/gen_l3[0].neuron_l3_add_lvl1[4][23]  
    core_inst/gen_l3[0].neuron_l3_add_lvl1[4][24]  
    core_inst/gen_l3[0].neuron_l3_add_lvl1[4][25]  
    core_inst/gen_l3[0].neuron_l3_add_lvl1[4][26]  
    core_inst/gen_l3[0].neuron_l3_add_lvl1[4][27]  
    core_inst/gen_l3[0].neuron_l3_add_lvl1[4][28]  
    core_inst/gen_l3[0].neuron_l3_add_lvl1[4][29]  
    core_inst/gen_l3[0].neuron_l3_add_lvl1[4][30]  
    core_inst/gen_l3[0].neuron_l3_add_lvl1[4][31]  
    core_inst/gen_l3[0].neuron_l3_add_lvl1[3][16]  
    core_inst/gen_l3[0].neuron_l3_add_lvl1[3][17]  
    core_inst/gen_l3[0].neuron_l3_add_lvl1[3][18]  
    core_inst/gen_l3[0].neuron_l3_add_lvl1[3][19]  
    core_inst/gen_l3[0].neuron_l3_add_lvl1[3][20]  
    core_inst/gen_l3[0].neuron_l3_add_lvl1[3][21]  
    core_inst/gen_l3[0].neuron_l3_add_lvl1[3][22]  
    core_inst/gen_l3[0].neuron_l3_add_lvl1[3][23]  
    core_inst/gen_l3[0].neuron_l3_add_lvl1[3][24]  
    core_inst/gen_l3[0].neuron_l3_add_lvl1[3][25]  
    core_inst/gen_l3[0].neuron_l3_add_lvl1[3][26]  
    core_inst/gen_l3[0].neuron_l3_add_lvl1[3][27]  
    core_inst/gen_l3[0].neuron_l3_add_lvl1[3][28]  
    core_inst/gen_l3[0].neuron_l3_add_lvl1[3][29]  
    core_inst/gen_l3[0].neuron_l3_add_lvl1[3][30]  
    core_inst/gen_l3[0].neuron_l3_add_lvl1[3][31]  
    core_inst/gen_l3[0].neuron_l3_add_lvl1[2][16]  
    core_inst/gen_l3[0].neuron_l3_add_lvl1[2][17]  
    core_inst/gen_l3[0].neuron_l3_add_lvl1[2][18]  
    core_inst/gen_l3[0].neuron_l3_add_lvl1[2][19]  
    core_inst/gen_l3[0].neuron_l3_add_lvl1[2][20]  
    core_inst/gen_l3[0].neuron_l3_add_lvl1[2][21]  
    core_inst/gen_l3[0].neuron_l3_add_lvl1[2][22]  
    core_inst/gen_l3[0].neuron_l3_add_lvl1[2][23]  
    core_inst/gen_l3[0].neuron_l3_add_lvl1[2][24]  
    core_inst/gen_l3[0].neuron_l3_add_lvl1[2][25]  
    core_inst/gen_l3[0].neuron_l3_add_lvl1[2][26]  
    core_inst/gen_l3[0].neuron_l3_add_lvl1[2][27]  
    core_inst/gen_l3[0].neuron_l3_add_lvl1[2][28]  
    core_inst/gen_l3[0].neuron_l3_add_lvl1[2][29]  
    core_inst/gen_l3[0].neuron_l3_add_lvl1[2][30]  
    core_inst/gen_l3[0].neuron_l3_add_lvl1[2][31]  
    core_inst/gen_l3[0].neuron_l3_add_lvl1[1][16]  
    core_inst/gen_l3[0].neuron_l3_add_lvl1[1][17]  
    core_inst/gen_l3[0].neuron_l3_add_lvl1[1][18]  
    core_inst/gen_l3[0].neuron_l3_add_lvl1[1][19]  
    core_inst/gen_l3[0].neuron_l3_add_lvl1[1][20]  
    core_inst/gen_l3[0].neuron_l3_add_lvl1[1][21]  
    core_inst/gen_l3[0].neuron_l3_add_lvl1[1][22]  
    core_inst/gen_l3[0].neuron_l3_add_lvl1[1][23]  
    core_inst/gen_l3[0].neuron_l3_add_lvl1[1][24]  
    core_inst/gen_l3[0].neuron_l3_add_lvl1[1][25]  
    core_inst/gen_l3[0].neuron_l3_add_lvl1[1][26]  
    core_inst/gen_l3[0].neuron_l3_add_lvl1[1][27]  
    core_inst/gen_l3[0].neuron_l3_add_lvl1[1][28]  
    core_inst/gen_l3[0].neuron_l3_add_lvl1[1][29]  
    core_inst/gen_l3[0].neuron_l3_add_lvl1[1][30]  
    core_inst/gen_l3[0].neuron_l3_add_lvl1[1][31]  
    core_inst/gen_l3[0].neuron_l3_add_lvl1[0][16]  
    core_inst/gen_l3[0].neuron_l3_add_lvl1[0][17]  
    core_inst/gen_l3[0].neuron_l3_add_lvl1[0][18]  
    core_inst/gen_l3[0].neuron_l3_add_lvl1[0][19]  
    core_inst/gen_l3[0].neuron_l3_add_lvl1[0][20]  
    core_inst/gen_l3[0].neuron_l3_add_lvl1[0][21]  
    core_inst/gen_l3[0].neuron_l3_add_lvl1[0][22]  
    core_inst/gen_l3[0].neuron_l3_add_lvl1[0][23]  
    core_inst/gen_l3[0].neuron_l3_add_lvl1[0][24]  
    core_inst/gen_l3[0].neuron_l3_add_lvl1[0][25]  
    core_inst/gen_l3[0].neuron_l3_add_lvl1[0][26]  
    core_inst/gen_l3[0].neuron_l3_add_lvl1[0][27]  
    core_inst/gen_l3[0].neuron_l3_add_lvl1[0][28]  
    core_inst/gen_l3[0].neuron_l3_add_lvl1[0][29]  
    core_inst/gen_l3[0].neuron_l3_add_lvl1[0][30]  
    core_inst/gen_l3[0].neuron_l3_add_lvl1[0][31]  
    core_inst/gen_l3[0].neuron_l3_mult[15][15]  
    core_inst/gen_l3[0].neuron_l3_mult[14][15]  
    core_inst/gen_l3[0].neuron_l3_mult[13][15]  
    core_inst/gen_l3[0].neuron_l3_mult[12][15]  
    core_inst/gen_l3[0].neuron_l3_mult[11][15]  
    core_inst/gen_l3[0].neuron_l3_mult[10][15]  
    core_inst/gen_l3[0].neuron_l3_mult[9][15]  
    core_inst/gen_l3[0].neuron_l3_mult[8][15]  
    core_inst/gen_l3[0].neuron_l3_mult[7][15]  
    core_inst/gen_l3[0].neuron_l3_mult[6][15]  
    core_inst/gen_l3[0].neuron_l3_mult[5][15]  
    core_inst/gen_l3[0].neuron_l3_mult[4][15]  
    core_inst/gen_l3[0].neuron_l3_mult[3][15]  
    core_inst/gen_l3[0].neuron_l3_mult[2][15]  
    core_inst/gen_l3[0].neuron_l3_mult[1][15]  
    core_inst/gen_l3[0].neuron_l3_mult[0][15]  
    core_inst/gen_l2[9].neuron_l2_sum_with_bias[0]  
    core_inst/gen_l2[9].neuron_l2_sum_with_bias[1]  
    core_inst/gen_l2[9].neuron_l2_sum_with_bias[2]  
    core_inst/gen_l2[9].neuron_l2_sum_with_bias[3]  
    core_inst/gen_l2[9].neuron_l2_sum_with_bias[4]  
    core_inst/gen_l2[9].neuron_l2_sum_with_bias[19]  
    core_inst/gen_l2[9].neuron_l2_sum_with_bias[20]  
    core_inst/gen_l2[9].neuron_l2_sum_with_bias[21]  
    core_inst/gen_l2[9].neuron_l2_sum_with_bias[22]  
    core_inst/gen_l2[9].neuron_l2_sum_with_bias[23]  
    core_inst/gen_l2[9].neuron_l2_sum_with_bias[24]  
    core_inst/gen_l2[9].neuron_l2_sum_with_bias[25]  
    core_inst/gen_l2[9].neuron_l2_sum_with_bias[26]  
    core_inst/gen_l2[9].neuron_l2_sum_with_bias[27]  
    core_inst/gen_l2[9].neuron_l2_sum_with_bias[28]  
    core_inst/gen_l2[9].neuron_l2_sum_with_bias[29]  
    core_inst/gen_l2[9].neuron_l2_sum_with_bias[30]  
    core_inst/gen_l2[9].neuron_l2_add_lvl2_1[18]  
    core_inst/gen_l2[9].neuron_l2_add_lvl2_1[19]  
    core_inst/gen_l2[9].neuron_l2_add_lvl2_1[20]  
    core_inst/gen_l2[9].neuron_l2_add_lvl2_1[21]  
    core_inst/gen_l2[9].neuron_l2_add_lvl2_1[22]  
    core_inst/gen_l2[9].neuron_l2_add_lvl2_1[23]  
    core_inst/gen_l2[9].neuron_l2_add_lvl2_1[24]  
    core_inst/gen_l2[9].neuron_l2_add_lvl2_1[25]  
    core_inst/gen_l2[9].neuron_l2_add_lvl2_1[26]  
    core_inst/gen_l2[9].neuron_l2_add_lvl2_1[27]  
    core_inst/gen_l2[9].neuron_l2_add_lvl2_1[28]  
    core_inst/gen_l2[9].neuron_l2_add_lvl2_1[29]  
    core_inst/gen_l2[9].neuron_l2_add_lvl2_1[30]  
    core_inst/gen_l2[9].neuron_l2_add_lvl2_1[31]  
    core_inst/gen_l2[9].neuron_l2_add_lvl2_0[18]  
    core_inst/gen_l2[9].neuron_l2_add_lvl2_0[19]  
    core_inst/gen_l2[9].neuron_l2_add_lvl2_0[20]  
    core_inst/gen_l2[9].neuron_l2_add_lvl2_0[21]  
    core_inst/gen_l2[9].neuron_l2_add_lvl2_0[22]  
    core_inst/gen_l2[9].neuron_l2_add_lvl2_0[23]  
    core_inst/gen_l2[9].neuron_l2_add_lvl2_0[24]  
    core_inst/gen_l2[9].neuron_l2_add_lvl2_0[25]  
    core_inst/gen_l2[9].neuron_l2_add_lvl2_0[26]  
    core_inst/gen_l2[9].neuron_l2_add_lvl2_0[27]  
    core_inst/gen_l2[9].neuron_l2_add_lvl2_0[28]  
    core_inst/gen_l2[9].neuron_l2_add_lvl2_0[29]  
    core_inst/gen_l2[9].neuron_l2_add_lvl2_0[30]  
    core_inst/gen_l2[9].neuron_l2_add_lvl2_0[31]  
    core_inst/gen_l2[9].neuron_l2_add_lvl1[3][17]  
    core_inst/gen_l2[9].neuron_l2_add_lvl1[3][18]  
    core_inst/gen_l2[9].neuron_l2_add_lvl1[3][19]  
    core_inst/gen_l2[9].neuron_l2_add_lvl1[3][20]  
    core_inst/gen_l2[9].neuron_l2_add_lvl1[3][21]  
    core_inst/gen_l2[9].neuron_l2_add_lvl1[3][22]  
    core_inst/gen_l2[9].neuron_l2_add_lvl1[3][23]  
    core_inst/gen_l2[9].neuron_l2_add_lvl1[3][24]  
    core_inst/gen_l2[9].neuron_l2_add_lvl1[3][25]  
    core_inst/gen_l2[9].neuron_l2_add_lvl1[3][26]  
    core_inst/gen_l2[9].neuron_l2_add_lvl1[3][27]  
    core_inst/gen_l2[9].neuron_l2_add_lvl1[3][28]  
    core_inst/gen_l2[9].neuron_l2_add_lvl1[3][29]  
    core_inst/gen_l2[9].neuron_l2_add_lvl1[3][30]  
    core_inst/gen_l2[9].neuron_l2_add_lvl1[3][31]  
    core_inst/gen_l2[9].neuron_l2_add_lvl1[2][17]  
    core_inst/gen_l2[9].neuron_l2_add_lvl1[2][18]  
    core_inst/gen_l2[9].neuron_l2_add_lvl1[2][19]  
    core_inst/gen_l2[9].neuron_l2_add_lvl1[2][20]  
    core_inst/gen_l2[9].neuron_l2_add_lvl1[2][21]  
    core_inst/gen_l2[9].neuron_l2_add_lvl1[2][22]  
    core_inst/gen_l2[9].neuron_l2_add_lvl1[2][23]  
    core_inst/gen_l2[9].neuron_l2_add_lvl1[2][24]  
    core_inst/gen_l2[9].neuron_l2_add_lvl1[2][25]  
    core_inst/gen_l2[9].neuron_l2_add_lvl1[2][26]  
    core_inst/gen_l2[9].neuron_l2_add_lvl1[2][27]  
    core_inst/gen_l2[9].neuron_l2_add_lvl1[2][28]  
    core_inst/gen_l2[9].neuron_l2_add_lvl1[2][29]  
    core_inst/gen_l2[9].neuron_l2_add_lvl1[2][30]  
    core_inst/gen_l2[9].neuron_l2_add_lvl1[2][31]  
    core_inst/gen_l2[9].neuron_l2_add_lvl1[1][17]  
    core_inst/gen_l2[9].neuron_l2_add_lvl1[1][18]  
    core_inst/gen_l2[9].neuron_l2_add_lvl1[1][19]  
    core_inst/gen_l2[9].neuron_l2_add_lvl1[1][20]  
    core_inst/gen_l2[9].neuron_l2_add_lvl1[1][21]  
    core_inst/gen_l2[9].neuron_l2_add_lvl1[1][22]  
    core_inst/gen_l2[9].neuron_l2_add_lvl1[1][23]  
    core_inst/gen_l2[9].neuron_l2_add_lvl1[1][24]  
    core_inst/gen_l2[9].neuron_l2_add_lvl1[1][25]  
    core_inst/gen_l2[9].neuron_l2_add_lvl1[1][26]  
    core_inst/gen_l2[9].neuron_l2_add_lvl1[1][27]  
    core_inst/gen_l2[9].neuron_l2_add_lvl1[1][28]  
    core_inst/gen_l2[9].neuron_l2_add_lvl1[1][29]  
    core_inst/gen_l2[9].neuron_l2_add_lvl1[1][30]  
    core_inst/gen_l2[9].neuron_l2_add_lvl1[1][31]  
    core_inst/gen_l2[9].neuron_l2_add_lvl1[0][17]  
    core_inst/gen_l2[9].neuron_l2_add_lvl1[0][18]  
    core_inst/gen_l2[9].neuron_l2_add_lvl1[0][19]  
    core_inst/gen_l2[9].neuron_l2_add_lvl1[0][20]  
    core_inst/gen_l2[9].neuron_l2_add_lvl1[0][21]  
    core_inst/gen_l2[9].neuron_l2_add_lvl1[0][22]  
    core_inst/gen_l2[9].neuron_l2_add_lvl1[0][23]  
    core_inst/gen_l2[9].neuron_l2_add_lvl1[0][24]  
    core_inst/gen_l2[9].neuron_l2_add_lvl1[0][25]  
    core_inst/gen_l2[9].neuron_l2_add_lvl1[0][26]  
    core_inst/gen_l2[9].neuron_l2_add_lvl1[0][27]  
    core_inst/gen_l2[9].neuron_l2_add_lvl1[0][28]  
    core_inst/gen_l2[9].neuron_l2_add_lvl1[0][29]  
    core_inst/gen_l2[9].neuron_l2_add_lvl1[0][30]  
    core_inst/gen_l2[9].neuron_l2_add_lvl1[0][31]  
    core_inst/gen_l2[8].neuron_l2_sum_with_bias[0]  
    core_inst/gen_l2[8].neuron_l2_sum_with_bias[1]  
    core_inst/gen_l2[8].neuron_l2_sum_with_bias[2]  
    core_inst/gen_l2[8].neuron_l2_sum_with_bias[3]  
    core_inst/gen_l2[8].neuron_l2_sum_with_bias[4]  
    core_inst/gen_l2[8].neuron_l2_sum_with_bias[19]  
    core_inst/gen_l2[8].neuron_l2_sum_with_bias[20]  
    core_inst/gen_l2[8].neuron_l2_sum_with_bias[21]  
    core_inst/gen_l2[8].neuron_l2_sum_with_bias[22]  
    core_inst/gen_l2[8].neuron_l2_sum_with_bias[23]  
    core_inst/gen_l2[8].neuron_l2_sum_with_bias[24]  
    core_inst/gen_l2[8].neuron_l2_sum_with_bias[25]  
    core_inst/gen_l2[8].neuron_l2_sum_with_bias[26]  
    core_inst/gen_l2[8].neuron_l2_sum_with_bias[27]  
    core_inst/gen_l2[8].neuron_l2_sum_with_bias[28]  
    core_inst/gen_l2[8].neuron_l2_sum_with_bias[29]  
    core_inst/gen_l2[8].neuron_l2_sum_with_bias[30]  
    core_inst/gen_l2[8].neuron_l2_add_lvl2_1[18]  
    core_inst/gen_l2[8].neuron_l2_add_lvl2_1[19]  
    core_inst/gen_l2[8].neuron_l2_add_lvl2_1[20]  
    core_inst/gen_l2[8].neuron_l2_add_lvl2_1[21]  
    core_inst/gen_l2[8].neuron_l2_add_lvl2_1[22]  
    core_inst/gen_l2[8].neuron_l2_add_lvl2_1[23]  
    core_inst/gen_l2[8].neuron_l2_add_lvl2_1[24]  
    core_inst/gen_l2[8].neuron_l2_add_lvl2_1[25]  
    core_inst/gen_l2[8].neuron_l2_add_lvl2_1[26]  
    core_inst/gen_l2[8].neuron_l2_add_lvl2_1[27]  
    core_inst/gen_l2[8].neuron_l2_add_lvl2_1[28]  
    core_inst/gen_l2[8].neuron_l2_add_lvl2_1[29]  
    core_inst/gen_l2[8].neuron_l2_add_lvl2_1[30]  
    core_inst/gen_l2[8].neuron_l2_add_lvl2_1[31]  
    core_inst/gen_l2[8].neuron_l2_add_lvl2_0[18]  
    core_inst/gen_l2[8].neuron_l2_add_lvl2_0[19]  
    core_inst/gen_l2[8].neuron_l2_add_lvl2_0[20]  
    core_inst/gen_l2[8].neuron_l2_add_lvl2_0[21]  
    core_inst/gen_l2[8].neuron_l2_add_lvl2_0[22]  
    core_inst/gen_l2[8].neuron_l2_add_lvl2_0[23]  
    core_inst/gen_l2[8].neuron_l2_add_lvl2_0[24]  
    core_inst/gen_l2[8].neuron_l2_add_lvl2_0[25]  
    core_inst/gen_l2[8].neuron_l2_add_lvl2_0[26]  
    core_inst/gen_l2[8].neuron_l2_add_lvl2_0[27]  
    core_inst/gen_l2[8].neuron_l2_add_lvl2_0[28]  
    core_inst/gen_l2[8].neuron_l2_add_lvl2_0[29]  
    core_inst/gen_l2[8].neuron_l2_add_lvl2_0[30]  
    core_inst/gen_l2[8].neuron_l2_add_lvl2_0[31]  
    core_inst/gen_l2[8].neuron_l2_add_lvl1[3][17]  
    core_inst/gen_l2[8].neuron_l2_add_lvl1[3][18]  
    core_inst/gen_l2[8].neuron_l2_add_lvl1[3][19]  
    core_inst/gen_l2[8].neuron_l2_add_lvl1[3][20]  
    core_inst/gen_l2[8].neuron_l2_add_lvl1[3][21]  
    core_inst/gen_l2[8].neuron_l2_add_lvl1[3][22]  
    core_inst/gen_l2[8].neuron_l2_add_lvl1[3][23]  
    core_inst/gen_l2[8].neuron_l2_add_lvl1[3][24]  
    core_inst/gen_l2[8].neuron_l2_add_lvl1[3][25]  
    core_inst/gen_l2[8].neuron_l2_add_lvl1[3][26]  
    core_inst/gen_l2[8].neuron_l2_add_lvl1[3][27]  
    core_inst/gen_l2[8].neuron_l2_add_lvl1[3][28]  
    core_inst/gen_l2[8].neuron_l2_add_lvl1[3][29]  
    core_inst/gen_l2[8].neuron_l2_add_lvl1[3][30]  
    core_inst/gen_l2[8].neuron_l2_add_lvl1[3][31]  
    core_inst/gen_l2[8].neuron_l2_add_lvl1[2][17]  
    core_inst/gen_l2[8].neuron_l2_add_lvl1[2][18]  
    core_inst/gen_l2[8].neuron_l2_add_lvl1[2][19]  
    core_inst/gen_l2[8].neuron_l2_add_lvl1[2][20]  
    core_inst/gen_l2[8].neuron_l2_add_lvl1[2][21]  
    core_inst/gen_l2[8].neuron_l2_add_lvl1[2][22]  
    core_inst/gen_l2[8].neuron_l2_add_lvl1[2][23]  
    core_inst/gen_l2[8].neuron_l2_add_lvl1[2][24]  
    core_inst/gen_l2[8].neuron_l2_add_lvl1[2][25]  
    core_inst/gen_l2[8].neuron_l2_add_lvl1[2][26]  
    core_inst/gen_l2[8].neuron_l2_add_lvl1[2][27]  
    core_inst/gen_l2[8].neuron_l2_add_lvl1[2][28]  
    core_inst/gen_l2[8].neuron_l2_add_lvl1[2][29]  
    core_inst/gen_l2[8].neuron_l2_add_lvl1[2][30]  
    core_inst/gen_l2[8].neuron_l2_add_lvl1[2][31]  
    core_inst/gen_l2[8].neuron_l2_add_lvl1[1][17]  
    core_inst/gen_l2[8].neuron_l2_add_lvl1[1][18]  
    core_inst/gen_l2[8].neuron_l2_add_lvl1[1][19]  
    core_inst/gen_l2[8].neuron_l2_add_lvl1[1][20]  
    core_inst/gen_l2[8].neuron_l2_add_lvl1[1][21]  
    core_inst/gen_l2[8].neuron_l2_add_lvl1[1][22]  
    core_inst/gen_l2[8].neuron_l2_add_lvl1[1][23]  
    core_inst/gen_l2[8].neuron_l2_add_lvl1[1][24]  
    core_inst/gen_l2[8].neuron_l2_add_lvl1[1][25]  
    core_inst/gen_l2[8].neuron_l2_add_lvl1[1][26]  
    core_inst/gen_l2[8].neuron_l2_add_lvl1[1][27]  
    core_inst/gen_l2[8].neuron_l2_add_lvl1[1][28]  
    core_inst/gen_l2[8].neuron_l2_add_lvl1[1][29]  
    core_inst/gen_l2[8].neuron_l2_add_lvl1[1][30]  
    core_inst/gen_l2[8].neuron_l2_add_lvl1[1][31]  
    core_inst/gen_l2[8].neuron_l2_add_lvl1[0][17]  
    core_inst/gen_l2[8].neuron_l2_add_lvl1[0][18]  
    core_inst/gen_l2[8].neuron_l2_add_lvl1[0][19]  
    core_inst/gen_l2[8].neuron_l2_add_lvl1[0][20]  
    core_inst/gen_l2[8].neuron_l2_add_lvl1[0][21]  
    core_inst/gen_l2[8].neuron_l2_add_lvl1[0][22]  
    core_inst/gen_l2[8].neuron_l2_add_lvl1[0][23]  
    core_inst/gen_l2[8].neuron_l2_add_lvl1[0][24]  
    core_inst/gen_l2[8].neuron_l2_add_lvl1[0][25]  
    core_inst/gen_l2[8].neuron_l2_add_lvl1[0][26]  
    core_inst/gen_l2[8].neuron_l2_add_lvl1[0][27]  
    core_inst/gen_l2[8].neuron_l2_add_lvl1[0][28]  
    core_inst/gen_l2[8].neuron_l2_add_lvl1[0][29]  
    core_inst/gen_l2[8].neuron_l2_add_lvl1[0][30]  
    core_inst/gen_l2[8].neuron_l2_add_lvl1[0][31]  
    core_inst/gen_l2[7].neuron_l2_sum_with_bias[0]  
    core_inst/gen_l2[7].neuron_l2_sum_with_bias[1]  
    core_inst/gen_l2[7].neuron_l2_sum_with_bias[2]  
    core_inst/gen_l2[7].neuron_l2_sum_with_bias[3]  
    core_inst/gen_l2[7].neuron_l2_sum_with_bias[4]  
    core_inst/gen_l2[7].neuron_l2_sum_with_bias[19]  
    core_inst/gen_l2[7].neuron_l2_sum_with_bias[20]  
    core_inst/gen_l2[7].neuron_l2_sum_with_bias[21]  
    core_inst/gen_l2[7].neuron_l2_sum_with_bias[22]  
    core_inst/gen_l2[7].neuron_l2_sum_with_bias[23]  
    core_inst/gen_l2[7].neuron_l2_sum_with_bias[24]  
    core_inst/gen_l2[7].neuron_l2_sum_with_bias[25]  
    core_inst/gen_l2[7].neuron_l2_sum_with_bias[26]  
    core_inst/gen_l2[7].neuron_l2_sum_with_bias[27]  
    core_inst/gen_l2[7].neuron_l2_sum_with_bias[28]  
    core_inst/gen_l2[7].neuron_l2_sum_with_bias[29]  
    core_inst/gen_l2[7].neuron_l2_sum_with_bias[30]  
    core_inst/gen_l2[7].neuron_l2_add_lvl2_1[18]  
    core_inst/gen_l2[7].neuron_l2_add_lvl2_1[19]  
    core_inst/gen_l2[7].neuron_l2_add_lvl2_1[20]  
    core_inst/gen_l2[7].neuron_l2_add_lvl2_1[21]  
    core_inst/gen_l2[7].neuron_l2_add_lvl2_1[22]  
    core_inst/gen_l2[7].neuron_l2_add_lvl2_1[23]  
    core_inst/gen_l2[7].neuron_l2_add_lvl2_1[24]  
    core_inst/gen_l2[7].neuron_l2_add_lvl2_1[25]  
    core_inst/gen_l2[7].neuron_l2_add_lvl2_1[26]  
    core_inst/gen_l2[7].neuron_l2_add_lvl2_1[27]  
    core_inst/gen_l2[7].neuron_l2_add_lvl2_1[28]  
    core_inst/gen_l2[7].neuron_l2_add_lvl2_1[29]  
    core_inst/gen_l2[7].neuron_l2_add_lvl2_1[30]  
    core_inst/gen_l2[7].neuron_l2_add_lvl2_1[31]  
    core_inst/gen_l2[7].neuron_l2_add_lvl2_0[18]  
    core_inst/gen_l2[7].neuron_l2_add_lvl2_0[19]  
    core_inst/gen_l2[7].neuron_l2_add_lvl2_0[20]  
    core_inst/gen_l2[7].neuron_l2_add_lvl2_0[21]  
    core_inst/gen_l2[7].neuron_l2_add_lvl2_0[22]  
    core_inst/gen_l2[7].neuron_l2_add_lvl2_0[23]  
    core_inst/gen_l2[7].neuron_l2_add_lvl2_0[24]  
    core_inst/gen_l2[7].neuron_l2_add_lvl2_0[25]  
    core_inst/gen_l2[7].neuron_l2_add_lvl2_0[26]  
    core_inst/gen_l2[7].neuron_l2_add_lvl2_0[27]  
    core_inst/gen_l2[7].neuron_l2_add_lvl2_0[28]  
    core_inst/gen_l2[7].neuron_l2_add_lvl2_0[29]  
    core_inst/gen_l2[7].neuron_l2_add_lvl2_0[30]  
    core_inst/gen_l2[7].neuron_l2_add_lvl2_0[31]  
    core_inst/gen_l2[7].neuron_l2_add_lvl1[3][17]  
    core_inst/gen_l2[7].neuron_l2_add_lvl1[3][18]  
    core_inst/gen_l2[7].neuron_l2_add_lvl1[3][19]  
    core_inst/gen_l2[7].neuron_l2_add_lvl1[3][20]  
    core_inst/gen_l2[7].neuron_l2_add_lvl1[3][21]  
    core_inst/gen_l2[7].neuron_l2_add_lvl1[3][22]  
    core_inst/gen_l2[7].neuron_l2_add_lvl1[3][23]  
    core_inst/gen_l2[7].neuron_l2_add_lvl1[3][24]  
    core_inst/gen_l2[7].neuron_l2_add_lvl1[3][25]  
    core_inst/gen_l2[7].neuron_l2_add_lvl1[3][26]  
    core_inst/gen_l2[7].neuron_l2_add_lvl1[3][27]  
    core_inst/gen_l2[7].neuron_l2_add_lvl1[3][28]  
    core_inst/gen_l2[7].neuron_l2_add_lvl1[3][29]  
    core_inst/gen_l2[7].neuron_l2_add_lvl1[3][30]  
    core_inst/gen_l2[7].neuron_l2_add_lvl1[3][31]  
    core_inst/gen_l2[7].neuron_l2_add_lvl1[2][17]  
    core_inst/gen_l2[7].neuron_l2_add_lvl1[2][18]  
    core_inst/gen_l2[7].neuron_l2_add_lvl1[2][19]  
    core_inst/gen_l2[7].neuron_l2_add_lvl1[2][20]  
    core_inst/gen_l2[7].neuron_l2_add_lvl1[2][21]  
    core_inst/gen_l2[7].neuron_l2_add_lvl1[2][22]  
    core_inst/gen_l2[7].neuron_l2_add_lvl1[2][23]  
    core_inst/gen_l2[7].neuron_l2_add_lvl1[2][24]  
    core_inst/gen_l2[7].neuron_l2_add_lvl1[2][25]  
    core_inst/gen_l2[7].neuron_l2_add_lvl1[2][26]  
    core_inst/gen_l2[7].neuron_l2_add_lvl1[2][27]  
    core_inst/gen_l2[7].neuron_l2_add_lvl1[2][28]  
    core_inst/gen_l2[7].neuron_l2_add_lvl1[2][29]  
    core_inst/gen_l2[7].neuron_l2_add_lvl1[2][30]  
    core_inst/gen_l2[7].neuron_l2_add_lvl1[2][31]  
    core_inst/gen_l2[7].neuron_l2_add_lvl1[1][17]  
    core_inst/gen_l2[7].neuron_l2_add_lvl1[1][18]  
    core_inst/gen_l2[7].neuron_l2_add_lvl1[1][19]  
    core_inst/gen_l2[7].neuron_l2_add_lvl1[1][20]  
    core_inst/gen_l2[7].neuron_l2_add_lvl1[1][21]  
    core_inst/gen_l2[7].neuron_l2_add_lvl1[1][22]  
    core_inst/gen_l2[7].neuron_l2_add_lvl1[1][23]  
    core_inst/gen_l2[7].neuron_l2_add_lvl1[1][24]  
    core_inst/gen_l2[7].neuron_l2_add_lvl1[1][25]  
    core_inst/gen_l2[7].neuron_l2_add_lvl1[1][26]  
    core_inst/gen_l2[7].neuron_l2_add_lvl1[1][27]  
    core_inst/gen_l2[7].neuron_l2_add_lvl1[1][28]  
    core_inst/gen_l2[7].neuron_l2_add_lvl1[1][29]  
    core_inst/gen_l2[7].neuron_l2_add_lvl1[1][30]  
    core_inst/gen_l2[7].neuron_l2_add_lvl1[1][31]  
    core_inst/gen_l2[7].neuron_l2_add_lvl1[0][17]  
    core_inst/gen_l2[7].neuron_l2_add_lvl1[0][18]  
    core_inst/gen_l2[7].neuron_l2_add_lvl1[0][19]  
    core_inst/gen_l2[7].neuron_l2_add_lvl1[0][20]  
    core_inst/gen_l2[7].neuron_l2_add_lvl1[0][21]  
    core_inst/gen_l2[7].neuron_l2_add_lvl1[0][22]  
    core_inst/gen_l2[7].neuron_l2_add_lvl1[0][23]  
    core_inst/gen_l2[7].neuron_l2_add_lvl1[0][24]  
    core_inst/gen_l2[7].neuron_l2_add_lvl1[0][25]  
    core_inst/gen_l2[7].neuron_l2_add_lvl1[0][26]  
    core_inst/gen_l2[7].neuron_l2_add_lvl1[0][27]  
    core_inst/gen_l2[7].neuron_l2_add_lvl1[0][28]  
    core_inst/gen_l2[7].neuron_l2_add_lvl1[0][29]  
    core_inst/gen_l2[7].neuron_l2_add_lvl1[0][30]  
    core_inst/gen_l2[7].neuron_l2_add_lvl1[0][31]  
    core_inst/gen_l2[6].neuron_l2_sum_with_bias[0]  
    core_inst/gen_l2[6].neuron_l2_sum_with_bias[1]  
    core_inst/gen_l2[6].neuron_l2_sum_with_bias[2]  
    core_inst/gen_l2[6].neuron_l2_sum_with_bias[3]  
    core_inst/gen_l2[6].neuron_l2_sum_with_bias[4]  
    core_inst/gen_l2[6].neuron_l2_sum_with_bias[19]  
    core_inst/gen_l2[6].neuron_l2_sum_with_bias[20]  
    core_inst/gen_l2[6].neuron_l2_sum_with_bias[21]  
    core_inst/gen_l2[6].neuron_l2_sum_with_bias[22]  
    core_inst/gen_l2[6].neuron_l2_sum_with_bias[23]  
    core_inst/gen_l2[6].neuron_l2_sum_with_bias[24]  
    core_inst/gen_l2[6].neuron_l2_sum_with_bias[25]  
    core_inst/gen_l2[6].neuron_l2_sum_with_bias[26]  
    core_inst/gen_l2[6].neuron_l2_sum_with_bias[27]  
    core_inst/gen_l2[6].neuron_l2_sum_with_bias[28]  
    core_inst/gen_l2[6].neuron_l2_sum_with_bias[29]  
    core_inst/gen_l2[6].neuron_l2_sum_with_bias[30]  
    core_inst/gen_l2[6].neuron_l2_add_lvl2_1[18]  
    core_inst/gen_l2[6].neuron_l2_add_lvl2_1[19]  
    core_inst/gen_l2[6].neuron_l2_add_lvl2_1[20]  
    core_inst/gen_l2[6].neuron_l2_add_lvl2_1[21]  
    core_inst/gen_l2[6].neuron_l2_add_lvl2_1[22]  
    core_inst/gen_l2[6].neuron_l2_add_lvl2_1[23]  
    core_inst/gen_l2[6].neuron_l2_add_lvl2_1[24]  
    core_inst/gen_l2[6].neuron_l2_add_lvl2_1[25]  
    core_inst/gen_l2[6].neuron_l2_add_lvl2_1[26]  
    core_inst/gen_l2[6].neuron_l2_add_lvl2_1[27]  
    core_inst/gen_l2[6].neuron_l2_add_lvl2_1[28]  
    core_inst/gen_l2[6].neuron_l2_add_lvl2_1[29]  
    core_inst/gen_l2[6].neuron_l2_add_lvl2_1[30]  
    core_inst/gen_l2[6].neuron_l2_add_lvl2_1[31]  
    core_inst/gen_l2[6].neuron_l2_add_lvl2_0[18]  
    core_inst/gen_l2[6].neuron_l2_add_lvl2_0[19]  
    core_inst/gen_l2[6].neuron_l2_add_lvl2_0[20]  
    core_inst/gen_l2[6].neuron_l2_add_lvl2_0[21]  
    core_inst/gen_l2[6].neuron_l2_add_lvl2_0[22]  
    core_inst/gen_l2[6].neuron_l2_add_lvl2_0[23]  
    core_inst/gen_l2[6].neuron_l2_add_lvl2_0[24]  
    core_inst/gen_l2[6].neuron_l2_add_lvl2_0[25]  
    core_inst/gen_l2[6].neuron_l2_add_lvl2_0[26]  
    core_inst/gen_l2[6].neuron_l2_add_lvl2_0[27]  
    core_inst/gen_l2[6].neuron_l2_add_lvl2_0[28]  
    core_inst/gen_l2[6].neuron_l2_add_lvl2_0[29]  
    core_inst/gen_l2[6].neuron_l2_add_lvl2_0[30]  
    core_inst/gen_l2[6].neuron_l2_add_lvl2_0[31]  
    core_inst/gen_l2[6].neuron_l2_add_lvl1[3][17]  
    core_inst/gen_l2[6].neuron_l2_add_lvl1[3][18]  
    core_inst/gen_l2[6].neuron_l2_add_lvl1[3][19]  
    core_inst/gen_l2[6].neuron_l2_add_lvl1[3][20]  
    core_inst/gen_l2[6].neuron_l2_add_lvl1[3][21]  
    core_inst/gen_l2[6].neuron_l2_add_lvl1[3][22]  
    core_inst/gen_l2[6].neuron_l2_add_lvl1[3][23]  
    core_inst/gen_l2[6].neuron_l2_add_lvl1[3][24]  
    core_inst/gen_l2[6].neuron_l2_add_lvl1[3][25]  
    core_inst/gen_l2[6].neuron_l2_add_lvl1[3][26]  
    core_inst/gen_l2[6].neuron_l2_add_lvl1[3][27]  
    core_inst/gen_l2[6].neuron_l2_add_lvl1[3][28]  
    core_inst/gen_l2[6].neuron_l2_add_lvl1[3][29]  
    core_inst/gen_l2[6].neuron_l2_add_lvl1[3][30]  
    core_inst/gen_l2[6].neuron_l2_add_lvl1[3][31]  
    core_inst/gen_l2[6].neuron_l2_add_lvl1[2][17]  
    core_inst/gen_l2[6].neuron_l2_add_lvl1[2][18]  
    core_inst/gen_l2[6].neuron_l2_add_lvl1[2][19]  
    core_inst/gen_l2[6].neuron_l2_add_lvl1[2][20]  
    core_inst/gen_l2[6].neuron_l2_add_lvl1[2][21]  
    core_inst/gen_l2[6].neuron_l2_add_lvl1[2][22]  
    core_inst/gen_l2[6].neuron_l2_add_lvl1[2][23]  
    core_inst/gen_l2[6].neuron_l2_add_lvl1[2][24]  
    core_inst/gen_l2[6].neuron_l2_add_lvl1[2][25]  
    core_inst/gen_l2[6].neuron_l2_add_lvl1[2][26]  
    core_inst/gen_l2[6].neuron_l2_add_lvl1[2][27]  
    core_inst/gen_l2[6].neuron_l2_add_lvl1[2][28]  
    core_inst/gen_l2[6].neuron_l2_add_lvl1[2][29]  
    core_inst/gen_l2[6].neuron_l2_add_lvl1[2][30]  
    core_inst/gen_l2[6].neuron_l2_add_lvl1[2][31]  
    core_inst/gen_l2[6].neuron_l2_add_lvl1[1][17]  
    core_inst/gen_l2[6].neuron_l2_add_lvl1[1][18]  
    core_inst/gen_l2[6].neuron_l2_add_lvl1[1][19]  
    core_inst/gen_l2[6].neuron_l2_add_lvl1[1][20]  
    core_inst/gen_l2[6].neuron_l2_add_lvl1[1][21]  
    core_inst/gen_l2[6].neuron_l2_add_lvl1[1][22]  
    core_inst/gen_l2[6].neuron_l2_add_lvl1[1][23]  
    core_inst/gen_l2[6].neuron_l2_add_lvl1[1][24]  
    core_inst/gen_l2[6].neuron_l2_add_lvl1[1][25]  
    core_inst/gen_l2[6].neuron_l2_add_lvl1[1][26]  
    core_inst/gen_l2[6].neuron_l2_add_lvl1[1][27]  
    core_inst/gen_l2[6].neuron_l2_add_lvl1[1][28]  
    core_inst/gen_l2[6].neuron_l2_add_lvl1[1][29]  
    core_inst/gen_l2[6].neuron_l2_add_lvl1[1][30]  
    core_inst/gen_l2[6].neuron_l2_add_lvl1[1][31]  
    core_inst/gen_l2[6].neuron_l2_add_lvl1[0][17]  
    core_inst/gen_l2[6].neuron_l2_add_lvl1[0][18]  
    core_inst/gen_l2[6].neuron_l2_add_lvl1[0][19]  
    core_inst/gen_l2[6].neuron_l2_add_lvl1[0][20]  
    core_inst/gen_l2[6].neuron_l2_add_lvl1[0][21]  
    core_inst/gen_l2[6].neuron_l2_add_lvl1[0][22]  
    core_inst/gen_l2[6].neuron_l2_add_lvl1[0][23]  
    core_inst/gen_l2[6].neuron_l2_add_lvl1[0][24]  
    core_inst/gen_l2[6].neuron_l2_add_lvl1[0][25]  
    core_inst/gen_l2[6].neuron_l2_add_lvl1[0][26]  
    core_inst/gen_l2[6].neuron_l2_add_lvl1[0][27]  
    core_inst/gen_l2[6].neuron_l2_add_lvl1[0][28]  
    core_inst/gen_l2[6].neuron_l2_add_lvl1[0][29]  
    core_inst/gen_l2[6].neuron_l2_add_lvl1[0][30]  
    core_inst/gen_l2[6].neuron_l2_add_lvl1[0][31]  
    core_inst/gen_l2[5].neuron_l2_sum_with_bias[0]  
    core_inst/gen_l2[5].neuron_l2_sum_with_bias[1]  
    core_inst/gen_l2[5].neuron_l2_sum_with_bias[2]  
    core_inst/gen_l2[5].neuron_l2_sum_with_bias[3]  
    core_inst/gen_l2[5].neuron_l2_sum_with_bias[4]  
    core_inst/gen_l2[5].neuron_l2_sum_with_bias[19]  
    core_inst/gen_l2[5].neuron_l2_sum_with_bias[20]  
    core_inst/gen_l2[5].neuron_l2_sum_with_bias[21]  
    core_inst/gen_l2[5].neuron_l2_sum_with_bias[22]  
    core_inst/gen_l2[5].neuron_l2_sum_with_bias[23]  
    core_inst/gen_l2[5].neuron_l2_sum_with_bias[24]  
    core_inst/gen_l2[5].neuron_l2_sum_with_bias[25]  
    core_inst/gen_l2[5].neuron_l2_sum_with_bias[26]  
    core_inst/gen_l2[5].neuron_l2_sum_with_bias[27]  
    core_inst/gen_l2[5].neuron_l2_sum_with_bias[28]  
    core_inst/gen_l2[5].neuron_l2_sum_with_bias[29]  
    core_inst/gen_l2[5].neuron_l2_sum_with_bias[30]  
    core_inst/gen_l2[5].neuron_l2_add_lvl2_1[18]  
    core_inst/gen_l2[5].neuron_l2_add_lvl2_1[19]  
    core_inst/gen_l2[5].neuron_l2_add_lvl2_1[20]  
    core_inst/gen_l2[5].neuron_l2_add_lvl2_1[21]  
    core_inst/gen_l2[5].neuron_l2_add_lvl2_1[22]  
    core_inst/gen_l2[5].neuron_l2_add_lvl2_1[23]  
    core_inst/gen_l2[5].neuron_l2_add_lvl2_1[24]  
    core_inst/gen_l2[5].neuron_l2_add_lvl2_1[25]  
    core_inst/gen_l2[5].neuron_l2_add_lvl2_1[26]  
    core_inst/gen_l2[5].neuron_l2_add_lvl2_1[27]  
    core_inst/gen_l2[5].neuron_l2_add_lvl2_1[28]  
    core_inst/gen_l2[5].neuron_l2_add_lvl2_1[29]  
    core_inst/gen_l2[5].neuron_l2_add_lvl2_1[30]  
    core_inst/gen_l2[5].neuron_l2_add_lvl2_1[31]  
    core_inst/gen_l2[5].neuron_l2_add_lvl2_0[18]  
    core_inst/gen_l2[5].neuron_l2_add_lvl2_0[19]  
    core_inst/gen_l2[5].neuron_l2_add_lvl2_0[20]  
    core_inst/gen_l2[5].neuron_l2_add_lvl2_0[21]  
    core_inst/gen_l2[5].neuron_l2_add_lvl2_0[22]  
    core_inst/gen_l2[5].neuron_l2_add_lvl2_0[23]  
    core_inst/gen_l2[5].neuron_l2_add_lvl2_0[24]  
    core_inst/gen_l2[5].neuron_l2_add_lvl2_0[25]  
    core_inst/gen_l2[5].neuron_l2_add_lvl2_0[26]  
    core_inst/gen_l2[5].neuron_l2_add_lvl2_0[27]  
    core_inst/gen_l2[5].neuron_l2_add_lvl2_0[28]  
    core_inst/gen_l2[5].neuron_l2_add_lvl2_0[29]  
    core_inst/gen_l2[5].neuron_l2_add_lvl2_0[30]  
    core_inst/gen_l2[5].neuron_l2_add_lvl2_0[31]  
    core_inst/gen_l2[5].neuron_l2_add_lvl1[3][17]  
    core_inst/gen_l2[5].neuron_l2_add_lvl1[3][18]  
    core_inst/gen_l2[5].neuron_l2_add_lvl1[3][19]  
    core_inst/gen_l2[5].neuron_l2_add_lvl1[3][20]  
    core_inst/gen_l2[5].neuron_l2_add_lvl1[3][21]  
    core_inst/gen_l2[5].neuron_l2_add_lvl1[3][22]  
    core_inst/gen_l2[5].neuron_l2_add_lvl1[3][23]  
    core_inst/gen_l2[5].neuron_l2_add_lvl1[3][24]  
    core_inst/gen_l2[5].neuron_l2_add_lvl1[3][25]  
    core_inst/gen_l2[5].neuron_l2_add_lvl1[3][26]  
    core_inst/gen_l2[5].neuron_l2_add_lvl1[3][27]  
    core_inst/gen_l2[5].neuron_l2_add_lvl1[3][28]  
    core_inst/gen_l2[5].neuron_l2_add_lvl1[3][29]  
    core_inst/gen_l2[5].neuron_l2_add_lvl1[3][30]  
    core_inst/gen_l2[5].neuron_l2_add_lvl1[3][31]  
    core_inst/gen_l2[5].neuron_l2_add_lvl1[2][17]  
    core_inst/gen_l2[5].neuron_l2_add_lvl1[2][18]  
    core_inst/gen_l2[5].neuron_l2_add_lvl1[2][19]  
    core_inst/gen_l2[5].neuron_l2_add_lvl1[2][20]  
    core_inst/gen_l2[5].neuron_l2_add_lvl1[2][21]  
    core_inst/gen_l2[5].neuron_l2_add_lvl1[2][22]  
    core_inst/gen_l2[5].neuron_l2_add_lvl1[2][23]  
    core_inst/gen_l2[5].neuron_l2_add_lvl1[2][24]  
    core_inst/gen_l2[5].neuron_l2_add_lvl1[2][25]  
    core_inst/gen_l2[5].neuron_l2_add_lvl1[2][26]  
    core_inst/gen_l2[5].neuron_l2_add_lvl1[2][27]  
    core_inst/gen_l2[5].neuron_l2_add_lvl1[2][28]  
    core_inst/gen_l2[5].neuron_l2_add_lvl1[2][29]  
    core_inst/gen_l2[5].neuron_l2_add_lvl1[2][30]  
    core_inst/gen_l2[5].neuron_l2_add_lvl1[2][31]  
    core_inst/gen_l2[5].neuron_l2_add_lvl1[1][17]  
    core_inst/gen_l2[5].neuron_l2_add_lvl1[1][18]  
    core_inst/gen_l2[5].neuron_l2_add_lvl1[1][19]  
    core_inst/gen_l2[5].neuron_l2_add_lvl1[1][20]  
    core_inst/gen_l2[5].neuron_l2_add_lvl1[1][21]  
    core_inst/gen_l2[5].neuron_l2_add_lvl1[1][22]  
    core_inst/gen_l2[5].neuron_l2_add_lvl1[1][23]  
    core_inst/gen_l2[5].neuron_l2_add_lvl1[1][24]  
    core_inst/gen_l2[5].neuron_l2_add_lvl1[1][25]  
    core_inst/gen_l2[5].neuron_l2_add_lvl1[1][26]  
    core_inst/gen_l2[5].neuron_l2_add_lvl1[1][27]  
    core_inst/gen_l2[5].neuron_l2_add_lvl1[1][28]  
    core_inst/gen_l2[5].neuron_l2_add_lvl1[1][29]  
    core_inst/gen_l2[5].neuron_l2_add_lvl1[1][30]  
    core_inst/gen_l2[5].neuron_l2_add_lvl1[1][31]  
    core_inst/gen_l2[5].neuron_l2_add_lvl1[0][17]  
    core_inst/gen_l2[5].neuron_l2_add_lvl1[0][18]  
    core_inst/gen_l2[5].neuron_l2_add_lvl1[0][19]  
    core_inst/gen_l2[5].neuron_l2_add_lvl1[0][20]  
    core_inst/gen_l2[5].neuron_l2_add_lvl1[0][21]  
    core_inst/gen_l2[5].neuron_l2_add_lvl1[0][22]  
    core_inst/gen_l2[5].neuron_l2_add_lvl1[0][23]  
    core_inst/gen_l2[5].neuron_l2_add_lvl1[0][24]  
    core_inst/gen_l2[5].neuron_l2_add_lvl1[0][25]  
    core_inst/gen_l2[5].neuron_l2_add_lvl1[0][26]  
    core_inst/gen_l2[5].neuron_l2_add_lvl1[0][27]  
    core_inst/gen_l2[5].neuron_l2_add_lvl1[0][28]  
    core_inst/gen_l2[5].neuron_l2_add_lvl1[0][29]  
    core_inst/gen_l2[5].neuron_l2_add_lvl1[0][30]  
    core_inst/gen_l2[5].neuron_l2_add_lvl1[0][31]  
    core_inst/gen_l2[4].neuron_l2_sum_with_bias[0]  
    core_inst/gen_l2[4].neuron_l2_sum_with_bias[1]  
    core_inst/gen_l2[4].neuron_l2_sum_with_bias[2]  
    core_inst/gen_l2[4].neuron_l2_sum_with_bias[3]  
    core_inst/gen_l2[4].neuron_l2_sum_with_bias[4]  
    core_inst/gen_l2[4].neuron_l2_sum_with_bias[19]  
    core_inst/gen_l2[4].neuron_l2_sum_with_bias[20]  
    core_inst/gen_l2[4].neuron_l2_sum_with_bias[21]  
    core_inst/gen_l2[4].neuron_l2_sum_with_bias[22]  
    core_inst/gen_l2[4].neuron_l2_sum_with_bias[23]  
    core_inst/gen_l2[4].neuron_l2_sum_with_bias[24]  
    core_inst/gen_l2[4].neuron_l2_sum_with_bias[25]  
    core_inst/gen_l2[4].neuron_l2_sum_with_bias[26]  
    core_inst/gen_l2[4].neuron_l2_sum_with_bias[27]  
    core_inst/gen_l2[4].neuron_l2_sum_with_bias[28]  
    core_inst/gen_l2[4].neuron_l2_sum_with_bias[29]  
    core_inst/gen_l2[4].neuron_l2_sum_with_bias[30]  
    core_inst/gen_l2[4].neuron_l2_add_lvl2_1[18]  
    core_inst/gen_l2[4].neuron_l2_add_lvl2_1[19]  
    core_inst/gen_l2[4].neuron_l2_add_lvl2_1[20]  
    core_inst/gen_l2[4].neuron_l2_add_lvl2_1[21]  
    core_inst/gen_l2[4].neuron_l2_add_lvl2_1[22]  
    core_inst/gen_l2[4].neuron_l2_add_lvl2_1[23]  
    core_inst/gen_l2[4].neuron_l2_add_lvl2_1[24]  
    core_inst/gen_l2[4].neuron_l2_add_lvl2_1[25]  
    core_inst/gen_l2[4].neuron_l2_add_lvl2_1[26]  
    core_inst/gen_l2[4].neuron_l2_add_lvl2_1[27]  
    core_inst/gen_l2[4].neuron_l2_add_lvl2_1[28]  
    core_inst/gen_l2[4].neuron_l2_add_lvl2_1[29]  
    core_inst/gen_l2[4].neuron_l2_add_lvl2_1[30]  
    core_inst/gen_l2[4].neuron_l2_add_lvl2_1[31]  
    core_inst/gen_l2[4].neuron_l2_add_lvl2_0[18]  
    core_inst/gen_l2[4].neuron_l2_add_lvl2_0[19]  
    core_inst/gen_l2[4].neuron_l2_add_lvl2_0[20]  
    core_inst/gen_l2[4].neuron_l2_add_lvl2_0[21]  
    core_inst/gen_l2[4].neuron_l2_add_lvl2_0[22]  
    core_inst/gen_l2[4].neuron_l2_add_lvl2_0[23]  
    core_inst/gen_l2[4].neuron_l2_add_lvl2_0[24]  
    core_inst/gen_l2[4].neuron_l2_add_lvl2_0[25]  
    core_inst/gen_l2[4].neuron_l2_add_lvl2_0[26]  
    core_inst/gen_l2[4].neuron_l2_add_lvl2_0[27]  
    core_inst/gen_l2[4].neuron_l2_add_lvl2_0[28]  
    core_inst/gen_l2[4].neuron_l2_add_lvl2_0[29]  
    core_inst/gen_l2[4].neuron_l2_add_lvl2_0[30]  
    core_inst/gen_l2[4].neuron_l2_add_lvl2_0[31]  
    core_inst/gen_l2[4].neuron_l2_add_lvl1[3][17]  
    core_inst/gen_l2[4].neuron_l2_add_lvl1[3][18]  
    core_inst/gen_l2[4].neuron_l2_add_lvl1[3][19]  
    core_inst/gen_l2[4].neuron_l2_add_lvl1[3][20]  
    core_inst/gen_l2[4].neuron_l2_add_lvl1[3][21]  
    core_inst/gen_l2[4].neuron_l2_add_lvl1[3][22]  
    core_inst/gen_l2[4].neuron_l2_add_lvl1[3][23]  
    core_inst/gen_l2[4].neuron_l2_add_lvl1[3][24]  
    core_inst/gen_l2[4].neuron_l2_add_lvl1[3][25]  
    core_inst/gen_l2[4].neuron_l2_add_lvl1[3][26]  
    core_inst/gen_l2[4].neuron_l2_add_lvl1[3][27]  
    core_inst/gen_l2[4].neuron_l2_add_lvl1[3][28]  
    core_inst/gen_l2[4].neuron_l2_add_lvl1[3][29]  
    core_inst/gen_l2[4].neuron_l2_add_lvl1[3][30]  
    core_inst/gen_l2[4].neuron_l2_add_lvl1[3][31]  
    core_inst/gen_l2[4].neuron_l2_add_lvl1[2][17]  
    core_inst/gen_l2[4].neuron_l2_add_lvl1[2][18]  
    core_inst/gen_l2[4].neuron_l2_add_lvl1[2][19]  
    core_inst/gen_l2[4].neuron_l2_add_lvl1[2][20]  
    core_inst/gen_l2[4].neuron_l2_add_lvl1[2][21]  
    core_inst/gen_l2[4].neuron_l2_add_lvl1[2][22]  
    core_inst/gen_l2[4].neuron_l2_add_lvl1[2][23]  
    core_inst/gen_l2[4].neuron_l2_add_lvl1[2][24]  
    core_inst/gen_l2[4].neuron_l2_add_lvl1[2][25]  
    core_inst/gen_l2[4].neuron_l2_add_lvl1[2][26]  
    core_inst/gen_l2[4].neuron_l2_add_lvl1[2][27]  
    core_inst/gen_l2[4].neuron_l2_add_lvl1[2][28]  
    core_inst/gen_l2[4].neuron_l2_add_lvl1[2][29]  
    core_inst/gen_l2[4].neuron_l2_add_lvl1[2][30]  
    core_inst/gen_l2[4].neuron_l2_add_lvl1[2][31]  
    core_inst/gen_l2[4].neuron_l2_add_lvl1[1][17]  
    core_inst/gen_l2[4].neuron_l2_add_lvl1[1][18]  
    core_inst/gen_l2[4].neuron_l2_add_lvl1[1][19]  
    core_inst/gen_l2[4].neuron_l2_add_lvl1[1][20]  
    core_inst/gen_l2[4].neuron_l2_add_lvl1[1][21]  
    core_inst/gen_l2[4].neuron_l2_add_lvl1[1][22]  
    core_inst/gen_l2[4].neuron_l2_add_lvl1[1][23]  
    core_inst/gen_l2[4].neuron_l2_add_lvl1[1][24]  
    core_inst/gen_l2[4].neuron_l2_add_lvl1[1][25]  
    core_inst/gen_l2[4].neuron_l2_add_lvl1[1][26]  
    core_inst/gen_l2[4].neuron_l2_add_lvl1[1][27]  
    core_inst/gen_l2[4].neuron_l2_add_lvl1[1][28]  
    core_inst/gen_l2[4].neuron_l2_add_lvl1[1][29]  
    core_inst/gen_l2[4].neuron_l2_add_lvl1[1][30]  
    core_inst/gen_l2[4].neuron_l2_add_lvl1[1][31]  
    core_inst/gen_l2[4].neuron_l2_add_lvl1[0][17]  
    core_inst/gen_l2[4].neuron_l2_add_lvl1[0][18]  
    core_inst/gen_l2[4].neuron_l2_add_lvl1[0][19]  
    core_inst/gen_l2[4].neuron_l2_add_lvl1[0][20]  
    core_inst/gen_l2[4].neuron_l2_add_lvl1[0][21]  
    core_inst/gen_l2[4].neuron_l2_add_lvl1[0][22]  
    core_inst/gen_l2[4].neuron_l2_add_lvl1[0][23]  
    core_inst/gen_l2[4].neuron_l2_add_lvl1[0][24]  
    core_inst/gen_l2[4].neuron_l2_add_lvl1[0][25]  
    core_inst/gen_l2[4].neuron_l2_add_lvl1[0][26]  
    core_inst/gen_l2[4].neuron_l2_add_lvl1[0][27]  
    core_inst/gen_l2[4].neuron_l2_add_lvl1[0][28]  
    core_inst/gen_l2[4].neuron_l2_add_lvl1[0][29]  
    core_inst/gen_l2[4].neuron_l2_add_lvl1[0][30]  
    core_inst/gen_l2[4].neuron_l2_add_lvl1[0][31]  
    core_inst/gen_l2[3].neuron_l2_sum_with_bias[0]  
    core_inst/gen_l2[3].neuron_l2_sum_with_bias[1]  
    core_inst/gen_l2[3].neuron_l2_sum_with_bias[2]  
    core_inst/gen_l2[3].neuron_l2_sum_with_bias[3]  
    core_inst/gen_l2[3].neuron_l2_sum_with_bias[4]  
    core_inst/gen_l2[3].neuron_l2_sum_with_bias[19]  
    core_inst/gen_l2[3].neuron_l2_sum_with_bias[20]  
    core_inst/gen_l2[3].neuron_l2_sum_with_bias[21]  
    core_inst/gen_l2[3].neuron_l2_sum_with_bias[22]  
    core_inst/gen_l2[3].neuron_l2_sum_with_bias[23]  
    core_inst/gen_l2[3].neuron_l2_sum_with_bias[24]  
    core_inst/gen_l2[3].neuron_l2_sum_with_bias[25]  
    core_inst/gen_l2[3].neuron_l2_sum_with_bias[26]  
    core_inst/gen_l2[3].neuron_l2_sum_with_bias[27]  
    core_inst/gen_l2[3].neuron_l2_sum_with_bias[28]  
    core_inst/gen_l2[3].neuron_l2_sum_with_bias[29]  
    core_inst/gen_l2[3].neuron_l2_sum_with_bias[30]  
    core_inst/gen_l2[3].neuron_l2_add_lvl2_1[18]  
    core_inst/gen_l2[3].neuron_l2_add_lvl2_1[19]  
    core_inst/gen_l2[3].neuron_l2_add_lvl2_1[20]  
    core_inst/gen_l2[3].neuron_l2_add_lvl2_1[21]  
    core_inst/gen_l2[3].neuron_l2_add_lvl2_1[22]  
    core_inst/gen_l2[3].neuron_l2_add_lvl2_1[23]  
    core_inst/gen_l2[3].neuron_l2_add_lvl2_1[24]  
    core_inst/gen_l2[3].neuron_l2_add_lvl2_1[25]  
    core_inst/gen_l2[3].neuron_l2_add_lvl2_1[26]  
    core_inst/gen_l2[3].neuron_l2_add_lvl2_1[27]  
    core_inst/gen_l2[3].neuron_l2_add_lvl2_1[28]  
    core_inst/gen_l2[3].neuron_l2_add_lvl2_1[29]  
    core_inst/gen_l2[3].neuron_l2_add_lvl2_1[30]  
    core_inst/gen_l2[3].neuron_l2_add_lvl2_1[31]  
    core_inst/gen_l2[3].neuron_l2_add_lvl2_0[18]  
    core_inst/gen_l2[3].neuron_l2_add_lvl2_0[19]  
    core_inst/gen_l2[3].neuron_l2_add_lvl2_0[20]  
    core_inst/gen_l2[3].neuron_l2_add_lvl2_0[21]  
    core_inst/gen_l2[3].neuron_l2_add_lvl2_0[22]  
    core_inst/gen_l2[3].neuron_l2_add_lvl2_0[23]  
    core_inst/gen_l2[3].neuron_l2_add_lvl2_0[24]  
    core_inst/gen_l2[3].neuron_l2_add_lvl2_0[25]  
    core_inst/gen_l2[3].neuron_l2_add_lvl2_0[26]  
    core_inst/gen_l2[3].neuron_l2_add_lvl2_0[27]  
    core_inst/gen_l2[3].neuron_l2_add_lvl2_0[28]  
    core_inst/gen_l2[3].neuron_l2_add_lvl2_0[29]  
    core_inst/gen_l2[3].neuron_l2_add_lvl2_0[30]  
    core_inst/gen_l2[3].neuron_l2_add_lvl2_0[31]  
    core_inst/gen_l2[3].neuron_l2_add_lvl1[3][17]  
    core_inst/gen_l2[3].neuron_l2_add_lvl1[3][18]  
    core_inst/gen_l2[3].neuron_l2_add_lvl1[3][19]  
    core_inst/gen_l2[3].neuron_l2_add_lvl1[3][20]  
    core_inst/gen_l2[3].neuron_l2_add_lvl1[3][21]  
    core_inst/gen_l2[3].neuron_l2_add_lvl1[3][22]  
    core_inst/gen_l2[3].neuron_l2_add_lvl1[3][23]  
    core_inst/gen_l2[3].neuron_l2_add_lvl1[3][24]  
    core_inst/gen_l2[3].neuron_l2_add_lvl1[3][25]  
    core_inst/gen_l2[3].neuron_l2_add_lvl1[3][26]  
    core_inst/gen_l2[3].neuron_l2_add_lvl1[3][27]  
    core_inst/gen_l2[3].neuron_l2_add_lvl1[3][28]  
    core_inst/gen_l2[3].neuron_l2_add_lvl1[3][29]  
    core_inst/gen_l2[3].neuron_l2_add_lvl1[3][30]  
    core_inst/gen_l2[3].neuron_l2_add_lvl1[3][31]  
    core_inst/gen_l2[3].neuron_l2_add_lvl1[2][17]  
    core_inst/gen_l2[3].neuron_l2_add_lvl1[2][18]  
    core_inst/gen_l2[3].neuron_l2_add_lvl1[2][19]  
    core_inst/gen_l2[3].neuron_l2_add_lvl1[2][20]  
    core_inst/gen_l2[3].neuron_l2_add_lvl1[2][21]  
    core_inst/gen_l2[3].neuron_l2_add_lvl1[2][22]  
    core_inst/gen_l2[3].neuron_l2_add_lvl1[2][23]  
    core_inst/gen_l2[3].neuron_l2_add_lvl1[2][24]  
    core_inst/gen_l2[3].neuron_l2_add_lvl1[2][25]  
    core_inst/gen_l2[3].neuron_l2_add_lvl1[2][26]  
    core_inst/gen_l2[3].neuron_l2_add_lvl1[2][27]  
    core_inst/gen_l2[3].neuron_l2_add_lvl1[2][28]  
    core_inst/gen_l2[3].neuron_l2_add_lvl1[2][29]  
    core_inst/gen_l2[3].neuron_l2_add_lvl1[2][30]  
    core_inst/gen_l2[3].neuron_l2_add_lvl1[2][31]  
    core_inst/gen_l2[3].neuron_l2_add_lvl1[1][17]  
    core_inst/gen_l2[3].neuron_l2_add_lvl1[1][18]  
    core_inst/gen_l2[3].neuron_l2_add_lvl1[1][19]  
    core_inst/gen_l2[3].neuron_l2_add_lvl1[1][20]  
    core_inst/gen_l2[3].neuron_l2_add_lvl1[1][21]  
    core_inst/gen_l2[3].neuron_l2_add_lvl1[1][22]  
    core_inst/gen_l2[3].neuron_l2_add_lvl1[1][23]  
    core_inst/gen_l2[3].neuron_l2_add_lvl1[1][24]  
    core_inst/gen_l2[3].neuron_l2_add_lvl1[1][25]  
    core_inst/gen_l2[3].neuron_l2_add_lvl1[1][26]  
    core_inst/gen_l2[3].neuron_l2_add_lvl1[1][27]  
    core_inst/gen_l2[3].neuron_l2_add_lvl1[1][28]  
    core_inst/gen_l2[3].neuron_l2_add_lvl1[1][29]  
    core_inst/gen_l2[3].neuron_l2_add_lvl1[1][30]  
    core_inst/gen_l2[3].neuron_l2_add_lvl1[1][31]  
    core_inst/gen_l2[3].neuron_l2_add_lvl1[0][17]  
    core_inst/gen_l2[3].neuron_l2_add_lvl1[0][18]  
    core_inst/gen_l2[3].neuron_l2_add_lvl1[0][19]  
    core_inst/gen_l2[3].neuron_l2_add_lvl1[0][20]  
    core_inst/gen_l2[3].neuron_l2_add_lvl1[0][21]  
    core_inst/gen_l2[3].neuron_l2_add_lvl1[0][22]  
    core_inst/gen_l2[3].neuron_l2_add_lvl1[0][23]  
    core_inst/gen_l2[3].neuron_l2_add_lvl1[0][24]  
    core_inst/gen_l2[3].neuron_l2_add_lvl1[0][25]  
    core_inst/gen_l2[3].neuron_l2_add_lvl1[0][26]  
    core_inst/gen_l2[3].neuron_l2_add_lvl1[0][27]  
    core_inst/gen_l2[3].neuron_l2_add_lvl1[0][28]  
    core_inst/gen_l2[3].neuron_l2_add_lvl1[0][29]  
    core_inst/gen_l2[3].neuron_l2_add_lvl1[0][30]  
    core_inst/gen_l2[3].neuron_l2_add_lvl1[0][31]  
    core_inst/gen_l2[2].neuron_l2_sum_with_bias[0]  
    core_inst/gen_l2[2].neuron_l2_sum_with_bias[1]  
    core_inst/gen_l2[2].neuron_l2_sum_with_bias[2]  
    core_inst/gen_l2[2].neuron_l2_sum_with_bias[3]  
    core_inst/gen_l2[2].neuron_l2_sum_with_bias[4]  
    core_inst/gen_l2[2].neuron_l2_sum_with_bias[19]  
    core_inst/gen_l2[2].neuron_l2_sum_with_bias[20]  
    core_inst/gen_l2[2].neuron_l2_sum_with_bias[21]  
    core_inst/gen_l2[2].neuron_l2_sum_with_bias[22]  
    core_inst/gen_l2[2].neuron_l2_sum_with_bias[23]  
    core_inst/gen_l2[2].neuron_l2_sum_with_bias[24]  
    core_inst/gen_l2[2].neuron_l2_sum_with_bias[25]  
    core_inst/gen_l2[2].neuron_l2_sum_with_bias[26]  
    core_inst/gen_l2[2].neuron_l2_sum_with_bias[27]  
    core_inst/gen_l2[2].neuron_l2_sum_with_bias[28]  
    core_inst/gen_l2[2].neuron_l2_sum_with_bias[29]  
    core_inst/gen_l2[2].neuron_l2_sum_with_bias[30]  
    core_inst/gen_l2[2].neuron_l2_add_lvl2_1[18]  
    core_inst/gen_l2[2].neuron_l2_add_lvl2_1[19]  
    core_inst/gen_l2[2].neuron_l2_add_lvl2_1[20]  
    core_inst/gen_l2[2].neuron_l2_add_lvl2_1[21]  
    core_inst/gen_l2[2].neuron_l2_add_lvl2_1[22]  
    core_inst/gen_l2[2].neuron_l2_add_lvl2_1[23]  
    core_inst/gen_l2[2].neuron_l2_add_lvl2_1[24]  
    core_inst/gen_l2[2].neuron_l2_add_lvl2_1[25]  
    core_inst/gen_l2[2].neuron_l2_add_lvl2_1[26]  
    core_inst/gen_l2[2].neuron_l2_add_lvl2_1[27]  
    core_inst/gen_l2[2].neuron_l2_add_lvl2_1[28]  
    core_inst/gen_l2[2].neuron_l2_add_lvl2_1[29]  
    core_inst/gen_l2[2].neuron_l2_add_lvl2_1[30]  
    core_inst/gen_l2[2].neuron_l2_add_lvl2_1[31]  
    core_inst/gen_l2[2].neuron_l2_add_lvl2_0[18]  
    core_inst/gen_l2[2].neuron_l2_add_lvl2_0[19]  
    core_inst/gen_l2[2].neuron_l2_add_lvl2_0[20]  
    core_inst/gen_l2[2].neuron_l2_add_lvl2_0[21]  
    core_inst/gen_l2[2].neuron_l2_add_lvl2_0[22]  
    core_inst/gen_l2[2].neuron_l2_add_lvl2_0[23]  
    core_inst/gen_l2[2].neuron_l2_add_lvl2_0[24]  
    core_inst/gen_l2[2].neuron_l2_add_lvl2_0[25]  
    core_inst/gen_l2[2].neuron_l2_add_lvl2_0[26]  
    core_inst/gen_l2[2].neuron_l2_add_lvl2_0[27]  
    core_inst/gen_l2[2].neuron_l2_add_lvl2_0[28]  
    core_inst/gen_l2[2].neuron_l2_add_lvl2_0[29]  
    core_inst/gen_l2[2].neuron_l2_add_lvl2_0[30]  
    core_inst/gen_l2[2].neuron_l2_add_lvl2_0[31]  
    core_inst/gen_l2[2].neuron_l2_add_lvl1[3][17]  
    core_inst/gen_l2[2].neuron_l2_add_lvl1[3][18]  
    core_inst/gen_l2[2].neuron_l2_add_lvl1[3][19]  
    core_inst/gen_l2[2].neuron_l2_add_lvl1[3][20]  
    core_inst/gen_l2[2].neuron_l2_add_lvl1[3][21]  
    core_inst/gen_l2[2].neuron_l2_add_lvl1[3][22]  
    core_inst/gen_l2[2].neuron_l2_add_lvl1[3][23]  
    core_inst/gen_l2[2].neuron_l2_add_lvl1[3][24]  
    core_inst/gen_l2[2].neuron_l2_add_lvl1[3][25]  
    core_inst/gen_l2[2].neuron_l2_add_lvl1[3][26]  
    core_inst/gen_l2[2].neuron_l2_add_lvl1[3][27]  
    core_inst/gen_l2[2].neuron_l2_add_lvl1[3][28]  
    core_inst/gen_l2[2].neuron_l2_add_lvl1[3][29]  
    core_inst/gen_l2[2].neuron_l2_add_lvl1[3][30]  
    core_inst/gen_l2[2].neuron_l2_add_lvl1[3][31]  
    core_inst/gen_l2[2].neuron_l2_add_lvl1[2][17]  
    core_inst/gen_l2[2].neuron_l2_add_lvl1[2][18]  
    core_inst/gen_l2[2].neuron_l2_add_lvl1[2][19]  
    core_inst/gen_l2[2].neuron_l2_add_lvl1[2][20]  
    core_inst/gen_l2[2].neuron_l2_add_lvl1[2][21]  
    core_inst/gen_l2[2].neuron_l2_add_lvl1[2][22]  
    core_inst/gen_l2[2].neuron_l2_add_lvl1[2][23]  
    core_inst/gen_l2[2].neuron_l2_add_lvl1[2][24]  
    core_inst/gen_l2[2].neuron_l2_add_lvl1[2][25]  
    core_inst/gen_l2[2].neuron_l2_add_lvl1[2][26]  
    core_inst/gen_l2[2].neuron_l2_add_lvl1[2][27]  
    core_inst/gen_l2[2].neuron_l2_add_lvl1[2][28]  
    core_inst/gen_l2[2].neuron_l2_add_lvl1[2][29]  
    core_inst/gen_l2[2].neuron_l2_add_lvl1[2][30]  
    core_inst/gen_l2[2].neuron_l2_add_lvl1[2][31]  
    core_inst/gen_l2[2].neuron_l2_add_lvl1[1][17]  
    core_inst/gen_l2[2].neuron_l2_add_lvl1[1][18]  
    core_inst/gen_l2[2].neuron_l2_add_lvl1[1][19]  
    core_inst/gen_l2[2].neuron_l2_add_lvl1[1][20]  
    core_inst/gen_l2[2].neuron_l2_add_lvl1[1][21]  
    core_inst/gen_l2[2].neuron_l2_add_lvl1[1][22]  
    core_inst/gen_l2[2].neuron_l2_add_lvl1[1][23]  
    core_inst/gen_l2[2].neuron_l2_add_lvl1[1][24]  
    core_inst/gen_l2[2].neuron_l2_add_lvl1[1][25]  
    core_inst/gen_l2[2].neuron_l2_add_lvl1[1][26]  
    core_inst/gen_l2[2].neuron_l2_add_lvl1[1][27]  
    core_inst/gen_l2[2].neuron_l2_add_lvl1[1][28]  
    core_inst/gen_l2[2].neuron_l2_add_lvl1[1][29]  
    core_inst/gen_l2[2].neuron_l2_add_lvl1[1][30]  
    core_inst/gen_l2[2].neuron_l2_add_lvl1[1][31]  
    core_inst/gen_l2[2].neuron_l2_add_lvl1[0][17]  
    core_inst/gen_l2[2].neuron_l2_add_lvl1[0][18]  
    core_inst/gen_l2[2].neuron_l2_add_lvl1[0][19]  
    core_inst/gen_l2[2].neuron_l2_add_lvl1[0][20]  
    core_inst/gen_l2[2].neuron_l2_add_lvl1[0][21]  
    core_inst/gen_l2[2].neuron_l2_add_lvl1[0][22]  
    core_inst/gen_l2[2].neuron_l2_add_lvl1[0][23]  
    core_inst/gen_l2[2].neuron_l2_add_lvl1[0][24]  
    core_inst/gen_l2[2].neuron_l2_add_lvl1[0][25]  
    core_inst/gen_l2[2].neuron_l2_add_lvl1[0][26]  
    core_inst/gen_l2[2].neuron_l2_add_lvl1[0][27]  
    core_inst/gen_l2[2].neuron_l2_add_lvl1[0][28]  
    core_inst/gen_l2[2].neuron_l2_add_lvl1[0][29]  
    core_inst/gen_l2[2].neuron_l2_add_lvl1[0][30]  
    core_inst/gen_l2[2].neuron_l2_add_lvl1[0][31]  
    core_inst/gen_l2[1].neuron_l2_sum_with_bias[0]  
    core_inst/gen_l2[1].neuron_l2_sum_with_bias[1]  
    core_inst/gen_l2[1].neuron_l2_sum_with_bias[2]  
    core_inst/gen_l2[1].neuron_l2_sum_with_bias[3]  
    core_inst/gen_l2[1].neuron_l2_sum_with_bias[4]  
    core_inst/gen_l2[1].neuron_l2_sum_with_bias[19]  
    core_inst/gen_l2[1].neuron_l2_sum_with_bias[20]  
    core_inst/gen_l2[1].neuron_l2_sum_with_bias[21]  
    core_inst/gen_l2[1].neuron_l2_sum_with_bias[22]  
    core_inst/gen_l2[1].neuron_l2_sum_with_bias[23]  
    core_inst/gen_l2[1].neuron_l2_sum_with_bias[24]  
    core_inst/gen_l2[1].neuron_l2_sum_with_bias[25]  
    core_inst/gen_l2[1].neuron_l2_sum_with_bias[26]  
    core_inst/gen_l2[1].neuron_l2_sum_with_bias[27]  
    core_inst/gen_l2[1].neuron_l2_sum_with_bias[28]  
    core_inst/gen_l2[1].neuron_l2_sum_with_bias[29]  
    core_inst/gen_l2[1].neuron_l2_sum_with_bias[30]  
    core_inst/gen_l2[1].neuron_l2_add_lvl2_1[18]  
    core_inst/gen_l2[1].neuron_l2_add_lvl2_1[19]  
    core_inst/gen_l2[1].neuron_l2_add_lvl2_1[20]  
    core_inst/gen_l2[1].neuron_l2_add_lvl2_1[21]  
    core_inst/gen_l2[1].neuron_l2_add_lvl2_1[22]  
    core_inst/gen_l2[1].neuron_l2_add_lvl2_1[23]  
    core_inst/gen_l2[1].neuron_l2_add_lvl2_1[24]  
    core_inst/gen_l2[1].neuron_l2_add_lvl2_1[25]  
    core_inst/gen_l2[1].neuron_l2_add_lvl2_1[26]  
    core_inst/gen_l2[1].neuron_l2_add_lvl2_1[27]  
    core_inst/gen_l2[1].neuron_l2_add_lvl2_1[28]  
    core_inst/gen_l2[1].neuron_l2_add_lvl2_1[29]  
    core_inst/gen_l2[1].neuron_l2_add_lvl2_1[30]  
    core_inst/gen_l2[1].neuron_l2_add_lvl2_1[31]  
    core_inst/gen_l2[1].neuron_l2_add_lvl2_0[18]  
    core_inst/gen_l2[1].neuron_l2_add_lvl2_0[19]  
    core_inst/gen_l2[1].neuron_l2_add_lvl2_0[20]  
    core_inst/gen_l2[1].neuron_l2_add_lvl2_0[21]  
    core_inst/gen_l2[1].neuron_l2_add_lvl2_0[22]  
    core_inst/gen_l2[1].neuron_l2_add_lvl2_0[23]  
    core_inst/gen_l2[1].neuron_l2_add_lvl2_0[24]  
    core_inst/gen_l2[1].neuron_l2_add_lvl2_0[25]  
    core_inst/gen_l2[1].neuron_l2_add_lvl2_0[26]  
    core_inst/gen_l2[1].neuron_l2_add_lvl2_0[27]  
    core_inst/gen_l2[1].neuron_l2_add_lvl2_0[28]  
    core_inst/gen_l2[1].neuron_l2_add_lvl2_0[29]  
    core_inst/gen_l2[1].neuron_l2_add_lvl2_0[30]  
    core_inst/gen_l2[1].neuron_l2_add_lvl2_0[31]  
    core_inst/gen_l2[1].neuron_l2_add_lvl1[3][17]  
    core_inst/gen_l2[1].neuron_l2_add_lvl1[3][18]  
    core_inst/gen_l2[1].neuron_l2_add_lvl1[3][19]  
    core_inst/gen_l2[1].neuron_l2_add_lvl1[3][20]  
    core_inst/gen_l2[1].neuron_l2_add_lvl1[3][21]  
    core_inst/gen_l2[1].neuron_l2_add_lvl1[3][22]  
    core_inst/gen_l2[1].neuron_l2_add_lvl1[3][23]  
    core_inst/gen_l2[1].neuron_l2_add_lvl1[3][24]  
    core_inst/gen_l2[1].neuron_l2_add_lvl1[3][25]  
    core_inst/gen_l2[1].neuron_l2_add_lvl1[3][26]  
    core_inst/gen_l2[1].neuron_l2_add_lvl1[3][27]  
    core_inst/gen_l2[1].neuron_l2_add_lvl1[3][28]  
    core_inst/gen_l2[1].neuron_l2_add_lvl1[3][29]  
    core_inst/gen_l2[1].neuron_l2_add_lvl1[3][30]  
    core_inst/gen_l2[1].neuron_l2_add_lvl1[3][31]  
    core_inst/gen_l2[1].neuron_l2_add_lvl1[2][17]  
    core_inst/gen_l2[1].neuron_l2_add_lvl1[2][18]  
    core_inst/gen_l2[1].neuron_l2_add_lvl1[2][19]  
    core_inst/gen_l2[1].neuron_l2_add_lvl1[2][20]  
    core_inst/gen_l2[1].neuron_l2_add_lvl1[2][21]  
    core_inst/gen_l2[1].neuron_l2_add_lvl1[2][22]  
    core_inst/gen_l2[1].neuron_l2_add_lvl1[2][23]  
    core_inst/gen_l2[1].neuron_l2_add_lvl1[2][24]  
    core_inst/gen_l2[1].neuron_l2_add_lvl1[2][25]  
    core_inst/gen_l2[1].neuron_l2_add_lvl1[2][26]  
    core_inst/gen_l2[1].neuron_l2_add_lvl1[2][27]  
    core_inst/gen_l2[1].neuron_l2_add_lvl1[2][28]  
    core_inst/gen_l2[1].neuron_l2_add_lvl1[2][29]  
    core_inst/gen_l2[1].neuron_l2_add_lvl1[2][30]  
    core_inst/gen_l2[1].neuron_l2_add_lvl1[2][31]  
    core_inst/gen_l2[1].neuron_l2_add_lvl1[1][17]  
    core_inst/gen_l2[1].neuron_l2_add_lvl1[1][18]  
    core_inst/gen_l2[1].neuron_l2_add_lvl1[1][19]  
    core_inst/gen_l2[1].neuron_l2_add_lvl1[1][20]  
    core_inst/gen_l2[1].neuron_l2_add_lvl1[1][21]  
    core_inst/gen_l2[1].neuron_l2_add_lvl1[1][22]  
    core_inst/gen_l2[1].neuron_l2_add_lvl1[1][23]  
    core_inst/gen_l2[1].neuron_l2_add_lvl1[1][24]  
    core_inst/gen_l2[1].neuron_l2_add_lvl1[1][25]  
    core_inst/gen_l2[1].neuron_l2_add_lvl1[1][26]  
    core_inst/gen_l2[1].neuron_l2_add_lvl1[1][27]  
    core_inst/gen_l2[1].neuron_l2_add_lvl1[1][28]  
    core_inst/gen_l2[1].neuron_l2_add_lvl1[1][29]  
    core_inst/gen_l2[1].neuron_l2_add_lvl1[1][30]  
    core_inst/gen_l2[1].neuron_l2_add_lvl1[1][31]  
    core_inst/gen_l2[1].neuron_l2_add_lvl1[0][17]  
    core_inst/gen_l2[1].neuron_l2_add_lvl1[0][18]  
    core_inst/gen_l2[1].neuron_l2_add_lvl1[0][19]  
    core_inst/gen_l2[1].neuron_l2_add_lvl1[0][20]  
    core_inst/gen_l2[1].neuron_l2_add_lvl1[0][21]  
    core_inst/gen_l2[1].neuron_l2_add_lvl1[0][22]  
    core_inst/gen_l2[1].neuron_l2_add_lvl1[0][23]  
    core_inst/gen_l2[1].neuron_l2_add_lvl1[0][24]  
    core_inst/gen_l2[1].neuron_l2_add_lvl1[0][25]  
    core_inst/gen_l2[1].neuron_l2_add_lvl1[0][26]  
    core_inst/gen_l2[1].neuron_l2_add_lvl1[0][27]  
    core_inst/gen_l2[1].neuron_l2_add_lvl1[0][28]  
    core_inst/gen_l2[1].neuron_l2_add_lvl1[0][29]  
    core_inst/gen_l2[1].neuron_l2_add_lvl1[0][30]  
    core_inst/gen_l2[1].neuron_l2_add_lvl1[0][31]  
    core_inst/gen_l2[15].neuron_l2_sum_with_bias[0]  
    core_inst/gen_l2[15].neuron_l2_sum_with_bias[1]  
    core_inst/gen_l2[15].neuron_l2_sum_with_bias[2]  
    core_inst/gen_l2[15].neuron_l2_sum_with_bias[3]  
    core_inst/gen_l2[15].neuron_l2_sum_with_bias[4]  
    core_inst/gen_l2[15].neuron_l2_sum_with_bias[19]  
    core_inst/gen_l2[15].neuron_l2_sum_with_bias[20]  
    core_inst/gen_l2[15].neuron_l2_sum_with_bias[21]  
    core_inst/gen_l2[15].neuron_l2_sum_with_bias[22]  
    core_inst/gen_l2[15].neuron_l2_sum_with_bias[23]  
    core_inst/gen_l2[15].neuron_l2_sum_with_bias[24]  
    core_inst/gen_l2[15].neuron_l2_sum_with_bias[25]  
    core_inst/gen_l2[15].neuron_l2_sum_with_bias[26]  
    core_inst/gen_l2[15].neuron_l2_sum_with_bias[27]  
    core_inst/gen_l2[15].neuron_l2_sum_with_bias[28]  
    core_inst/gen_l2[15].neuron_l2_sum_with_bias[29]  
    core_inst/gen_l2[15].neuron_l2_sum_with_bias[30]  
    core_inst/gen_l2[15].neuron_l2_add_lvl2_1[18]  
    core_inst/gen_l2[15].neuron_l2_add_lvl2_1[19]  
    core_inst/gen_l2[15].neuron_l2_add_lvl2_1[20]  
    core_inst/gen_l2[15].neuron_l2_add_lvl2_1[21]  
    core_inst/gen_l2[15].neuron_l2_add_lvl2_1[22]  
    core_inst/gen_l2[15].neuron_l2_add_lvl2_1[23]  
    core_inst/gen_l2[15].neuron_l2_add_lvl2_1[24]  
    core_inst/gen_l2[15].neuron_l2_add_lvl2_1[25]  
    core_inst/gen_l2[15].neuron_l2_add_lvl2_1[26]  
    core_inst/gen_l2[15].neuron_l2_add_lvl2_1[27]  
    core_inst/gen_l2[15].neuron_l2_add_lvl2_1[28]  
    core_inst/gen_l2[15].neuron_l2_add_lvl2_1[29]  
    core_inst/gen_l2[15].neuron_l2_add_lvl2_1[30]  
    core_inst/gen_l2[15].neuron_l2_add_lvl2_1[31]  
    core_inst/gen_l2[15].neuron_l2_add_lvl2_0[18]  
    core_inst/gen_l2[15].neuron_l2_add_lvl2_0[19]  
    core_inst/gen_l2[15].neuron_l2_add_lvl2_0[20]  
    core_inst/gen_l2[15].neuron_l2_add_lvl2_0[21]  
    core_inst/gen_l2[15].neuron_l2_add_lvl2_0[22]  
    core_inst/gen_l2[15].neuron_l2_add_lvl2_0[23]  
    core_inst/gen_l2[15].neuron_l2_add_lvl2_0[24]  
    core_inst/gen_l2[15].neuron_l2_add_lvl2_0[25]  
    core_inst/gen_l2[15].neuron_l2_add_lvl2_0[26]  
    core_inst/gen_l2[15].neuron_l2_add_lvl2_0[27]  
    core_inst/gen_l2[15].neuron_l2_add_lvl2_0[28]  
    core_inst/gen_l2[15].neuron_l2_add_lvl2_0[29]  
    core_inst/gen_l2[15].neuron_l2_add_lvl2_0[30]  
    core_inst/gen_l2[15].neuron_l2_add_lvl2_0[31]  
    core_inst/gen_l2[15].neuron_l2_add_lvl1[3][17]  
    core_inst/gen_l2[15].neuron_l2_add_lvl1[3][18]  
    core_inst/gen_l2[15].neuron_l2_add_lvl1[3][19]  
    core_inst/gen_l2[15].neuron_l2_add_lvl1[3][20]  
    core_inst/gen_l2[15].neuron_l2_add_lvl1[3][21]  
    core_inst/gen_l2[15].neuron_l2_add_lvl1[3][22]  
    core_inst/gen_l2[15].neuron_l2_add_lvl1[3][23]  
    core_inst/gen_l2[15].neuron_l2_add_lvl1[3][24]  
    core_inst/gen_l2[15].neuron_l2_add_lvl1[3][25]  
    core_inst/gen_l2[15].neuron_l2_add_lvl1[3][26]  
    core_inst/gen_l2[15].neuron_l2_add_lvl1[3][27]  
    core_inst/gen_l2[15].neuron_l2_add_lvl1[3][28]  
    core_inst/gen_l2[15].neuron_l2_add_lvl1[3][29]  
    core_inst/gen_l2[15].neuron_l2_add_lvl1[3][30]  
    core_inst/gen_l2[15].neuron_l2_add_lvl1[3][31]  
    core_inst/gen_l2[15].neuron_l2_add_lvl1[2][17]  
    core_inst/gen_l2[15].neuron_l2_add_lvl1[2][18]  
    core_inst/gen_l2[15].neuron_l2_add_lvl1[2][19]  
    core_inst/gen_l2[15].neuron_l2_add_lvl1[2][20]  
    core_inst/gen_l2[15].neuron_l2_add_lvl1[2][21]  
    core_inst/gen_l2[15].neuron_l2_add_lvl1[2][22]  
    core_inst/gen_l2[15].neuron_l2_add_lvl1[2][23]  
    core_inst/gen_l2[15].neuron_l2_add_lvl1[2][24]  
    core_inst/gen_l2[15].neuron_l2_add_lvl1[2][25]  
    core_inst/gen_l2[15].neuron_l2_add_lvl1[2][26]  
    core_inst/gen_l2[15].neuron_l2_add_lvl1[2][27]  
    core_inst/gen_l2[15].neuron_l2_add_lvl1[2][28]  
    core_inst/gen_l2[15].neuron_l2_add_lvl1[2][29]  
    core_inst/gen_l2[15].neuron_l2_add_lvl1[2][30]  
    core_inst/gen_l2[15].neuron_l2_add_lvl1[2][31]  
    core_inst/gen_l2[15].neuron_l2_add_lvl1[1][17]  
    core_inst/gen_l2[15].neuron_l2_add_lvl1[1][18]  
    core_inst/gen_l2[15].neuron_l2_add_lvl1[1][19]  
    core_inst/gen_l2[15].neuron_l2_add_lvl1[1][20]  
    core_inst/gen_l2[15].neuron_l2_add_lvl1[1][21]  
    core_inst/gen_l2[15].neuron_l2_add_lvl1[1][22]  
    core_inst/gen_l2[15].neuron_l2_add_lvl1[1][23]  
    core_inst/gen_l2[15].neuron_l2_add_lvl1[1][24]  
    core_inst/gen_l2[15].neuron_l2_add_lvl1[1][25]  
    core_inst/gen_l2[15].neuron_l2_add_lvl1[1][26]  
    core_inst/gen_l2[15].neuron_l2_add_lvl1[1][27]  
    core_inst/gen_l2[15].neuron_l2_add_lvl1[1][28]  
    core_inst/gen_l2[15].neuron_l2_add_lvl1[1][29]  
    core_inst/gen_l2[15].neuron_l2_add_lvl1[1][30]  
    core_inst/gen_l2[15].neuron_l2_add_lvl1[1][31]  
    core_inst/gen_l2[15].neuron_l2_add_lvl1[0][17]  
    core_inst/gen_l2[15].neuron_l2_add_lvl1[0][18]  
    core_inst/gen_l2[15].neuron_l2_add_lvl1[0][19]  
    core_inst/gen_l2[15].neuron_l2_add_lvl1[0][20]  
    core_inst/gen_l2[15].neuron_l2_add_lvl1[0][21]  
    core_inst/gen_l2[15].neuron_l2_add_lvl1[0][22]  
    core_inst/gen_l2[15].neuron_l2_add_lvl1[0][23]  
    core_inst/gen_l2[15].neuron_l2_add_lvl1[0][24]  
    core_inst/gen_l2[15].neuron_l2_add_lvl1[0][25]  
    core_inst/gen_l2[15].neuron_l2_add_lvl1[0][26]  
    core_inst/gen_l2[15].neuron_l2_add_lvl1[0][27]  
    core_inst/gen_l2[15].neuron_l2_add_lvl1[0][28]  
    core_inst/gen_l2[15].neuron_l2_add_lvl1[0][29]  
    core_inst/gen_l2[15].neuron_l2_add_lvl1[0][30]  
    core_inst/gen_l2[15].neuron_l2_add_lvl1[0][31]  
    core_inst/gen_l2[14].neuron_l2_sum_with_bias[0]  
    core_inst/gen_l2[14].neuron_l2_sum_with_bias[1]  
    core_inst/gen_l2[14].neuron_l2_sum_with_bias[2]  
    core_inst/gen_l2[14].neuron_l2_sum_with_bias[3]  
    core_inst/gen_l2[14].neuron_l2_sum_with_bias[4]  
    core_inst/gen_l2[14].neuron_l2_sum_with_bias[19]  
    core_inst/gen_l2[14].neuron_l2_sum_with_bias[20]  
    core_inst/gen_l2[14].neuron_l2_sum_with_bias[21]  
    core_inst/gen_l2[14].neuron_l2_sum_with_bias[22]  
    core_inst/gen_l2[14].neuron_l2_sum_with_bias[23]  
    core_inst/gen_l2[14].neuron_l2_sum_with_bias[24]  
    core_inst/gen_l2[14].neuron_l2_sum_with_bias[25]  
    core_inst/gen_l2[14].neuron_l2_sum_with_bias[26]  
    core_inst/gen_l2[14].neuron_l2_sum_with_bias[27]  
    core_inst/gen_l2[14].neuron_l2_sum_with_bias[28]  
    core_inst/gen_l2[14].neuron_l2_sum_with_bias[29]  
    core_inst/gen_l2[14].neuron_l2_sum_with_bias[30]  
    core_inst/gen_l2[14].neuron_l2_add_lvl2_1[18]  
    core_inst/gen_l2[14].neuron_l2_add_lvl2_1[19]  
    core_inst/gen_l2[14].neuron_l2_add_lvl2_1[20]  
    core_inst/gen_l2[14].neuron_l2_add_lvl2_1[21]  
    core_inst/gen_l2[14].neuron_l2_add_lvl2_1[22]  
    core_inst/gen_l2[14].neuron_l2_add_lvl2_1[23]  
    core_inst/gen_l2[14].neuron_l2_add_lvl2_1[24]  
    core_inst/gen_l2[14].neuron_l2_add_lvl2_1[25]  
    core_inst/gen_l2[14].neuron_l2_add_lvl2_1[26]  
    core_inst/gen_l2[14].neuron_l2_add_lvl2_1[27]  
    core_inst/gen_l2[14].neuron_l2_add_lvl2_1[28]  
    core_inst/gen_l2[14].neuron_l2_add_lvl2_1[29]  
    core_inst/gen_l2[14].neuron_l2_add_lvl2_1[30]  
    core_inst/gen_l2[14].neuron_l2_add_lvl2_1[31]  
    core_inst/gen_l2[14].neuron_l2_add_lvl2_0[18]  
    core_inst/gen_l2[14].neuron_l2_add_lvl2_0[19]  
    core_inst/gen_l2[14].neuron_l2_add_lvl2_0[20]  
    core_inst/gen_l2[14].neuron_l2_add_lvl2_0[21]  
    core_inst/gen_l2[14].neuron_l2_add_lvl2_0[22]  
    core_inst/gen_l2[14].neuron_l2_add_lvl2_0[23]  
    core_inst/gen_l2[14].neuron_l2_add_lvl2_0[24]  
    core_inst/gen_l2[14].neuron_l2_add_lvl2_0[25]  
    core_inst/gen_l2[14].neuron_l2_add_lvl2_0[26]  
    core_inst/gen_l2[14].neuron_l2_add_lvl2_0[27]  
    core_inst/gen_l2[14].neuron_l2_add_lvl2_0[28]  
    core_inst/gen_l2[14].neuron_l2_add_lvl2_0[29]  
    core_inst/gen_l2[14].neuron_l2_add_lvl2_0[30]  
    core_inst/gen_l2[14].neuron_l2_add_lvl2_0[31]  
    core_inst/gen_l2[14].neuron_l2_add_lvl1[3][17]  
    core_inst/gen_l2[14].neuron_l2_add_lvl1[3][18]  
    core_inst/gen_l2[14].neuron_l2_add_lvl1[3][19]  
    core_inst/gen_l2[14].neuron_l2_add_lvl1[3][20]  
    core_inst/gen_l2[14].neuron_l2_add_lvl1[3][21]  
    core_inst/gen_l2[14].neuron_l2_add_lvl1[3][22]  
    core_inst/gen_l2[14].neuron_l2_add_lvl1[3][23]  
    core_inst/gen_l2[14].neuron_l2_add_lvl1[3][24]  
    core_inst/gen_l2[14].neuron_l2_add_lvl1[3][25]  
    core_inst/gen_l2[14].neuron_l2_add_lvl1[3][26]  
    core_inst/gen_l2[14].neuron_l2_add_lvl1[3][27]  
    core_inst/gen_l2[14].neuron_l2_add_lvl1[3][28]  
    core_inst/gen_l2[14].neuron_l2_add_lvl1[3][29]  
    core_inst/gen_l2[14].neuron_l2_add_lvl1[3][30]  
    core_inst/gen_l2[14].neuron_l2_add_lvl1[3][31]  
    core_inst/gen_l2[14].neuron_l2_add_lvl1[2][17]  
    core_inst/gen_l2[14].neuron_l2_add_lvl1[2][18]  
    core_inst/gen_l2[14].neuron_l2_add_lvl1[2][19]  
    core_inst/gen_l2[14].neuron_l2_add_lvl1[2][20]  
    core_inst/gen_l2[14].neuron_l2_add_lvl1[2][21]  
    core_inst/gen_l2[14].neuron_l2_add_lvl1[2][22]  
    core_inst/gen_l2[14].neuron_l2_add_lvl1[2][23]  
    core_inst/gen_l2[14].neuron_l2_add_lvl1[2][24]  
    core_inst/gen_l2[14].neuron_l2_add_lvl1[2][25]  
    core_inst/gen_l2[14].neuron_l2_add_lvl1[2][26]  
    core_inst/gen_l2[14].neuron_l2_add_lvl1[2][27]  
    core_inst/gen_l2[14].neuron_l2_add_lvl1[2][28]  
    core_inst/gen_l2[14].neuron_l2_add_lvl1[2][29]  
    core_inst/gen_l2[14].neuron_l2_add_lvl1[2][30]  
    core_inst/gen_l2[14].neuron_l2_add_lvl1[2][31]  
    core_inst/gen_l2[14].neuron_l2_add_lvl1[1][17]  
    core_inst/gen_l2[14].neuron_l2_add_lvl1[1][18]  
    core_inst/gen_l2[14].neuron_l2_add_lvl1[1][19]  
    core_inst/gen_l2[14].neuron_l2_add_lvl1[1][20]  
    core_inst/gen_l2[14].neuron_l2_add_lvl1[1][21]  
    core_inst/gen_l2[14].neuron_l2_add_lvl1[1][22]  
    core_inst/gen_l2[14].neuron_l2_add_lvl1[1][23]  
    core_inst/gen_l2[14].neuron_l2_add_lvl1[1][24]  
    core_inst/gen_l2[14].neuron_l2_add_lvl1[1][25]  
    core_inst/gen_l2[14].neuron_l2_add_lvl1[1][26]  
    core_inst/gen_l2[14].neuron_l2_add_lvl1[1][27]  
    core_inst/gen_l2[14].neuron_l2_add_lvl1[1][28]  
    core_inst/gen_l2[14].neuron_l2_add_lvl1[1][29]  
    core_inst/gen_l2[14].neuron_l2_add_lvl1[1][30]  
    core_inst/gen_l2[14].neuron_l2_add_lvl1[1][31]  
    core_inst/gen_l2[14].neuron_l2_add_lvl1[0][17]  
    core_inst/gen_l2[14].neuron_l2_add_lvl1[0][18]  
    core_inst/gen_l2[14].neuron_l2_add_lvl1[0][19]  
    core_inst/gen_l2[14].neuron_l2_add_lvl1[0][20]  
    core_inst/gen_l2[14].neuron_l2_add_lvl1[0][21]  
    core_inst/gen_l2[14].neuron_l2_add_lvl1[0][22]  
    core_inst/gen_l2[14].neuron_l2_add_lvl1[0][23]  
    core_inst/gen_l2[14].neuron_l2_add_lvl1[0][24]  
    core_inst/gen_l2[14].neuron_l2_add_lvl1[0][25]  
    core_inst/gen_l2[14].neuron_l2_add_lvl1[0][26]  
    core_inst/gen_l2[14].neuron_l2_add_lvl1[0][27]  
    core_inst/gen_l2[14].neuron_l2_add_lvl1[0][28]  
    core_inst/gen_l2[14].neuron_l2_add_lvl1[0][29]  
    core_inst/gen_l2[14].neuron_l2_add_lvl1[0][30]  
    core_inst/gen_l2[14].neuron_l2_add_lvl1[0][31]  
    core_inst/gen_l2[13].neuron_l2_sum_with_bias[0]  
    core_inst/gen_l2[13].neuron_l2_sum_with_bias[1]  
    core_inst/gen_l2[13].neuron_l2_sum_with_bias[2]  
    core_inst/gen_l2[13].neuron_l2_sum_with_bias[3]  
    core_inst/gen_l2[13].neuron_l2_sum_with_bias[4]  
    core_inst/gen_l2[13].neuron_l2_sum_with_bias[19]  
    core_inst/gen_l2[13].neuron_l2_sum_with_bias[20]  
    core_inst/gen_l2[13].neuron_l2_sum_with_bias[21]  
    core_inst/gen_l2[13].neuron_l2_sum_with_bias[22]  
    core_inst/gen_l2[13].neuron_l2_sum_with_bias[23]  
    core_inst/gen_l2[13].neuron_l2_sum_with_bias[24]  
    core_inst/gen_l2[13].neuron_l2_sum_with_bias[25]  
    core_inst/gen_l2[13].neuron_l2_sum_with_bias[26]  
    core_inst/gen_l2[13].neuron_l2_sum_with_bias[27]  
    core_inst/gen_l2[13].neuron_l2_sum_with_bias[28]  
    core_inst/gen_l2[13].neuron_l2_sum_with_bias[29]  
    core_inst/gen_l2[13].neuron_l2_sum_with_bias[30]  
    core_inst/gen_l2[13].neuron_l2_add_lvl2_1[18]  
    core_inst/gen_l2[13].neuron_l2_add_lvl2_1[19]  
    core_inst/gen_l2[13].neuron_l2_add_lvl2_1[20]  
    core_inst/gen_l2[13].neuron_l2_add_lvl2_1[21]  
    core_inst/gen_l2[13].neuron_l2_add_lvl2_1[22]  
    core_inst/gen_l2[13].neuron_l2_add_lvl2_1[23]  
    core_inst/gen_l2[13].neuron_l2_add_lvl2_1[24]  
    core_inst/gen_l2[13].neuron_l2_add_lvl2_1[25]  
    core_inst/gen_l2[13].neuron_l2_add_lvl2_1[26]  
    core_inst/gen_l2[13].neuron_l2_add_lvl2_1[27]  
    core_inst/gen_l2[13].neuron_l2_add_lvl2_1[28]  
    core_inst/gen_l2[13].neuron_l2_add_lvl2_1[29]  
    core_inst/gen_l2[13].neuron_l2_add_lvl2_1[30]  
    core_inst/gen_l2[13].neuron_l2_add_lvl2_1[31]  
    core_inst/gen_l2[13].neuron_l2_add_lvl2_0[18]  
    core_inst/gen_l2[13].neuron_l2_add_lvl2_0[19]  
    core_inst/gen_l2[13].neuron_l2_add_lvl2_0[20]  
    core_inst/gen_l2[13].neuron_l2_add_lvl2_0[21]  
    core_inst/gen_l2[13].neuron_l2_add_lvl2_0[22]  
    core_inst/gen_l2[13].neuron_l2_add_lvl2_0[23]  
    core_inst/gen_l2[13].neuron_l2_add_lvl2_0[24]  
    core_inst/gen_l2[13].neuron_l2_add_lvl2_0[25]  
    core_inst/gen_l2[13].neuron_l2_add_lvl2_0[26]  
    core_inst/gen_l2[13].neuron_l2_add_lvl2_0[27]  
    core_inst/gen_l2[13].neuron_l2_add_lvl2_0[28]  
    core_inst/gen_l2[13].neuron_l2_add_lvl2_0[29]  
    core_inst/gen_l2[13].neuron_l2_add_lvl2_0[30]  
    core_inst/gen_l2[13].neuron_l2_add_lvl2_0[31]  
    core_inst/gen_l2[13].neuron_l2_add_lvl1[3][17]  
    core_inst/gen_l2[13].neuron_l2_add_lvl1[3][18]  
    core_inst/gen_l2[13].neuron_l2_add_lvl1[3][19]  
    core_inst/gen_l2[13].neuron_l2_add_lvl1[3][20]  
    core_inst/gen_l2[13].neuron_l2_add_lvl1[3][21]  
    core_inst/gen_l2[13].neuron_l2_add_lvl1[3][22]  
    core_inst/gen_l2[13].neuron_l2_add_lvl1[3][23]  
    core_inst/gen_l2[13].neuron_l2_add_lvl1[3][24]  
    core_inst/gen_l2[13].neuron_l2_add_lvl1[3][25]  
    core_inst/gen_l2[13].neuron_l2_add_lvl1[3][26]  
    core_inst/gen_l2[13].neuron_l2_add_lvl1[3][27]  
    core_inst/gen_l2[13].neuron_l2_add_lvl1[3][28]  
    core_inst/gen_l2[13].neuron_l2_add_lvl1[3][29]  
    core_inst/gen_l2[13].neuron_l2_add_lvl1[3][30]  
    core_inst/gen_l2[13].neuron_l2_add_lvl1[3][31]  
    core_inst/gen_l2[13].neuron_l2_add_lvl1[2][17]  
    core_inst/gen_l2[13].neuron_l2_add_lvl1[2][18]  
    core_inst/gen_l2[13].neuron_l2_add_lvl1[2][19]  
    core_inst/gen_l2[13].neuron_l2_add_lvl1[2][20]  
    core_inst/gen_l2[13].neuron_l2_add_lvl1[2][21]  
    core_inst/gen_l2[13].neuron_l2_add_lvl1[2][22]  
    core_inst/gen_l2[13].neuron_l2_add_lvl1[2][23]  
    core_inst/gen_l2[13].neuron_l2_add_lvl1[2][24]  
    core_inst/gen_l2[13].neuron_l2_add_lvl1[2][25]  
    core_inst/gen_l2[13].neuron_l2_add_lvl1[2][26]  
    core_inst/gen_l2[13].neuron_l2_add_lvl1[2][27]  
    core_inst/gen_l2[13].neuron_l2_add_lvl1[2][28]  
    core_inst/gen_l2[13].neuron_l2_add_lvl1[2][29]  
    core_inst/gen_l2[13].neuron_l2_add_lvl1[2][30]  
    core_inst/gen_l2[13].neuron_l2_add_lvl1[2][31]  
    core_inst/gen_l2[13].neuron_l2_add_lvl1[1][17]  
    core_inst/gen_l2[13].neuron_l2_add_lvl1[1][18]  
    core_inst/gen_l2[13].neuron_l2_add_lvl1[1][19]  
    core_inst/gen_l2[13].neuron_l2_add_lvl1[1][20]  
    core_inst/gen_l2[13].neuron_l2_add_lvl1[1][21]  
    core_inst/gen_l2[13].neuron_l2_add_lvl1[1][22]  
    core_inst/gen_l2[13].neuron_l2_add_lvl1[1][23]  
    core_inst/gen_l2[13].neuron_l2_add_lvl1[1][24]  
    core_inst/gen_l2[13].neuron_l2_add_lvl1[1][25]  
    core_inst/gen_l2[13].neuron_l2_add_lvl1[1][26]  
    core_inst/gen_l2[13].neuron_l2_add_lvl1[1][27]  
    core_inst/gen_l2[13].neuron_l2_add_lvl1[1][28]  
    core_inst/gen_l2[13].neuron_l2_add_lvl1[1][29]  
    core_inst/gen_l2[13].neuron_l2_add_lvl1[1][30]  
    core_inst/gen_l2[13].neuron_l2_add_lvl1[1][31]  
    core_inst/gen_l2[13].neuron_l2_add_lvl1[0][17]  
    core_inst/gen_l2[13].neuron_l2_add_lvl1[0][18]  
    core_inst/gen_l2[13].neuron_l2_add_lvl1[0][19]  
    core_inst/gen_l2[13].neuron_l2_add_lvl1[0][20]  
    core_inst/gen_l2[13].neuron_l2_add_lvl1[0][21]  
    core_inst/gen_l2[13].neuron_l2_add_lvl1[0][22]  
    core_inst/gen_l2[13].neuron_l2_add_lvl1[0][23]  
    core_inst/gen_l2[13].neuron_l2_add_lvl1[0][24]  
    core_inst/gen_l2[13].neuron_l2_add_lvl1[0][25]  
    core_inst/gen_l2[13].neuron_l2_add_lvl1[0][26]  
    core_inst/gen_l2[13].neuron_l2_add_lvl1[0][27]  
    core_inst/gen_l2[13].neuron_l2_add_lvl1[0][28]  
    core_inst/gen_l2[13].neuron_l2_add_lvl1[0][29]  
    core_inst/gen_l2[13].neuron_l2_add_lvl1[0][30]  
    core_inst/gen_l2[13].neuron_l2_add_lvl1[0][31]  
    core_inst/gen_l2[12].neuron_l2_sum_with_bias[0]  
    core_inst/gen_l2[12].neuron_l2_sum_with_bias[1]  
    core_inst/gen_l2[12].neuron_l2_sum_with_bias[2]  
    core_inst/gen_l2[12].neuron_l2_sum_with_bias[3]  
    core_inst/gen_l2[12].neuron_l2_sum_with_bias[4]  
    core_inst/gen_l2[12].neuron_l2_sum_with_bias[19]  
    core_inst/gen_l2[12].neuron_l2_sum_with_bias[20]  
    core_inst/gen_l2[12].neuron_l2_sum_with_bias[21]  
    core_inst/gen_l2[12].neuron_l2_sum_with_bias[22]  
    core_inst/gen_l2[12].neuron_l2_sum_with_bias[23]  
    core_inst/gen_l2[12].neuron_l2_sum_with_bias[24]  
    core_inst/gen_l2[12].neuron_l2_sum_with_bias[25]  
    core_inst/gen_l2[12].neuron_l2_sum_with_bias[26]  
    core_inst/gen_l2[12].neuron_l2_sum_with_bias[27]  
    core_inst/gen_l2[12].neuron_l2_sum_with_bias[28]  
    core_inst/gen_l2[12].neuron_l2_sum_with_bias[29]  
    core_inst/gen_l2[12].neuron_l2_sum_with_bias[30]  
    core_inst/gen_l2[12].neuron_l2_add_lvl2_1[18]  
    core_inst/gen_l2[12].neuron_l2_add_lvl2_1[19]  
    core_inst/gen_l2[12].neuron_l2_add_lvl2_1[20]  
    core_inst/gen_l2[12].neuron_l2_add_lvl2_1[21]  
    core_inst/gen_l2[12].neuron_l2_add_lvl2_1[22]  
    core_inst/gen_l2[12].neuron_l2_add_lvl2_1[23]  
    core_inst/gen_l2[12].neuron_l2_add_lvl2_1[24]  
    core_inst/gen_l2[12].neuron_l2_add_lvl2_1[25]  
    core_inst/gen_l2[12].neuron_l2_add_lvl2_1[26]  
    core_inst/gen_l2[12].neuron_l2_add_lvl2_1[27]  
    core_inst/gen_l2[12].neuron_l2_add_lvl2_1[28]  
    core_inst/gen_l2[12].neuron_l2_add_lvl2_1[29]  
    core_inst/gen_l2[12].neuron_l2_add_lvl2_1[30]  
    core_inst/gen_l2[12].neuron_l2_add_lvl2_1[31]  
    core_inst/gen_l2[12].neuron_l2_add_lvl2_0[18]  
    core_inst/gen_l2[12].neuron_l2_add_lvl2_0[19]  
    core_inst/gen_l2[12].neuron_l2_add_lvl2_0[20]  
    core_inst/gen_l2[12].neuron_l2_add_lvl2_0[21]  
    core_inst/gen_l2[12].neuron_l2_add_lvl2_0[22]  
    core_inst/gen_l2[12].neuron_l2_add_lvl2_0[23]  
    core_inst/gen_l2[12].neuron_l2_add_lvl2_0[24]  
    core_inst/gen_l2[12].neuron_l2_add_lvl2_0[25]  
    core_inst/gen_l2[12].neuron_l2_add_lvl2_0[26]  
    core_inst/gen_l2[12].neuron_l2_add_lvl2_0[27]  
    core_inst/gen_l2[12].neuron_l2_add_lvl2_0[28]  
    core_inst/gen_l2[12].neuron_l2_add_lvl2_0[29]  
    core_inst/gen_l2[12].neuron_l2_add_lvl2_0[30]  
    core_inst/gen_l2[12].neuron_l2_add_lvl2_0[31]  
    core_inst/gen_l2[12].neuron_l2_add_lvl1[3][17]  
    core_inst/gen_l2[12].neuron_l2_add_lvl1[3][18]  
    core_inst/gen_l2[12].neuron_l2_add_lvl1[3][19]  
    core_inst/gen_l2[12].neuron_l2_add_lvl1[3][20]  
    core_inst/gen_l2[12].neuron_l2_add_lvl1[3][21]  
    core_inst/gen_l2[12].neuron_l2_add_lvl1[3][22]  
    core_inst/gen_l2[12].neuron_l2_add_lvl1[3][23]  
    core_inst/gen_l2[12].neuron_l2_add_lvl1[3][24]  
    core_inst/gen_l2[12].neuron_l2_add_lvl1[3][25]  
    core_inst/gen_l2[12].neuron_l2_add_lvl1[3][26]  
    core_inst/gen_l2[12].neuron_l2_add_lvl1[3][27]  
    core_inst/gen_l2[12].neuron_l2_add_lvl1[3][28]  
    core_inst/gen_l2[12].neuron_l2_add_lvl1[3][29]  
    core_inst/gen_l2[12].neuron_l2_add_lvl1[3][30]  
    core_inst/gen_l2[12].neuron_l2_add_lvl1[3][31]  
    core_inst/gen_l2[12].neuron_l2_add_lvl1[2][17]  
    core_inst/gen_l2[12].neuron_l2_add_lvl1[2][18]  
    core_inst/gen_l2[12].neuron_l2_add_lvl1[2][19]  
    core_inst/gen_l2[12].neuron_l2_add_lvl1[2][20]  
    core_inst/gen_l2[12].neuron_l2_add_lvl1[2][21]  
    core_inst/gen_l2[12].neuron_l2_add_lvl1[2][22]  
    core_inst/gen_l2[12].neuron_l2_add_lvl1[2][23]  
    core_inst/gen_l2[12].neuron_l2_add_lvl1[2][24]  
    core_inst/gen_l2[12].neuron_l2_add_lvl1[2][25]  
    core_inst/gen_l2[12].neuron_l2_add_lvl1[2][26]  
    core_inst/gen_l2[12].neuron_l2_add_lvl1[2][27]  
    core_inst/gen_l2[12].neuron_l2_add_lvl1[2][28]  
    core_inst/gen_l2[12].neuron_l2_add_lvl1[2][29]  
    core_inst/gen_l2[12].neuron_l2_add_lvl1[2][30]  
    core_inst/gen_l2[12].neuron_l2_add_lvl1[2][31]  
    core_inst/gen_l2[12].neuron_l2_add_lvl1[1][17]  
    core_inst/gen_l2[12].neuron_l2_add_lvl1[1][18]  
    core_inst/gen_l2[12].neuron_l2_add_lvl1[1][19]  
    core_inst/gen_l2[12].neuron_l2_add_lvl1[1][20]  
    core_inst/gen_l2[12].neuron_l2_add_lvl1[1][21]  
    core_inst/gen_l2[12].neuron_l2_add_lvl1[1][22]  
    core_inst/gen_l2[12].neuron_l2_add_lvl1[1][23]  
    core_inst/gen_l2[12].neuron_l2_add_lvl1[1][24]  
    core_inst/gen_l2[12].neuron_l2_add_lvl1[1][25]  
    core_inst/gen_l2[12].neuron_l2_add_lvl1[1][26]  
    core_inst/gen_l2[12].neuron_l2_add_lvl1[1][27]  
    core_inst/gen_l2[12].neuron_l2_add_lvl1[1][28]  
    core_inst/gen_l2[12].neuron_l2_add_lvl1[1][29]  
    core_inst/gen_l2[12].neuron_l2_add_lvl1[1][30]  
    core_inst/gen_l2[12].neuron_l2_add_lvl1[1][31]  
    core_inst/gen_l2[12].neuron_l2_add_lvl1[0][17]  
    core_inst/gen_l2[12].neuron_l2_add_lvl1[0][18]  
    core_inst/gen_l2[12].neuron_l2_add_lvl1[0][19]  
    core_inst/gen_l2[12].neuron_l2_add_lvl1[0][20]  
    core_inst/gen_l2[12].neuron_l2_add_lvl1[0][21]  
    core_inst/gen_l2[12].neuron_l2_add_lvl1[0][22]  
    core_inst/gen_l2[12].neuron_l2_add_lvl1[0][23]  
    core_inst/gen_l2[12].neuron_l2_add_lvl1[0][24]  
    core_inst/gen_l2[12].neuron_l2_add_lvl1[0][25]  
    core_inst/gen_l2[12].neuron_l2_add_lvl1[0][26]  
    core_inst/gen_l2[12].neuron_l2_add_lvl1[0][27]  
    core_inst/gen_l2[12].neuron_l2_add_lvl1[0][28]  
    core_inst/gen_l2[12].neuron_l2_add_lvl1[0][29]  
    core_inst/gen_l2[12].neuron_l2_add_lvl1[0][30]  
    core_inst/gen_l2[12].neuron_l2_add_lvl1[0][31]  
    core_inst/gen_l2[11].neuron_l2_sum_with_bias[0]  
    core_inst/gen_l2[11].neuron_l2_sum_with_bias[1]  
    core_inst/gen_l2[11].neuron_l2_sum_with_bias[2]  
    core_inst/gen_l2[11].neuron_l2_sum_with_bias[3]  
    core_inst/gen_l2[11].neuron_l2_sum_with_bias[4]  
    core_inst/gen_l2[11].neuron_l2_sum_with_bias[19]  
    core_inst/gen_l2[11].neuron_l2_sum_with_bias[20]  
    core_inst/gen_l2[11].neuron_l2_sum_with_bias[21]  
    core_inst/gen_l2[11].neuron_l2_sum_with_bias[22]  
    core_inst/gen_l2[11].neuron_l2_sum_with_bias[23]  
    core_inst/gen_l2[11].neuron_l2_sum_with_bias[24]  
    core_inst/gen_l2[11].neuron_l2_sum_with_bias[25]  
    core_inst/gen_l2[11].neuron_l2_sum_with_bias[26]  
    core_inst/gen_l2[11].neuron_l2_sum_with_bias[27]  
    core_inst/gen_l2[11].neuron_l2_sum_with_bias[28]  
    core_inst/gen_l2[11].neuron_l2_sum_with_bias[29]  
    core_inst/gen_l2[11].neuron_l2_sum_with_bias[30]  
    core_inst/gen_l2[11].neuron_l2_add_lvl2_1[18]  
    core_inst/gen_l2[11].neuron_l2_add_lvl2_1[19]  
    core_inst/gen_l2[11].neuron_l2_add_lvl2_1[20]  
    core_inst/gen_l2[11].neuron_l2_add_lvl2_1[21]  
    core_inst/gen_l2[11].neuron_l2_add_lvl2_1[22]  
    core_inst/gen_l2[11].neuron_l2_add_lvl2_1[23]  
    core_inst/gen_l2[11].neuron_l2_add_lvl2_1[24]  
    core_inst/gen_l2[11].neuron_l2_add_lvl2_1[25]  
    core_inst/gen_l2[11].neuron_l2_add_lvl2_1[26]  
    core_inst/gen_l2[11].neuron_l2_add_lvl2_1[27]  
    core_inst/gen_l2[11].neuron_l2_add_lvl2_1[28]  
    core_inst/gen_l2[11].neuron_l2_add_lvl2_1[29]  
    core_inst/gen_l2[11].neuron_l2_add_lvl2_1[30]  
    core_inst/gen_l2[11].neuron_l2_add_lvl2_1[31]  
    core_inst/gen_l2[11].neuron_l2_add_lvl2_0[18]  
    core_inst/gen_l2[11].neuron_l2_add_lvl2_0[19]  
    core_inst/gen_l2[11].neuron_l2_add_lvl2_0[20]  
    core_inst/gen_l2[11].neuron_l2_add_lvl2_0[21]  
    core_inst/gen_l2[11].neuron_l2_add_lvl2_0[22]  
    core_inst/gen_l2[11].neuron_l2_add_lvl2_0[23]  
    core_inst/gen_l2[11].neuron_l2_add_lvl2_0[24]  
    core_inst/gen_l2[11].neuron_l2_add_lvl2_0[25]  
    core_inst/gen_l2[11].neuron_l2_add_lvl2_0[26]  
    core_inst/gen_l2[11].neuron_l2_add_lvl2_0[27]  
    core_inst/gen_l2[11].neuron_l2_add_lvl2_0[28]  
    core_inst/gen_l2[11].neuron_l2_add_lvl2_0[29]  
    core_inst/gen_l2[11].neuron_l2_add_lvl2_0[30]  
    core_inst/gen_l2[11].neuron_l2_add_lvl2_0[31]  
    core_inst/gen_l2[11].neuron_l2_add_lvl1[3][17]  
    core_inst/gen_l2[11].neuron_l2_add_lvl1[3][18]  
    core_inst/gen_l2[11].neuron_l2_add_lvl1[3][19]  
    core_inst/gen_l2[11].neuron_l2_add_lvl1[3][20]  
    core_inst/gen_l2[11].neuron_l2_add_lvl1[3][21]  
    core_inst/gen_l2[11].neuron_l2_add_lvl1[3][22]  
    core_inst/gen_l2[11].neuron_l2_add_lvl1[3][23]  
    core_inst/gen_l2[11].neuron_l2_add_lvl1[3][24]  
    core_inst/gen_l2[11].neuron_l2_add_lvl1[3][25]  
    core_inst/gen_l2[11].neuron_l2_add_lvl1[3][26]  
    core_inst/gen_l2[11].neuron_l2_add_lvl1[3][27]  
    core_inst/gen_l2[11].neuron_l2_add_lvl1[3][28]  
    core_inst/gen_l2[11].neuron_l2_add_lvl1[3][29]  
    core_inst/gen_l2[11].neuron_l2_add_lvl1[3][30]  
    core_inst/gen_l2[11].neuron_l2_add_lvl1[3][31]  
    core_inst/gen_l2[11].neuron_l2_add_lvl1[2][17]  
    core_inst/gen_l2[11].neuron_l2_add_lvl1[2][18]  
    core_inst/gen_l2[11].neuron_l2_add_lvl1[2][19]  
    core_inst/gen_l2[11].neuron_l2_add_lvl1[2][20]  
    core_inst/gen_l2[11].neuron_l2_add_lvl1[2][21]  
    core_inst/gen_l2[11].neuron_l2_add_lvl1[2][22]  
    core_inst/gen_l2[11].neuron_l2_add_lvl1[2][23]  
    core_inst/gen_l2[11].neuron_l2_add_lvl1[2][24]  
    core_inst/gen_l2[11].neuron_l2_add_lvl1[2][25]  
    core_inst/gen_l2[11].neuron_l2_add_lvl1[2][26]  
    core_inst/gen_l2[11].neuron_l2_add_lvl1[2][27]  
    core_inst/gen_l2[11].neuron_l2_add_lvl1[2][28]  
    core_inst/gen_l2[11].neuron_l2_add_lvl1[2][29]  
    core_inst/gen_l2[11].neuron_l2_add_lvl1[2][30]  
    core_inst/gen_l2[11].neuron_l2_add_lvl1[2][31]  
    core_inst/gen_l2[11].neuron_l2_add_lvl1[1][17]  
    core_inst/gen_l2[11].neuron_l2_add_lvl1[1][18]  
    core_inst/gen_l2[11].neuron_l2_add_lvl1[1][19]  
    core_inst/gen_l2[11].neuron_l2_add_lvl1[1][20]  
    core_inst/gen_l2[11].neuron_l2_add_lvl1[1][21]  
    core_inst/gen_l2[11].neuron_l2_add_lvl1[1][22]  
    core_inst/gen_l2[11].neuron_l2_add_lvl1[1][23]  
    core_inst/gen_l2[11].neuron_l2_add_lvl1[1][24]  
    core_inst/gen_l2[11].neuron_l2_add_lvl1[1][25]  
    core_inst/gen_l2[11].neuron_l2_add_lvl1[1][26]  
    core_inst/gen_l2[11].neuron_l2_add_lvl1[1][27]  
    core_inst/gen_l2[11].neuron_l2_add_lvl1[1][28]  
    core_inst/gen_l2[11].neuron_l2_add_lvl1[1][29]  
    core_inst/gen_l2[11].neuron_l2_add_lvl1[1][30]  
    core_inst/gen_l2[11].neuron_l2_add_lvl1[1][31]  
    core_inst/gen_l2[11].neuron_l2_add_lvl1[0][17]  
    core_inst/gen_l2[11].neuron_l2_add_lvl1[0][18]  
    core_inst/gen_l2[11].neuron_l2_add_lvl1[0][19]  
    core_inst/gen_l2[11].neuron_l2_add_lvl1[0][20]  
    core_inst/gen_l2[11].neuron_l2_add_lvl1[0][21]  
    core_inst/gen_l2[11].neuron_l2_add_lvl1[0][22]  
    core_inst/gen_l2[11].neuron_l2_add_lvl1[0][23]  
    core_inst/gen_l2[11].neuron_l2_add_lvl1[0][24]  
    core_inst/gen_l2[11].neuron_l2_add_lvl1[0][25]  
    core_inst/gen_l2[11].neuron_l2_add_lvl1[0][26]  
    core_inst/gen_l2[11].neuron_l2_add_lvl1[0][27]  
    core_inst/gen_l2[11].neuron_l2_add_lvl1[0][28]  
    core_inst/gen_l2[11].neuron_l2_add_lvl1[0][29]  
    core_inst/gen_l2[11].neuron_l2_add_lvl1[0][30]  
    core_inst/gen_l2[11].neuron_l2_add_lvl1[0][31]  
    core_inst/gen_l2[10].neuron_l2_sum_with_bias[0]  
    core_inst/gen_l2[10].neuron_l2_sum_with_bias[1]  
    core_inst/gen_l2[10].neuron_l2_sum_with_bias[2]  
    core_inst/gen_l2[10].neuron_l2_sum_with_bias[3]  
    core_inst/gen_l2[10].neuron_l2_sum_with_bias[4]  
    core_inst/gen_l2[10].neuron_l2_sum_with_bias[19]  
    core_inst/gen_l2[10].neuron_l2_sum_with_bias[20]  
    core_inst/gen_l2[10].neuron_l2_sum_with_bias[21]  
    core_inst/gen_l2[10].neuron_l2_sum_with_bias[22]  
    core_inst/gen_l2[10].neuron_l2_sum_with_bias[23]  
    core_inst/gen_l2[10].neuron_l2_sum_with_bias[24]  
    core_inst/gen_l2[10].neuron_l2_sum_with_bias[25]  
    core_inst/gen_l2[10].neuron_l2_sum_with_bias[26]  
    core_inst/gen_l2[10].neuron_l2_sum_with_bias[27]  
    core_inst/gen_l2[10].neuron_l2_sum_with_bias[28]  
    core_inst/gen_l2[10].neuron_l2_sum_with_bias[29]  
    core_inst/gen_l2[10].neuron_l2_sum_with_bias[30]  
    core_inst/gen_l2[10].neuron_l2_add_lvl2_1[18]  
    core_inst/gen_l2[10].neuron_l2_add_lvl2_1[19]  
    core_inst/gen_l2[10].neuron_l2_add_lvl2_1[20]  
    core_inst/gen_l2[10].neuron_l2_add_lvl2_1[21]  
    core_inst/gen_l2[10].neuron_l2_add_lvl2_1[22]  
    core_inst/gen_l2[10].neuron_l2_add_lvl2_1[23]  
    core_inst/gen_l2[10].neuron_l2_add_lvl2_1[24]  
    core_inst/gen_l2[10].neuron_l2_add_lvl2_1[25]  
    core_inst/gen_l2[10].neuron_l2_add_lvl2_1[26]  
    core_inst/gen_l2[10].neuron_l2_add_lvl2_1[27]  
    core_inst/gen_l2[10].neuron_l2_add_lvl2_1[28]  
    core_inst/gen_l2[10].neuron_l2_add_lvl2_1[29]  
    core_inst/gen_l2[10].neuron_l2_add_lvl2_1[30]  
    core_inst/gen_l2[10].neuron_l2_add_lvl2_1[31]  
    core_inst/gen_l2[10].neuron_l2_add_lvl2_0[18]  
    core_inst/gen_l2[10].neuron_l2_add_lvl2_0[19]  
    core_inst/gen_l2[10].neuron_l2_add_lvl2_0[20]  
    core_inst/gen_l2[10].neuron_l2_add_lvl2_0[21]  
    core_inst/gen_l2[10].neuron_l2_add_lvl2_0[22]  
    core_inst/gen_l2[10].neuron_l2_add_lvl2_0[23]  
    core_inst/gen_l2[10].neuron_l2_add_lvl2_0[24]  
    core_inst/gen_l2[10].neuron_l2_add_lvl2_0[25]  
    core_inst/gen_l2[10].neuron_l2_add_lvl2_0[26]  
    core_inst/gen_l2[10].neuron_l2_add_lvl2_0[27]  
    core_inst/gen_l2[10].neuron_l2_add_lvl2_0[28]  
    core_inst/gen_l2[10].neuron_l2_add_lvl2_0[29]  
    core_inst/gen_l2[10].neuron_l2_add_lvl2_0[30]  
    core_inst/gen_l2[10].neuron_l2_add_lvl2_0[31]  
    core_inst/gen_l2[10].neuron_l2_add_lvl1[3][17]  
    core_inst/gen_l2[10].neuron_l2_add_lvl1[3][18]  
    core_inst/gen_l2[10].neuron_l2_add_lvl1[3][19]  
    core_inst/gen_l2[10].neuron_l2_add_lvl1[3][20]  
    core_inst/gen_l2[10].neuron_l2_add_lvl1[3][21]  
    core_inst/gen_l2[10].neuron_l2_add_lvl1[3][22]  
    core_inst/gen_l2[10].neuron_l2_add_lvl1[3][23]  
    core_inst/gen_l2[10].neuron_l2_add_lvl1[3][24]  
    core_inst/gen_l2[10].neuron_l2_add_lvl1[3][25]  
    core_inst/gen_l2[10].neuron_l2_add_lvl1[3][26]  
    core_inst/gen_l2[10].neuron_l2_add_lvl1[3][27]  
    core_inst/gen_l2[10].neuron_l2_add_lvl1[3][28]  
    core_inst/gen_l2[10].neuron_l2_add_lvl1[3][29]  
    core_inst/gen_l2[10].neuron_l2_add_lvl1[3][30]  
    core_inst/gen_l2[10].neuron_l2_add_lvl1[3][31]  
    core_inst/gen_l2[10].neuron_l2_add_lvl1[2][17]  
    core_inst/gen_l2[10].neuron_l2_add_lvl1[2][18]  
    core_inst/gen_l2[10].neuron_l2_add_lvl1[2][19]  
    core_inst/gen_l2[10].neuron_l2_add_lvl1[2][20]  
    core_inst/gen_l2[10].neuron_l2_add_lvl1[2][21]  
    core_inst/gen_l2[10].neuron_l2_add_lvl1[2][22]  
    core_inst/gen_l2[10].neuron_l2_add_lvl1[2][23]  
    core_inst/gen_l2[10].neuron_l2_add_lvl1[2][24]  
    core_inst/gen_l2[10].neuron_l2_add_lvl1[2][25]  
    core_inst/gen_l2[10].neuron_l2_add_lvl1[2][26]  
    core_inst/gen_l2[10].neuron_l2_add_lvl1[2][27]  
    core_inst/gen_l2[10].neuron_l2_add_lvl1[2][28]  
    core_inst/gen_l2[10].neuron_l2_add_lvl1[2][29]  
    core_inst/gen_l2[10].neuron_l2_add_lvl1[2][30]  
    core_inst/gen_l2[10].neuron_l2_add_lvl1[2][31]  
    core_inst/gen_l2[10].neuron_l2_add_lvl1[1][17]  
    core_inst/gen_l2[10].neuron_l2_add_lvl1[1][18]  
    core_inst/gen_l2[10].neuron_l2_add_lvl1[1][19]  
    core_inst/gen_l2[10].neuron_l2_add_lvl1[1][20]  
    core_inst/gen_l2[10].neuron_l2_add_lvl1[1][21]  
    core_inst/gen_l2[10].neuron_l2_add_lvl1[1][22]  
    core_inst/gen_l2[10].neuron_l2_add_lvl1[1][23]  
    core_inst/gen_l2[10].neuron_l2_add_lvl1[1][24]  
    core_inst/gen_l2[10].neuron_l2_add_lvl1[1][25]  
    core_inst/gen_l2[10].neuron_l2_add_lvl1[1][26]  
    core_inst/gen_l2[10].neuron_l2_add_lvl1[1][27]  
    core_inst/gen_l2[10].neuron_l2_add_lvl1[1][28]  
    core_inst/gen_l2[10].neuron_l2_add_lvl1[1][29]  
    core_inst/gen_l2[10].neuron_l2_add_lvl1[1][30]  
    core_inst/gen_l2[10].neuron_l2_add_lvl1[1][31]  
    core_inst/gen_l2[10].neuron_l2_add_lvl1[0][17]  
    core_inst/gen_l2[10].neuron_l2_add_lvl1[0][18]  
    core_inst/gen_l2[10].neuron_l2_add_lvl1[0][19]  
    core_inst/gen_l2[10].neuron_l2_add_lvl1[0][20]  
    core_inst/gen_l2[10].neuron_l2_add_lvl1[0][21]  
    core_inst/gen_l2[10].neuron_l2_add_lvl1[0][22]  
    core_inst/gen_l2[10].neuron_l2_add_lvl1[0][23]  
    core_inst/gen_l2[10].neuron_l2_add_lvl1[0][24]  
    core_inst/gen_l2[10].neuron_l2_add_lvl1[0][25]  
    core_inst/gen_l2[10].neuron_l2_add_lvl1[0][26]  
    core_inst/gen_l2[10].neuron_l2_add_lvl1[0][27]  
    core_inst/gen_l2[10].neuron_l2_add_lvl1[0][28]  
    core_inst/gen_l2[10].neuron_l2_add_lvl1[0][29]  
    core_inst/gen_l2[10].neuron_l2_add_lvl1[0][30]  
    core_inst/gen_l2[10].neuron_l2_add_lvl1[0][31]  
    core_inst/gen_l2[0].neuron_l2_sum_with_bias[0]  
    core_inst/gen_l2[0].neuron_l2_sum_with_bias[1]  
    core_inst/gen_l2[0].neuron_l2_sum_with_bias[2]  
    core_inst/gen_l2[0].neuron_l2_sum_with_bias[3]  
    core_inst/gen_l2[0].neuron_l2_sum_with_bias[4]  
    core_inst/gen_l2[0].neuron_l2_sum_with_bias[19]  
    core_inst/gen_l2[0].neuron_l2_sum_with_bias[20]  
    core_inst/gen_l2[0].neuron_l2_sum_with_bias[21]  
    core_inst/gen_l2[0].neuron_l2_sum_with_bias[22]  
    core_inst/gen_l2[0].neuron_l2_sum_with_bias[23]  
    core_inst/gen_l2[0].neuron_l2_sum_with_bias[24]  
    core_inst/gen_l2[0].neuron_l2_sum_with_bias[25]  
    core_inst/gen_l2[0].neuron_l2_sum_with_bias[26]  
    core_inst/gen_l2[0].neuron_l2_sum_with_bias[27]  
    core_inst/gen_l2[0].neuron_l2_sum_with_bias[28]  
    core_inst/gen_l2[0].neuron_l2_sum_with_bias[29]  
    core_inst/gen_l2[0].neuron_l2_sum_with_bias[30]  
    core_inst/gen_l2[0].neuron_l2_add_lvl2_1[18]  
    core_inst/gen_l2[0].neuron_l2_add_lvl2_1[19]  
    core_inst/gen_l2[0].neuron_l2_add_lvl2_1[20]  
    core_inst/gen_l2[0].neuron_l2_add_lvl2_1[21]  
    core_inst/gen_l2[0].neuron_l2_add_lvl2_1[22]  
    core_inst/gen_l2[0].neuron_l2_add_lvl2_1[23]  
    core_inst/gen_l2[0].neuron_l2_add_lvl2_1[24]  
    core_inst/gen_l2[0].neuron_l2_add_lvl2_1[25]  
    core_inst/gen_l2[0].neuron_l2_add_lvl2_1[26]  
    core_inst/gen_l2[0].neuron_l2_add_lvl2_1[27]  
    core_inst/gen_l2[0].neuron_l2_add_lvl2_1[28]  
    core_inst/gen_l2[0].neuron_l2_add_lvl2_1[29]  
    core_inst/gen_l2[0].neuron_l2_add_lvl2_1[30]  
    core_inst/gen_l2[0].neuron_l2_add_lvl2_1[31]  
    core_inst/gen_l2[0].neuron_l2_add_lvl2_0[18]  
    core_inst/gen_l2[0].neuron_l2_add_lvl2_0[19]  
    core_inst/gen_l2[0].neuron_l2_add_lvl2_0[20]  
    core_inst/gen_l2[0].neuron_l2_add_lvl2_0[21]  
    core_inst/gen_l2[0].neuron_l2_add_lvl2_0[22]  
    core_inst/gen_l2[0].neuron_l2_add_lvl2_0[23]  
    core_inst/gen_l2[0].neuron_l2_add_lvl2_0[24]  
    core_inst/gen_l2[0].neuron_l2_add_lvl2_0[25]  
    core_inst/gen_l2[0].neuron_l2_add_lvl2_0[26]  
    core_inst/gen_l2[0].neuron_l2_add_lvl2_0[27]  
    core_inst/gen_l2[0].neuron_l2_add_lvl2_0[28]  
    core_inst/gen_l2[0].neuron_l2_add_lvl2_0[29]  
    core_inst/gen_l2[0].neuron_l2_add_lvl2_0[30]  
    core_inst/gen_l2[0].neuron_l2_add_lvl2_0[31]  
    core_inst/gen_l2[0].neuron_l2_add_lvl1[3][17]  
    core_inst/gen_l2[0].neuron_l2_add_lvl1[3][18]  
    core_inst/gen_l2[0].neuron_l2_add_lvl1[3][19]  
    core_inst/gen_l2[0].neuron_l2_add_lvl1[3][20]  
    core_inst/gen_l2[0].neuron_l2_add_lvl1[3][21]  
    core_inst/gen_l2[0].neuron_l2_add_lvl1[3][22]  
    core_inst/gen_l2[0].neuron_l2_add_lvl1[3][23]  
    core_inst/gen_l2[0].neuron_l2_add_lvl1[3][24]  
    core_inst/gen_l2[0].neuron_l2_add_lvl1[3][25]  
    core_inst/gen_l2[0].neuron_l2_add_lvl1[3][26]  
    core_inst/gen_l2[0].neuron_l2_add_lvl1[3][27]  
    core_inst/gen_l2[0].neuron_l2_add_lvl1[3][28]  
    core_inst/gen_l2[0].neuron_l2_add_lvl1[3][29]  
    core_inst/gen_l2[0].neuron_l2_add_lvl1[3][30]  
    core_inst/gen_l2[0].neuron_l2_add_lvl1[3][31]  
    core_inst/gen_l2[0].neuron_l2_add_lvl1[2][17]  
    core_inst/gen_l2[0].neuron_l2_add_lvl1[2][18]  
    core_inst/gen_l2[0].neuron_l2_add_lvl1[2][19]  
    core_inst/gen_l2[0].neuron_l2_add_lvl1[2][20]  
    core_inst/gen_l2[0].neuron_l2_add_lvl1[2][21]  
    core_inst/gen_l2[0].neuron_l2_add_lvl1[2][22]  
    core_inst/gen_l2[0].neuron_l2_add_lvl1[2][23]  
    core_inst/gen_l2[0].neuron_l2_add_lvl1[2][24]  
    core_inst/gen_l2[0].neuron_l2_add_lvl1[2][25]  
    core_inst/gen_l2[0].neuron_l2_add_lvl1[2][26]  
    core_inst/gen_l2[0].neuron_l2_add_lvl1[2][27]  
    core_inst/gen_l2[0].neuron_l2_add_lvl1[2][28]  
    core_inst/gen_l2[0].neuron_l2_add_lvl1[2][29]  
    core_inst/gen_l2[0].neuron_l2_add_lvl1[2][30]  
    core_inst/gen_l2[0].neuron_l2_add_lvl1[2][31]  
    core_inst/gen_l2[0].neuron_l2_add_lvl1[1][17]  
    core_inst/gen_l2[0].neuron_l2_add_lvl1[1][18]  
    core_inst/gen_l2[0].neuron_l2_add_lvl1[1][19]  
    core_inst/gen_l2[0].neuron_l2_add_lvl1[1][20]  
    core_inst/gen_l2[0].neuron_l2_add_lvl1[1][21]  
    core_inst/gen_l2[0].neuron_l2_add_lvl1[1][22]  
    core_inst/gen_l2[0].neuron_l2_add_lvl1[1][23]  
    core_inst/gen_l2[0].neuron_l2_add_lvl1[1][24]  
    core_inst/gen_l2[0].neuron_l2_add_lvl1[1][25]  
    core_inst/gen_l2[0].neuron_l2_add_lvl1[1][26]  
    core_inst/gen_l2[0].neuron_l2_add_lvl1[1][27]  
    core_inst/gen_l2[0].neuron_l2_add_lvl1[1][28]  
    core_inst/gen_l2[0].neuron_l2_add_lvl1[1][29]  
    core_inst/gen_l2[0].neuron_l2_add_lvl1[1][30]  
    core_inst/gen_l2[0].neuron_l2_add_lvl1[1][31]  
    core_inst/gen_l2[0].neuron_l2_add_lvl1[0][17]  
    core_inst/gen_l2[0].neuron_l2_add_lvl1[0][18]  
    core_inst/gen_l2[0].neuron_l2_add_lvl1[0][19]  
    core_inst/gen_l2[0].neuron_l2_add_lvl1[0][20]  
    core_inst/gen_l2[0].neuron_l2_add_lvl1[0][21]  
    core_inst/gen_l2[0].neuron_l2_add_lvl1[0][22]  
    core_inst/gen_l2[0].neuron_l2_add_lvl1[0][23]  
    core_inst/gen_l2[0].neuron_l2_add_lvl1[0][24]  
    core_inst/gen_l2[0].neuron_l2_add_lvl1[0][25]  
    core_inst/gen_l2[0].neuron_l2_add_lvl1[0][26]  
    core_inst/gen_l2[0].neuron_l2_add_lvl1[0][27]  
    core_inst/gen_l2[0].neuron_l2_add_lvl1[0][28]  
    core_inst/gen_l2[0].neuron_l2_add_lvl1[0][29]  
    core_inst/gen_l2[0].neuron_l2_add_lvl1[0][30]  
    core_inst/gen_l2[0].neuron_l2_add_lvl1[0][31]  
    core_inst/gen_l1[7].neuron_l1_sum_with_bias[0]  
    core_inst/gen_l1[7].neuron_l1_sum_with_bias[1]  
    core_inst/gen_l1[7].neuron_l1_sum_with_bias[2]  
    core_inst/gen_l1[7].neuron_l1_sum_with_bias[3]  
    core_inst/gen_l1[7].neuron_l1_sum_with_bias[4]  
    core_inst/gen_l1[7].neuron_l1_sum_with_bias[18]  
    core_inst/gen_l1[7].neuron_l1_sum_with_bias[19]  
    core_inst/gen_l1[7].neuron_l1_sum_with_bias[20]  
    core_inst/gen_l1[7].neuron_l1_sum_with_bias[21]  
    core_inst/gen_l1[7].neuron_l1_sum_with_bias[22]  
    core_inst/gen_l1[7].neuron_l1_sum_with_bias[23]  
    core_inst/gen_l1[7].neuron_l1_sum_with_bias[24]  
    core_inst/gen_l1[7].neuron_l1_sum_with_bias[25]  
    core_inst/gen_l1[7].neuron_l1_sum_with_bias[26]  
    core_inst/gen_l1[7].neuron_l1_sum_with_bias[27]  
    core_inst/gen_l1[7].neuron_l1_sum_with_bias[28]  
    core_inst/gen_l1[7].neuron_l1_sum_with_bias[29]  
    core_inst/gen_l1[7].neuron_l1_sum_with_bias[30]  
    core_inst/gen_l1[7].neuron_l1_sum_with_bias[31]  
    core_inst/gen_l1[7].neuron_l1_add_lvl1_1[16]  
    core_inst/gen_l1[7].neuron_l1_add_lvl1_1[17]  
    core_inst/gen_l1[7].neuron_l1_add_lvl1_1[18]  
    core_inst/gen_l1[7].neuron_l1_add_lvl1_1[19]  
    core_inst/gen_l1[7].neuron_l1_add_lvl1_1[20]  
    core_inst/gen_l1[7].neuron_l1_add_lvl1_1[21]  
    core_inst/gen_l1[7].neuron_l1_add_lvl1_1[22]  
    core_inst/gen_l1[7].neuron_l1_add_lvl1_1[23]  
    core_inst/gen_l1[7].neuron_l1_add_lvl1_1[24]  
    core_inst/gen_l1[7].neuron_l1_add_lvl1_1[25]  
    core_inst/gen_l1[7].neuron_l1_add_lvl1_1[26]  
    core_inst/gen_l1[7].neuron_l1_add_lvl1_1[27]  
    core_inst/gen_l1[7].neuron_l1_add_lvl1_1[28]  
    core_inst/gen_l1[7].neuron_l1_add_lvl1_1[29]  
    core_inst/gen_l1[7].neuron_l1_add_lvl1_1[30]  
    core_inst/gen_l1[7].neuron_l1_add_lvl1_1[31]  
    core_inst/gen_l1[7].neuron_l1_add_lvl1_0[16]  
    core_inst/gen_l1[7].neuron_l1_add_lvl1_0[17]  
    core_inst/gen_l1[7].neuron_l1_add_lvl1_0[18]  
    core_inst/gen_l1[7].neuron_l1_add_lvl1_0[19]  
    core_inst/gen_l1[7].neuron_l1_add_lvl1_0[20]  
    core_inst/gen_l1[7].neuron_l1_add_lvl1_0[21]  
    core_inst/gen_l1[7].neuron_l1_add_lvl1_0[22]  
    core_inst/gen_l1[7].neuron_l1_add_lvl1_0[23]  
    core_inst/gen_l1[7].neuron_l1_add_lvl1_0[24]  
    core_inst/gen_l1[7].neuron_l1_add_lvl1_0[25]  
    core_inst/gen_l1[7].neuron_l1_add_lvl1_0[26]  
    core_inst/gen_l1[7].neuron_l1_add_lvl1_0[27]  
    core_inst/gen_l1[7].neuron_l1_add_lvl1_0[28]  
    core_inst/gen_l1[7].neuron_l1_add_lvl1_0[29]  
    core_inst/gen_l1[7].neuron_l1_add_lvl1_0[30]  
    core_inst/gen_l1[7].neuron_l1_add_lvl1_0[31]  
    core_inst/gen_l1[7].neuron_l1_mult[3][15]  
    core_inst/gen_l1[7].neuron_l1_mult[2][15]  
    core_inst/gen_l1[7].neuron_l1_mult[1][15]  
    core_inst/gen_l1[7].neuron_l1_mult[0][15]  
    core_inst/gen_l1[6].neuron_l1_sum_with_bias[0]  
    core_inst/gen_l1[6].neuron_l1_sum_with_bias[1]  
    core_inst/gen_l1[6].neuron_l1_sum_with_bias[2]  
    core_inst/gen_l1[6].neuron_l1_sum_with_bias[3]  
    core_inst/gen_l1[6].neuron_l1_sum_with_bias[4]  
    core_inst/gen_l1[6].neuron_l1_sum_with_bias[18]  
    core_inst/gen_l1[6].neuron_l1_sum_with_bias[19]  
    core_inst/gen_l1[6].neuron_l1_sum_with_bias[20]  
    core_inst/gen_l1[6].neuron_l1_sum_with_bias[21]  
    core_inst/gen_l1[6].neuron_l1_sum_with_bias[22]  
    core_inst/gen_l1[6].neuron_l1_sum_with_bias[23]  
    core_inst/gen_l1[6].neuron_l1_sum_with_bias[24]  
    core_inst/gen_l1[6].neuron_l1_sum_with_bias[25]  
    core_inst/gen_l1[6].neuron_l1_sum_with_bias[26]  
    core_inst/gen_l1[6].neuron_l1_sum_with_bias[27]  
    core_inst/gen_l1[6].neuron_l1_sum_with_bias[28]  
    core_inst/gen_l1[6].neuron_l1_sum_with_bias[29]  
    core_inst/gen_l1[6].neuron_l1_sum_with_bias[30]  
    core_inst/gen_l1[6].neuron_l1_sum_with_bias[31]  
    core_inst/gen_l1[6].neuron_l1_add_lvl1_1[16]  
    core_inst/gen_l1[6].neuron_l1_add_lvl1_1[17]  
    core_inst/gen_l1[6].neuron_l1_add_lvl1_1[18]  
    core_inst/gen_l1[6].neuron_l1_add_lvl1_1[19]  
    core_inst/gen_l1[6].neuron_l1_add_lvl1_1[20]  
    core_inst/gen_l1[6].neuron_l1_add_lvl1_1[21]  
    core_inst/gen_l1[6].neuron_l1_add_lvl1_1[22]  
    core_inst/gen_l1[6].neuron_l1_add_lvl1_1[23]  
    core_inst/gen_l1[6].neuron_l1_add_lvl1_1[24]  
    core_inst/gen_l1[6].neuron_l1_add_lvl1_1[25]  
    core_inst/gen_l1[6].neuron_l1_add_lvl1_1[26]  
    core_inst/gen_l1[6].neuron_l1_add_lvl1_1[27]  
    core_inst/gen_l1[6].neuron_l1_add_lvl1_1[28]  
    core_inst/gen_l1[6].neuron_l1_add_lvl1_1[29]  
    core_inst/gen_l1[6].neuron_l1_add_lvl1_1[30]  
    core_inst/gen_l1[6].neuron_l1_add_lvl1_1[31]  
    core_inst/gen_l1[6].neuron_l1_add_lvl1_0[16]  
    core_inst/gen_l1[6].neuron_l1_add_lvl1_0[17]  
    core_inst/gen_l1[6].neuron_l1_add_lvl1_0[18]  
    core_inst/gen_l1[6].neuron_l1_add_lvl1_0[19]  
    core_inst/gen_l1[6].neuron_l1_add_lvl1_0[20]  
    core_inst/gen_l1[6].neuron_l1_add_lvl1_0[21]  
    core_inst/gen_l1[6].neuron_l1_add_lvl1_0[22]  
    core_inst/gen_l1[6].neuron_l1_add_lvl1_0[23]  
    core_inst/gen_l1[6].neuron_l1_add_lvl1_0[24]  
    core_inst/gen_l1[6].neuron_l1_add_lvl1_0[25]  
    core_inst/gen_l1[6].neuron_l1_add_lvl1_0[26]  
    core_inst/gen_l1[6].neuron_l1_add_lvl1_0[27]  
    core_inst/gen_l1[6].neuron_l1_add_lvl1_0[28]  
    core_inst/gen_l1[6].neuron_l1_add_lvl1_0[29]  
    core_inst/gen_l1[6].neuron_l1_add_lvl1_0[30]  
    core_inst/gen_l1[6].neuron_l1_add_lvl1_0[31]  
    core_inst/gen_l1[6].neuron_l1_mult[3][15]  
    core_inst/gen_l1[6].neuron_l1_mult[2][15]  
    core_inst/gen_l1[6].neuron_l1_mult[1][15]  
    core_inst/gen_l1[6].neuron_l1_mult[0][15]  
    core_inst/gen_l1[5].neuron_l1_sum_with_bias[0]  
    core_inst/gen_l1[5].neuron_l1_sum_with_bias[1]  
    core_inst/gen_l1[5].neuron_l1_sum_with_bias[2]  
    core_inst/gen_l1[5].neuron_l1_sum_with_bias[3]  
    core_inst/gen_l1[5].neuron_l1_sum_with_bias[4]  
    core_inst/gen_l1[5].neuron_l1_sum_with_bias[18]  
    core_inst/gen_l1[5].neuron_l1_sum_with_bias[19]  
    core_inst/gen_l1[5].neuron_l1_sum_with_bias[20]  
    core_inst/gen_l1[5].neuron_l1_sum_with_bias[21]  
    core_inst/gen_l1[5].neuron_l1_sum_with_bias[22]  
    core_inst/gen_l1[5].neuron_l1_sum_with_bias[23]  
    core_inst/gen_l1[5].neuron_l1_sum_with_bias[24]  
    core_inst/gen_l1[5].neuron_l1_sum_with_bias[25]  
    core_inst/gen_l1[5].neuron_l1_sum_with_bias[26]  
    core_inst/gen_l1[5].neuron_l1_sum_with_bias[27]  
    core_inst/gen_l1[5].neuron_l1_sum_with_bias[28]  
    core_inst/gen_l1[5].neuron_l1_sum_with_bias[29]  
    core_inst/gen_l1[5].neuron_l1_sum_with_bias[30]  
    core_inst/gen_l1[5].neuron_l1_sum_with_bias[31]  
    core_inst/gen_l1[5].neuron_l1_add_lvl1_1[16]  
    core_inst/gen_l1[5].neuron_l1_add_lvl1_1[17]  
    core_inst/gen_l1[5].neuron_l1_add_lvl1_1[18]  
    core_inst/gen_l1[5].neuron_l1_add_lvl1_1[19]  
    core_inst/gen_l1[5].neuron_l1_add_lvl1_1[20]  
    core_inst/gen_l1[5].neuron_l1_add_lvl1_1[21]  
    core_inst/gen_l1[5].neuron_l1_add_lvl1_1[22]  
    core_inst/gen_l1[5].neuron_l1_add_lvl1_1[23]  
    core_inst/gen_l1[5].neuron_l1_add_lvl1_1[24]  
    core_inst/gen_l1[5].neuron_l1_add_lvl1_1[25]  
    core_inst/gen_l1[5].neuron_l1_add_lvl1_1[26]  
    core_inst/gen_l1[5].neuron_l1_add_lvl1_1[27]  
    core_inst/gen_l1[5].neuron_l1_add_lvl1_1[28]  
    core_inst/gen_l1[5].neuron_l1_add_lvl1_1[29]  
    core_inst/gen_l1[5].neuron_l1_add_lvl1_1[30]  
    core_inst/gen_l1[5].neuron_l1_add_lvl1_1[31]  
    core_inst/gen_l1[5].neuron_l1_add_lvl1_0[16]  
    core_inst/gen_l1[5].neuron_l1_add_lvl1_0[17]  
    core_inst/gen_l1[5].neuron_l1_add_lvl1_0[18]  
    core_inst/gen_l1[5].neuron_l1_add_lvl1_0[19]  
    core_inst/gen_l1[5].neuron_l1_add_lvl1_0[20]  
    core_inst/gen_l1[5].neuron_l1_add_lvl1_0[21]  
    core_inst/gen_l1[5].neuron_l1_add_lvl1_0[22]  
    core_inst/gen_l1[5].neuron_l1_add_lvl1_0[23]  
    core_inst/gen_l1[5].neuron_l1_add_lvl1_0[24]  
    core_inst/gen_l1[5].neuron_l1_add_lvl1_0[25]  
    core_inst/gen_l1[5].neuron_l1_add_lvl1_0[26]  
    core_inst/gen_l1[5].neuron_l1_add_lvl1_0[27]  
    core_inst/gen_l1[5].neuron_l1_add_lvl1_0[28]  
    core_inst/gen_l1[5].neuron_l1_add_lvl1_0[29]  
    core_inst/gen_l1[5].neuron_l1_add_lvl1_0[30]  
    core_inst/gen_l1[5].neuron_l1_add_lvl1_0[31]  
    core_inst/gen_l1[5].neuron_l1_mult[3][15]  
    core_inst/gen_l1[5].neuron_l1_mult[2][15]  
    core_inst/gen_l1[5].neuron_l1_mult[1][15]  
    core_inst/gen_l1[5].neuron_l1_mult[0][15]  
    core_inst/gen_l1[4].neuron_l1_sum_with_bias[0]  
    core_inst/gen_l1[4].neuron_l1_sum_with_bias[1]  
    core_inst/gen_l1[4].neuron_l1_sum_with_bias[2]  
    core_inst/gen_l1[4].neuron_l1_sum_with_bias[3]  
    core_inst/gen_l1[4].neuron_l1_sum_with_bias[4]  
    core_inst/gen_l1[4].neuron_l1_sum_with_bias[18]  
    core_inst/gen_l1[4].neuron_l1_sum_with_bias[19]  
    core_inst/gen_l1[4].neuron_l1_sum_with_bias[20]  
    core_inst/gen_l1[4].neuron_l1_sum_with_bias[21]  
    core_inst/gen_l1[4].neuron_l1_sum_with_bias[22]  
    core_inst/gen_l1[4].neuron_l1_sum_with_bias[23]  
    core_inst/gen_l1[4].neuron_l1_sum_with_bias[24]  
    core_inst/gen_l1[4].neuron_l1_sum_with_bias[25]  
    core_inst/gen_l1[4].neuron_l1_sum_with_bias[26]  
    core_inst/gen_l1[4].neuron_l1_sum_with_bias[27]  
    core_inst/gen_l1[4].neuron_l1_sum_with_bias[28]  
    core_inst/gen_l1[4].neuron_l1_sum_with_bias[29]  
    core_inst/gen_l1[4].neuron_l1_sum_with_bias[30]  
    core_inst/gen_l1[4].neuron_l1_sum_with_bias[31]  
    core_inst/gen_l1[4].neuron_l1_add_lvl1_1[16]  
    core_inst/gen_l1[4].neuron_l1_add_lvl1_1[17]  
    core_inst/gen_l1[4].neuron_l1_add_lvl1_1[18]  
    core_inst/gen_l1[4].neuron_l1_add_lvl1_1[19]  
    core_inst/gen_l1[4].neuron_l1_add_lvl1_1[20]  
    core_inst/gen_l1[4].neuron_l1_add_lvl1_1[21]  
    core_inst/gen_l1[4].neuron_l1_add_lvl1_1[22]  
    core_inst/gen_l1[4].neuron_l1_add_lvl1_1[23]  
    core_inst/gen_l1[4].neuron_l1_add_lvl1_1[24]  
    core_inst/gen_l1[4].neuron_l1_add_lvl1_1[25]  
    core_inst/gen_l1[4].neuron_l1_add_lvl1_1[26]  
    core_inst/gen_l1[4].neuron_l1_add_lvl1_1[27]  
    core_inst/gen_l1[4].neuron_l1_add_lvl1_1[28]  
    core_inst/gen_l1[4].neuron_l1_add_lvl1_1[29]  
    core_inst/gen_l1[4].neuron_l1_add_lvl1_1[30]  
    core_inst/gen_l1[4].neuron_l1_add_lvl1_1[31]  
    core_inst/gen_l1[4].neuron_l1_add_lvl1_0[16]  
    core_inst/gen_l1[4].neuron_l1_add_lvl1_0[17]  
    core_inst/gen_l1[4].neuron_l1_add_lvl1_0[18]  
    core_inst/gen_l1[4].neuron_l1_add_lvl1_0[19]  
    core_inst/gen_l1[4].neuron_l1_add_lvl1_0[20]  
    core_inst/gen_l1[4].neuron_l1_add_lvl1_0[21]  
    core_inst/gen_l1[4].neuron_l1_add_lvl1_0[22]  
    core_inst/gen_l1[4].neuron_l1_add_lvl1_0[23]  
    core_inst/gen_l1[4].neuron_l1_add_lvl1_0[24]  
    core_inst/gen_l1[4].neuron_l1_add_lvl1_0[25]  
    core_inst/gen_l1[4].neuron_l1_add_lvl1_0[26]  
    core_inst/gen_l1[4].neuron_l1_add_lvl1_0[27]  
    core_inst/gen_l1[4].neuron_l1_add_lvl1_0[28]  
    core_inst/gen_l1[4].neuron_l1_add_lvl1_0[29]  
    core_inst/gen_l1[4].neuron_l1_add_lvl1_0[30]  
    core_inst/gen_l1[4].neuron_l1_add_lvl1_0[31]  
    core_inst/gen_l1[4].neuron_l1_mult[3][15]  
    core_inst/gen_l1[4].neuron_l1_mult[2][15]  
    core_inst/gen_l1[4].neuron_l1_mult[1][15]  
    core_inst/gen_l1[4].neuron_l1_mult[0][15]  
    core_inst/gen_l1[3].neuron_l1_sum_with_bias[0]  
    core_inst/gen_l1[3].neuron_l1_sum_with_bias[1]  
    core_inst/gen_l1[3].neuron_l1_sum_with_bias[2]  
    core_inst/gen_l1[3].neuron_l1_sum_with_bias[3]  
    core_inst/gen_l1[3].neuron_l1_sum_with_bias[4]  
    core_inst/gen_l1[3].neuron_l1_sum_with_bias[18]  
    core_inst/gen_l1[3].neuron_l1_sum_with_bias[19]  
    core_inst/gen_l1[3].neuron_l1_sum_with_bias[20]  
    core_inst/gen_l1[3].neuron_l1_sum_with_bias[21]  
    core_inst/gen_l1[3].neuron_l1_sum_with_bias[22]  
    core_inst/gen_l1[3].neuron_l1_sum_with_bias[23]  
    core_inst/gen_l1[3].neuron_l1_sum_with_bias[24]  
    core_inst/gen_l1[3].neuron_l1_sum_with_bias[25]  
    core_inst/gen_l1[3].neuron_l1_sum_with_bias[26]  
    core_inst/gen_l1[3].neuron_l1_sum_with_bias[27]  
    core_inst/gen_l1[3].neuron_l1_sum_with_bias[28]  
    core_inst/gen_l1[3].neuron_l1_sum_with_bias[29]  
    core_inst/gen_l1[3].neuron_l1_sum_with_bias[30]  
    core_inst/gen_l1[3].neuron_l1_sum_with_bias[31]  
    core_inst/gen_l1[3].neuron_l1_add_lvl1_1[16]  
    core_inst/gen_l1[3].neuron_l1_add_lvl1_1[17]  
    core_inst/gen_l1[3].neuron_l1_add_lvl1_1[18]  
    core_inst/gen_l1[3].neuron_l1_add_lvl1_1[19]  
    core_inst/gen_l1[3].neuron_l1_add_lvl1_1[20]  
    core_inst/gen_l1[3].neuron_l1_add_lvl1_1[21]  
    core_inst/gen_l1[3].neuron_l1_add_lvl1_1[22]  
    core_inst/gen_l1[3].neuron_l1_add_lvl1_1[23]  
    core_inst/gen_l1[3].neuron_l1_add_lvl1_1[24]  
    core_inst/gen_l1[3].neuron_l1_add_lvl1_1[25]  
    core_inst/gen_l1[3].neuron_l1_add_lvl1_1[26]  
    core_inst/gen_l1[3].neuron_l1_add_lvl1_1[27]  
    core_inst/gen_l1[3].neuron_l1_add_lvl1_1[28]  
    core_inst/gen_l1[3].neuron_l1_add_lvl1_1[29]  
    core_inst/gen_l1[3].neuron_l1_add_lvl1_1[30]  
    core_inst/gen_l1[3].neuron_l1_add_lvl1_1[31]  
    core_inst/gen_l1[3].neuron_l1_add_lvl1_0[16]  
    core_inst/gen_l1[3].neuron_l1_add_lvl1_0[17]  
    core_inst/gen_l1[3].neuron_l1_add_lvl1_0[18]  
    core_inst/gen_l1[3].neuron_l1_add_lvl1_0[19]  
    core_inst/gen_l1[3].neuron_l1_add_lvl1_0[20]  
    core_inst/gen_l1[3].neuron_l1_add_lvl1_0[21]  
    core_inst/gen_l1[3].neuron_l1_add_lvl1_0[22]  
    core_inst/gen_l1[3].neuron_l1_add_lvl1_0[23]  
    core_inst/gen_l1[3].neuron_l1_add_lvl1_0[24]  
    core_inst/gen_l1[3].neuron_l1_add_lvl1_0[25]  
    core_inst/gen_l1[3].neuron_l1_add_lvl1_0[26]  
    core_inst/gen_l1[3].neuron_l1_add_lvl1_0[27]  
    core_inst/gen_l1[3].neuron_l1_add_lvl1_0[28]  
    core_inst/gen_l1[3].neuron_l1_add_lvl1_0[29]  
    core_inst/gen_l1[3].neuron_l1_add_lvl1_0[30]  
    core_inst/gen_l1[3].neuron_l1_add_lvl1_0[31]  
    core_inst/gen_l1[3].neuron_l1_mult[3][15]  
    core_inst/gen_l1[3].neuron_l1_mult[2][15]  
    core_inst/gen_l1[3].neuron_l1_mult[1][15]  
    core_inst/gen_l1[3].neuron_l1_mult[0][15]  
    core_inst/gen_l1[2].neuron_l1_sum_with_bias[0]  
    core_inst/gen_l1[2].neuron_l1_sum_with_bias[1]  
    core_inst/gen_l1[2].neuron_l1_sum_with_bias[2]  
    core_inst/gen_l1[2].neuron_l1_sum_with_bias[3]  
    core_inst/gen_l1[2].neuron_l1_sum_with_bias[4]  
    core_inst/gen_l1[2].neuron_l1_sum_with_bias[18]  
    core_inst/gen_l1[2].neuron_l1_sum_with_bias[19]  
    core_inst/gen_l1[2].neuron_l1_sum_with_bias[20]  
    core_inst/gen_l1[2].neuron_l1_sum_with_bias[21]  
    core_inst/gen_l1[2].neuron_l1_sum_with_bias[22]  
    core_inst/gen_l1[2].neuron_l1_sum_with_bias[23]  
    core_inst/gen_l1[2].neuron_l1_sum_with_bias[24]  
    core_inst/gen_l1[2].neuron_l1_sum_with_bias[25]  
    core_inst/gen_l1[2].neuron_l1_sum_with_bias[26]  
    core_inst/gen_l1[2].neuron_l1_sum_with_bias[27]  
    core_inst/gen_l1[2].neuron_l1_sum_with_bias[28]  
    core_inst/gen_l1[2].neuron_l1_sum_with_bias[29]  
    core_inst/gen_l1[2].neuron_l1_sum_with_bias[30]  
    core_inst/gen_l1[2].neuron_l1_sum_with_bias[31]  
    core_inst/gen_l1[2].neuron_l1_add_lvl1_1[16]  
    core_inst/gen_l1[2].neuron_l1_add_lvl1_1[17]  
    core_inst/gen_l1[2].neuron_l1_add_lvl1_1[18]  
    core_inst/gen_l1[2].neuron_l1_add_lvl1_1[19]  
    core_inst/gen_l1[2].neuron_l1_add_lvl1_1[20]  
    core_inst/gen_l1[2].neuron_l1_add_lvl1_1[21]  
    core_inst/gen_l1[2].neuron_l1_add_lvl1_1[22]  
    core_inst/gen_l1[2].neuron_l1_add_lvl1_1[23]  
    core_inst/gen_l1[2].neuron_l1_add_lvl1_1[24]  
    core_inst/gen_l1[2].neuron_l1_add_lvl1_1[25]  
    core_inst/gen_l1[2].neuron_l1_add_lvl1_1[26]  
    core_inst/gen_l1[2].neuron_l1_add_lvl1_1[27]  
    core_inst/gen_l1[2].neuron_l1_add_lvl1_1[28]  
    core_inst/gen_l1[2].neuron_l1_add_lvl1_1[29]  
    core_inst/gen_l1[2].neuron_l1_add_lvl1_1[30]  
    core_inst/gen_l1[2].neuron_l1_add_lvl1_1[31]  
    core_inst/gen_l1[2].neuron_l1_add_lvl1_0[16]  
    core_inst/gen_l1[2].neuron_l1_add_lvl1_0[17]  
    core_inst/gen_l1[2].neuron_l1_add_lvl1_0[18]  
    core_inst/gen_l1[2].neuron_l1_add_lvl1_0[19]  
    core_inst/gen_l1[2].neuron_l1_add_lvl1_0[20]  
    core_inst/gen_l1[2].neuron_l1_add_lvl1_0[21]  
    core_inst/gen_l1[2].neuron_l1_add_lvl1_0[22]  
    core_inst/gen_l1[2].neuron_l1_add_lvl1_0[23]  
    core_inst/gen_l1[2].neuron_l1_add_lvl1_0[24]  
    core_inst/gen_l1[2].neuron_l1_add_lvl1_0[25]  
    core_inst/gen_l1[2].neuron_l1_add_lvl1_0[26]  
    core_inst/gen_l1[2].neuron_l1_add_lvl1_0[27]  
    core_inst/gen_l1[2].neuron_l1_add_lvl1_0[28]  
    core_inst/gen_l1[2].neuron_l1_add_lvl1_0[29]  
    core_inst/gen_l1[2].neuron_l1_add_lvl1_0[30]  
    core_inst/gen_l1[2].neuron_l1_add_lvl1_0[31]  
    core_inst/gen_l1[2].neuron_l1_mult[3][15]  
    core_inst/gen_l1[2].neuron_l1_mult[2][15]  
    core_inst/gen_l1[2].neuron_l1_mult[1][15]  
    core_inst/gen_l1[2].neuron_l1_mult[0][15]  
    core_inst/gen_l1[1].neuron_l1_sum_with_bias[0]  
    core_inst/gen_l1[1].neuron_l1_sum_with_bias[1]  
    core_inst/gen_l1[1].neuron_l1_sum_with_bias[2]  
    core_inst/gen_l1[1].neuron_l1_sum_with_bias[3]  
    core_inst/gen_l1[1].neuron_l1_sum_with_bias[4]  
    core_inst/gen_l1[1].neuron_l1_sum_with_bias[18]  
    core_inst/gen_l1[1].neuron_l1_sum_with_bias[19]  
    core_inst/gen_l1[1].neuron_l1_sum_with_bias[20]  
    core_inst/gen_l1[1].neuron_l1_sum_with_bias[21]  
    core_inst/gen_l1[1].neuron_l1_sum_with_bias[22]  
    core_inst/gen_l1[1].neuron_l1_sum_with_bias[23]  
    core_inst/gen_l1[1].neuron_l1_sum_with_bias[24]  
    core_inst/gen_l1[1].neuron_l1_sum_with_bias[25]  
    core_inst/gen_l1[1].neuron_l1_sum_with_bias[26]  
    core_inst/gen_l1[1].neuron_l1_sum_with_bias[27]  
    core_inst/gen_l1[1].neuron_l1_sum_with_bias[28]  
    core_inst/gen_l1[1].neuron_l1_sum_with_bias[29]  
    core_inst/gen_l1[1].neuron_l1_sum_with_bias[30]  
    core_inst/gen_l1[1].neuron_l1_sum_with_bias[31]  
    core_inst/gen_l1[1].neuron_l1_add_lvl1_1[16]  
    core_inst/gen_l1[1].neuron_l1_add_lvl1_1[17]  
    core_inst/gen_l1[1].neuron_l1_add_lvl1_1[18]  
    core_inst/gen_l1[1].neuron_l1_add_lvl1_1[19]  
    core_inst/gen_l1[1].neuron_l1_add_lvl1_1[20]  
    core_inst/gen_l1[1].neuron_l1_add_lvl1_1[21]  
    core_inst/gen_l1[1].neuron_l1_add_lvl1_1[22]  
    core_inst/gen_l1[1].neuron_l1_add_lvl1_1[23]  
    core_inst/gen_l1[1].neuron_l1_add_lvl1_1[24]  
    core_inst/gen_l1[1].neuron_l1_add_lvl1_1[25]  
    core_inst/gen_l1[1].neuron_l1_add_lvl1_1[26]  
    core_inst/gen_l1[1].neuron_l1_add_lvl1_1[27]  
    core_inst/gen_l1[1].neuron_l1_add_lvl1_1[28]  
    core_inst/gen_l1[1].neuron_l1_add_lvl1_1[29]  
    core_inst/gen_l1[1].neuron_l1_add_lvl1_1[30]  
    core_inst/gen_l1[1].neuron_l1_add_lvl1_1[31]  
    core_inst/gen_l1[1].neuron_l1_add_lvl1_0[16]  
    core_inst/gen_l1[1].neuron_l1_add_lvl1_0[17]  
    core_inst/gen_l1[1].neuron_l1_add_lvl1_0[18]  
    core_inst/gen_l1[1].neuron_l1_add_lvl1_0[19]  
    core_inst/gen_l1[1].neuron_l1_add_lvl1_0[20]  
    core_inst/gen_l1[1].neuron_l1_add_lvl1_0[21]  
    core_inst/gen_l1[1].neuron_l1_add_lvl1_0[22]  
    core_inst/gen_l1[1].neuron_l1_add_lvl1_0[23]  
    core_inst/gen_l1[1].neuron_l1_add_lvl1_0[24]  
    core_inst/gen_l1[1].neuron_l1_add_lvl1_0[25]  
    core_inst/gen_l1[1].neuron_l1_add_lvl1_0[26]  
    core_inst/gen_l1[1].neuron_l1_add_lvl1_0[27]  
    core_inst/gen_l1[1].neuron_l1_add_lvl1_0[28]  
    core_inst/gen_l1[1].neuron_l1_add_lvl1_0[29]  
    core_inst/gen_l1[1].neuron_l1_add_lvl1_0[30]  
    core_inst/gen_l1[1].neuron_l1_add_lvl1_0[31]  
    core_inst/gen_l1[1].neuron_l1_mult[3][15]  
    core_inst/gen_l1[1].neuron_l1_mult[2][15]  
    core_inst/gen_l1[1].neuron_l1_mult[1][15]  
    core_inst/gen_l1[1].neuron_l1_mult[0][15]  
    core_inst/gen_l1[0].neuron_l1_sum_with_bias[0]  
    core_inst/gen_l1[0].neuron_l1_sum_with_bias[1]  
    core_inst/gen_l1[0].neuron_l1_sum_with_bias[2]  
    core_inst/gen_l1[0].neuron_l1_sum_with_bias[3]  
    core_inst/gen_l1[0].neuron_l1_sum_with_bias[4]  
    core_inst/gen_l1[0].neuron_l1_sum_with_bias[18]  
    core_inst/gen_l1[0].neuron_l1_sum_with_bias[19]  
    core_inst/gen_l1[0].neuron_l1_sum_with_bias[20]  
    core_inst/gen_l1[0].neuron_l1_sum_with_bias[21]  
    core_inst/gen_l1[0].neuron_l1_sum_with_bias[22]  
    core_inst/gen_l1[0].neuron_l1_sum_with_bias[23]  
    core_inst/gen_l1[0].neuron_l1_sum_with_bias[24]  
    core_inst/gen_l1[0].neuron_l1_sum_with_bias[25]  
    core_inst/gen_l1[0].neuron_l1_sum_with_bias[26]  
    core_inst/gen_l1[0].neuron_l1_sum_with_bias[27]  
    core_inst/gen_l1[0].neuron_l1_sum_with_bias[28]  
    core_inst/gen_l1[0].neuron_l1_sum_with_bias[29]  
    core_inst/gen_l1[0].neuron_l1_sum_with_bias[30]  
    core_inst/gen_l1[0].neuron_l1_sum_with_bias[31]  
    core_inst/gen_l1[0].neuron_l1_add_lvl1_1[16]  
    core_inst/gen_l1[0].neuron_l1_add_lvl1_1[17]  
    core_inst/gen_l1[0].neuron_l1_add_lvl1_1[18]  
    core_inst/gen_l1[0].neuron_l1_add_lvl1_1[19]  
    core_inst/gen_l1[0].neuron_l1_add_lvl1_1[20]  
    core_inst/gen_l1[0].neuron_l1_add_lvl1_1[21]  
    core_inst/gen_l1[0].neuron_l1_add_lvl1_1[22]  
    core_inst/gen_l1[0].neuron_l1_add_lvl1_1[23]  
    core_inst/gen_l1[0].neuron_l1_add_lvl1_1[24]  
    core_inst/gen_l1[0].neuron_l1_add_lvl1_1[25]  
    core_inst/gen_l1[0].neuron_l1_add_lvl1_1[26]  
    core_inst/gen_l1[0].neuron_l1_add_lvl1_1[27]  
    core_inst/gen_l1[0].neuron_l1_add_lvl1_1[28]  
    core_inst/gen_l1[0].neuron_l1_add_lvl1_1[29]  
    core_inst/gen_l1[0].neuron_l1_add_lvl1_1[30]  
    core_inst/gen_l1[0].neuron_l1_add_lvl1_1[31]  
    core_inst/gen_l1[0].neuron_l1_add_lvl1_0[16]  
    core_inst/gen_l1[0].neuron_l1_add_lvl1_0[17]  
    core_inst/gen_l1[0].neuron_l1_add_lvl1_0[18]  
    core_inst/gen_l1[0].neuron_l1_add_lvl1_0[19]  
    core_inst/gen_l1[0].neuron_l1_add_lvl1_0[20]  
    core_inst/gen_l1[0].neuron_l1_add_lvl1_0[21]  
    core_inst/gen_l1[0].neuron_l1_add_lvl1_0[22]  
    core_inst/gen_l1[0].neuron_l1_add_lvl1_0[23]  
    core_inst/gen_l1[0].neuron_l1_add_lvl1_0[24]  
    core_inst/gen_l1[0].neuron_l1_add_lvl1_0[25]  
    core_inst/gen_l1[0].neuron_l1_add_lvl1_0[26]  
    core_inst/gen_l1[0].neuron_l1_add_lvl1_0[27]  
    core_inst/gen_l1[0].neuron_l1_add_lvl1_0[28]  
    core_inst/gen_l1[0].neuron_l1_add_lvl1_0[29]  
    core_inst/gen_l1[0].neuron_l1_add_lvl1_0[30]  
    core_inst/gen_l1[0].neuron_l1_add_lvl1_0[31]  
    core_inst/gen_l1[0].neuron_l1_mult[3][15]  
    core_inst/gen_l1[0].neuron_l1_mult[2][15]  
    core_inst/gen_l1[0].neuron_l1_mult[1][15]  
    core_inst/gen_l1[0].neuron_l1_mult[0][15]  
    core_inst/r_val[9]  
    core_inst/r_val[10]  
    core_inst/r_val[11]  
    core_inst/r_val[12]  
    core_inst/r_val[13]  
    core_inst/r_val[14]  
    core_inst/r_val[15]  
    core_inst/r_val[16]  
    core_inst/r_val[17]  
    core_inst/r_val[18]  
    core_inst/r_val[19]  
    core_inst/r_val[20]  
    core_inst/r_val[21]  
    core_inst/r_val[22]  
    core_inst/r_val[23]  
    core_inst/r_val[24]  
    core_inst/r_val[25]  
    core_inst/r_val[26]  
    core_inst/r_val[27]  
    core_inst/r_val[28]  
    core_inst/r_val[29]  
    core_inst/r_val[30]  
    core_inst/r_val[31]  
    core_inst/act_in[3][6]  
    core_inst/a_val[11]  
    core_inst/a_val[12]  
    core_inst/a_val[13]  
    core_inst/a_val[14]  
    core_inst/a_val[15]  
    core_inst/a_val[16]  
    core_inst/a_val[17]  
    core_inst/a_val[18]  
    core_inst/a_val[19]  
    core_inst/a_val[20]  
    core_inst/a_val[21]  
    core_inst/a_val[22]  
    core_inst/a_val[23]  
    core_inst/a_val[24]  
    core_inst/a_val[25]  
    core_inst/a_val[26]  
    core_inst/a_val[27]  
    core_inst/a_val[28]  
    core_inst/a_val[29]  
    core_inst/a_val[30]  
    core_inst/a_val[31]  
    core_inst/act_in[2][6]  
    core_inst/s_val[9]  
    core_inst/s_val[10]  
    core_inst/s_val[11]  
    core_inst/s_val[12]  
    core_inst/s_val[13]  
    core_inst/s_val[14]  
    core_inst/s_val[15]  
    core_inst/s_val[16]  
    core_inst/s_val[17]  
    core_inst/s_val[18]  
    core_inst/s_val[19]  
    core_inst/s_val[20]  
    core_inst/s_val[21]  
    core_inst/s_val[22]  
    core_inst/s_val[23]  
    core_inst/s_val[24]  
    core_inst/s_val[25]  
    core_inst/s_val[26]  
    core_inst/s_val[27]  
    core_inst/s_val[28]  
    core_inst/s_val[29]  
    core_inst/s_val[30]  
    core_inst/s_val[31]  
    core_inst/act_in[1][6]  
    core_inst/d_val[9]  
    core_inst/d_val[10]  
    core_inst/d_val[11]  
    core_inst/d_val[12]  
    core_inst/d_val[13]  
    core_inst/d_val[14]  
    core_inst/d_val[15]  
    core_inst/d_val[16]  
    core_inst/d_val[17]  
    core_inst/d_val[18]  
    core_inst/d_val[19]  
    core_inst/d_val[20]  
    core_inst/d_val[21]  
    core_inst/d_val[22]  
    core_inst/d_val[23]  
    core_inst/d_val[24]  
    core_inst/d_val[25]  
    core_inst/d_val[26]  
    core_inst/d_val[27]  
    core_inst/d_val[28]  
    core_inst/d_val[29]  
    core_inst/d_val[30]  
    core_inst/d_val[31]  
    core_inst/act_in[0][6]  
    core_inst/FE_UNCONNECTED_0  
    core_inst/FE_UNCONNECTED_1  
    core_inst/FE_UNCONNECTED_2  
    core_inst/FE_UNCONNECTED_3  
    core_inst/FE_UNCONNECTED_4  
    core_inst/FE_UNCONNECTED_5  
    core_inst/FE_UNCONNECTED_6  
    core_inst/FE_UNCONNECTED_7  
    core_inst/FE_UNCONNECTED_8  
    core_inst/FE_UNCONNECTED_9  
    core_inst/FE_UNCONNECTED_10  
    core_inst/FE_UNCONNECTED_11  
    core_inst/FE_UNCONNECTED_12  
    core_inst/FE_UNCONNECTED_13  
    core_inst/FE_UNCONNECTED_14  
    core_inst/FE_UNCONNECTED_15  
    core_inst/FE_UNCONNECTED_16  
    core_inst/FE_UNCONNECTED_17  
    core_inst/FE_UNCONNECTED_18  
    core_inst/FE_UNCONNECTED_19  
    core_inst/FE_UNCONNECTED_20  
    core_inst/FE_UNCONNECTED_21  
    dma_len_reg[0]  
    dma_len_reg[2]  
    dma_len_reg[6]  
    dma_len_w[0]  
    dma_len_w[1]  
    dma_len_w[2]  
    dma_len_w[4]  
    dma_len_w[6]  
    dma_len_w[8]  
    dma_src_w[0]  
    dma_src_w[1]  
    dma_src_w[2]  
    dma_src_w[4]  
    dma_src_w[5]  
    dma_src_w[6]  
    dma_src_w[8]  
    dma_src_reg[0]  
    dma_src_reg[1]  
    dma_src_reg[2]  
    dma_src_reg[4]  
    dma_src_reg[5]  
    dma_src_reg[6]  
    dma_src_reg[8]  
    dma_cnt[1]  
    dma_cnt[2]  
    dma_cnt[4]  
    dma_cnt[5]  
    dma_cnt[6]  
    dma_cnt[7]  
    last_addr[2]  
    last_addr[8]  
    wgt_bank_wire[40][2]  
    wgt_bank_wire[42][2]  
    wgt_bank_wire[43][2]  
    wgt_bank_wire[44][2]  
    wgt_bank_wire[45][2]  
    wgt_bank_wire[46][2]  
    wgt_bank_wire[47][2]  
    wgt_bank_wire[48][2]  
    wgt_bank_wire[49][2]  
    wgt_bank_wire[50][2]  
    wgt_bank_wire[51][2]  
    wgt_bank_wire[52][2]  
    wgt_bank_wire[53][2]  
    wgt_bank_wire[54][2]  
    wgt_bank_wire[56][2]  
    wgt_bank_wire[59][2]  
    wgt_bank_wire[61][2]  
    wgt_bank_wire[62][2]  
    wgt_bank_wire[63][2]  
    wgt_bank_wire[65][2]  
    wgt_bank_wire[66][2]  
    wgt_bank_wire[67][2]  
    wgt_bank_wire[69][2]  
    wgt_bank_wire[70][2]  
    wgt_bank_wire[71][2]  
    wgt_bank_wire[72][2]  
    wgt_bank_wire[73][2]  
    wgt_bank_wire[75][2]  
    wgt_bank_wire[76][2]  
    wgt_bank_wire[77][2]  
    wgt_bank_wire[78][2]  
    wgt_bank_wire[79][2]  
    wgt_bank_wire[80][2]  
    wgt_bank_wire[81][2]  
    wgt_bank_wire[82][2]  
    wgt_bank_wire[83][2]  
    wgt_bank_wire[84][2]  
    wgt_bank_wire[86][2]  
    wgt_bank_wire[88][2]  
    wgt_bank_wire[89][2]  
    wgt_bank_wire[90][2]  
    wgt_bank_wire[91][2]  
    wgt_bank_wire[92][2]  
    wgt_bank_wire[93][2]  
    wgt_bank_wire[94][2]  
    wgt_bank_wire[95][2]  
    wgt_bank_wire[96][2]  
    wgt_bank_wire[98][2]  
    wgt_bank_wire[99][2]  
    wgt_bank_wire[101][2]  
    wgt_bank_wire[102][2]  
    wgt_bank_wire[104][2]  
    wgt_bank_wire[106][2]  
    wgt_bank_wire[107][2]  
    wgt_bank_wire[108][2]  
    wgt_bank_wire[109][2]  
    wgt_bank_wire[110][2]  
    wgt_bank_wire[112][2]  
    wgt_bank_wire[114][2]  
    wgt_bank_wire[115][2]  
    wgt_bank_wire[116][2]  
    wgt_bank_wire[117][2]  
    wgt_bank_wire[118][2]  
    wgt_bank_wire[120][2]  
    wgt_bank_wire[121][2]  
    wgt_bank_wire[124][2]  
    wgt_bank_wire[125][2]  
    wgt_bank_wire[127][2]  
    wgt_bank_wire[133][4]  
    wgt_bank_wire[144][4]  
    wgt_bank_wire[144][6]  
    wgt_bank_wire[145][6]  
    wgt_bank_wire[146][6]  
    wgt_bank_wire[147][6]  
    wgt_bank_wire[148][6]  
    wgt_bank_wire[149][4]  
    wgt_bank_wire[150][6]  
    wgt_bank_wire[151][6]  
    wgt_bank_wire[152][4]  
    wgt_bank_wire[153][6]  
    wgt_bank_wire[156][2]  
    wgt_bank_wire[156][6]  
    wgt_bank_wire[157][2]  
    wgt_bank_wire[159][2]  
    wgt_bank_wire[159][6]  
    wgt_bank_wire[161][4]  
    wgt_bank_wire[161][6]  
    wgt_bank_wire[162][2]  
    wgt_bank_wire[163][2]  
    wgt_bank_wire[164][6]  
    wgt_bank_wire[167][6]  
    wgt_bank_wire[168][4]  
    wgt_bank_wire[171][4]  
    wgt_bank_wire[171][6]  
    wgt_bank_wire[172][6]  
    wgt_bank_wire[173][4]  
    wgt_bank_wire[173][6]  
    wgt_bank_wire[174][4]  
    wgt_bank_wire[174][6]  
    wgt_bank_wire[175][4]  
    wgt_bank_wire[175][6]  
    wgt_bank_wire[176][6]  
    wgt_bank_wire[177][6]  
    wgt_bank_wire[178][6]  
    wgt_bank_wire[179][6]  
    wgt_bank_wire[180][6]  
    wgt_bank_wire[182][4]  
    wgt_bank_wire[182][6]  
    wgt_bank_wire[183][6]  
    wgt_bank_wire[184][6]  
    wgt_bank_wire[185][6]  
    wgt_bank_wire[186][6]  
    wgt_bank_wire[187][2]  
    wgt_bank_wire[187][6]  
    wgt_bank_wire[190][2]  
    wgt_bank_wire[190][6]  
    wgt_bank_wire[191][6]  
    wgt_bank_wire[193][6]  
    wgt_bank_wire[194][6]  
    wgt_bank_wire[195][6]  
    wgt_bank_wire[196][6]  
    wgt_bank_wire[197][2]  
    wgt_bank_wire[197][6]  
    wgt_bank_wire[201][6]  
    wgt_bank_wire[202][6]  
    wgt_bank_wire[204][4]  
    wgt_bank_wire[206][4]  
    wgt_bank_wire[206][6]  
    wgt_bank_wire[211][6]  
    wgt_bank_wire[212][4]  
    wgt_bank_wire[212][6]  
    wgt_bank_wire[213][2]  
    wgt_bank_wire[216][4]  
    wgt_bank_wire[217][4]  
    wgt_bank_wire[217][6]  
    wgt_bank_wire[218][4]  
    wgt_bank_wire[219][4]  
    wgt_bank_wire[219][6]  
    wgt_bank_wire[223][6]  
    wgt_bank_wire[224][4]  
    wgt_bank_wire[225][6]  
    wgt_bank_wire[226][6]  
    wgt_bank_wire[227][2]  
    wgt_bank_wire[227][4]  
    wgt_bank_wire[227][6]  
    wgt_bank_wire[228][6]  
    wgt_bank_wire[231][6]  
    wgt_bank_wire[232][6]  
    wgt_bank_wire[233][6]  
    wgt_bank_wire[234][6]  
    wgt_bank_wire[235][4]  
    wgt_bank_wire[237][6]  
    wgt_bank_wire[238][2]  
    wgt_bank_wire[238][4]  
    wgt_bank_wire[241][6]  
    wgt_bank_wire[242][4]  
    wgt_bank_wire[242][6]  
    wgt_bank_wire[243][2]  
    wgt_bank_wire[246][4]  
    wgt_bank_wire[247][4]  
    wgt_bank_wire[247][6]  
    wgt_bank_wire[249][4]  
    wgt_bank_wire[249][6]  
    wgt_bank_wire[250][6]  
    wgt_bank_wire[251][4]  
    wgt_bank_wire[253][6]  
    wgt_bank_wire[254][6]  
    sensor_raw_reg[0][8]  
    sensor_raw_reg[0][9]  
    sensor_raw_reg[0][10]  
    sensor_raw_reg[0][11]  
    sensor_raw_reg[0][12]  
    sensor_raw_reg[0][13]  
    sensor_raw_reg[0][14]  
    sensor_raw_reg[0][15]  
    sensor_raw_reg[0][16]  
    sensor_raw_reg[0][17]  
    sensor_raw_reg[0][18]  
    sensor_raw_reg[0][19]  
    sensor_raw_reg[0][20]  
    sensor_raw_reg[0][21]  
    sensor_raw_reg[0][22]  
    sensor_raw_reg[0][23]  
    sensor_raw_reg[0][24]  
    sensor_raw_reg[0][25]  
    sensor_raw_reg[0][26]  
    sensor_raw_reg[0][27]  
    sensor_raw_reg[0][28]  
    sensor_raw_reg[0][29]  
    sensor_raw_reg[0][30]  
    sensor_raw_reg[0][31]  
    sensor_raw_reg[1][8]  
    sensor_raw_reg[1][9]  
    sensor_raw_reg[1][10]  
    sensor_raw_reg[1][11]  
    sensor_raw_reg[1][12]  
    sensor_raw_reg[1][13]  
    sensor_raw_reg[1][14]  
    sensor_raw_reg[1][15]  
    sensor_raw_reg[1][16]  
    sensor_raw_reg[1][17]  
    sensor_raw_reg[1][18]  
    sensor_raw_reg[1][19]  
    sensor_raw_reg[1][20]  
    sensor_raw_reg[1][21]  
    sensor_raw_reg[1][22]  
    sensor_raw_reg[1][23]  
    sensor_raw_reg[1][24]  
    sensor_raw_reg[1][25]  
    sensor_raw_reg[1][26]  
    sensor_raw_reg[1][27]  
    sensor_raw_reg[1][28]  
    sensor_raw_reg[1][29]  
    sensor_raw_reg[1][30]  
    sensor_raw_reg[1][31]  
    sensor_raw_reg[2][8]  
    sensor_raw_reg[2][9]  
    sensor_raw_reg[2][10]  
    sensor_raw_reg[2][11]  
    sensor_raw_reg[2][12]  
    sensor_raw_reg[2][13]  
    sensor_raw_reg[2][14]  
    sensor_raw_reg[2][15]  
    sensor_raw_reg[2][16]  
    sensor_raw_reg[2][17]  
    sensor_raw_reg[2][18]  
    sensor_raw_reg[2][19]  
    sensor_raw_reg[2][20]  
    sensor_raw_reg[2][21]  
    sensor_raw_reg[2][22]  
    sensor_raw_reg[2][23]  
    sensor_raw_reg[2][24]  
    sensor_raw_reg[2][25]  
    sensor_raw_reg[2][26]  
    sensor_raw_reg[2][27]  
    sensor_raw_reg[2][28]  
    sensor_raw_reg[2][29]  
    sensor_raw_reg[2][30]  
    sensor_raw_reg[2][31]  
    sensor_raw_reg[3][8]  
    sensor_raw_reg[3][9]  
    sensor_raw_reg[3][10]  
    sensor_raw_reg[3][11]  
    sensor_raw_reg[3][12]  
    sensor_raw_reg[3][13]  
    sensor_raw_reg[3][14]  
    sensor_raw_reg[3][15]  
    sensor_raw_reg[3][16]  
    sensor_raw_reg[3][17]  
    sensor_raw_reg[3][18]  
    sensor_raw_reg[3][19]  
    sensor_raw_reg[3][20]  
    sensor_raw_reg[3][21]  
    sensor_raw_reg[3][22]  
    sensor_raw_reg[3][23]  
    sensor_raw_reg[3][24]  
    sensor_raw_reg[3][25]  
    sensor_raw_reg[3][26]  
    sensor_raw_reg[3][27]  
    sensor_raw_reg[3][28]  
    sensor_raw_reg[3][29]  
    sensor_raw_reg[3][30]  
    sensor_raw_reg[3][31]  
    FE_UNCONNECTED_20  
    FE_UNCONNECTED_21  
    final_predictions[0][15]  
    final_predictions[0][16]  
    final_predictions[0][17]  
    final_predictions[0][18]  
    final_predictions[0][19]  
    final_predictions[0][20]  
    final_predictions[0][21]  
    final_predictions[0][22]  
    final_predictions[0][23]  
    final_predictions[0][24]  
    final_predictions[0][25]  
    final_predictions[0][26]  
    final_predictions[0][27]  
    final_predictions[0][28]  
    final_predictions[0][29]  
    final_predictions[0][30]  
    final_predictions[0][31]  
    final_predictions[1][15]  
    final_predictions[1][16]  
    final_predictions[1][17]  
    final_predictions[1][18]  
    final_predictions[1][19]  
    final_predictions[1][20]  
    final_predictions[1][21]  
    final_predictions[1][22]  
    final_predictions[1][23]  
    final_predictions[1][24]  
    final_predictions[1][25]  
    final_predictions[1][26]  
    final_predictions[1][27]  
    final_predictions[1][28]  
    final_predictions[1][29]  
    final_predictions[1][30]  
    final_predictions[1][31]  
# Multi-driven Nets: 0  
# Assign Statements: 1901  
    General Caution:
        1) The assignment statements can impact CTS and IPO.
        2) You can use "setDoAssign" properly to slove the problem.
    
    Verilog File Name: adas_accelerator_top_final.enc.dat/adas_accelerator_top.v.gz  
    Module Name: compute_core  
    final_predictions[1][30] = 1'b0  
    final_predictions[1][29] = 1'b0  
    final_predictions[1][28] = 1'b0  
    final_predictions[1][27] = 1'b0  
    final_predictions[1][26] = 1'b0  
    final_predictions[1][25] = 1'b0  
    final_predictions[1][24] = 1'b0  
    final_predictions[1][23] = 1'b0  
    final_predictions[1][22] = 1'b0  
    final_predictions[1][21] = 1'b0  
    final_predictions[1][20] = 1'b0  
    final_predictions[1][19] = 1'b0  
    final_predictions[1][18] = 1'b0  
    final_predictions[1][17] = 1'b0  
    final_predictions[1][16] = 1'b0  
    final_predictions[1][15] = 1'b0  
    final_predictions[1][14] = 1'b0  
    final_predictions[0][30] = 1'b0  
    final_predictions[0][29] = 1'b0  
    final_predictions[0][28] = 1'b0  
    final_predictions[0][27] = 1'b0  
    final_predictions[0][26] = 1'b0  
    final_predictions[0][25] = 1'b0  
    final_predictions[0][24] = 1'b0  
    final_predictions[0][23] = 1'b0  
    final_predictions[0][22] = 1'b0  
    final_predictions[0][21] = 1'b0  
    final_predictions[0][20] = 1'b0  
    final_predictions[0][19] = 1'b0  
    final_predictions[0][18] = 1'b0  
    final_predictions[0][17] = 1'b0  
    final_predictions[0][16] = 1'b0  
    final_predictions[0][15] = 1'b0  
    final_predictions[0][14] = 1'b0  
    final_valid = 1'b0  
    
    Verilog File Name: adas_accelerator_top_final.enc.dat/adas_accelerator_top.v.gz  
    Module Name: mult_signed_15439  
    Z[14] = 1'b0  
    
    Verilog File Name: adas_accelerator_top_final.enc.dat/adas_accelerator_top.v.gz  
    Module Name: mult_signed_15421  
    Z[14] = 1'b0  
    
    Verilog File Name: adas_accelerator_top_final.enc.dat/adas_accelerator_top.v.gz  
    Module Name: mult_signed_15403  
    Z[14] = 1'b0  
    
    Verilog File Name: adas_accelerator_top_final.enc.dat/adas_accelerator_top.v.gz  
    Module Name: mult_signed_15385  
    Z[14] = 1'b0  
    
    Verilog File Name: adas_accelerator_top_final.enc.dat/adas_accelerator_top.v.gz  
    Module Name: mult_signed_15367  
    Z[14] = 1'b0  
    
    Verilog File Name: adas_accelerator_top_final.enc.dat/adas_accelerator_top.v.gz  
    Module Name: mult_signed_15349  
    Z[14] = 1'b0  
    
    Verilog File Name: adas_accelerator_top_final.enc.dat/adas_accelerator_top.v.gz  
    Module Name: mult_signed_15331  
    Z[14] = 1'b0  
    
    Verilog File Name: adas_accelerator_top_final.enc.dat/adas_accelerator_top.v.gz  
    Module Name: mult_signed_15313  
    Z[14] = 1'b0  
    
    Verilog File Name: adas_accelerator_top_final.enc.dat/adas_accelerator_top.v.gz  
    Module Name: mult_signed_15295  
    Z[14] = 1'b0  
    
    Verilog File Name: adas_accelerator_top_final.enc.dat/adas_accelerator_top.v.gz  
    Module Name: mult_signed_15277  
    Z[14] = 1'b0  
    
    Verilog File Name: adas_accelerator_top_final.enc.dat/adas_accelerator_top.v.gz  
    Module Name: mult_signed_15259  
    Z[14] = 1'b0  
    
    Verilog File Name: adas_accelerator_top_final.enc.dat/adas_accelerator_top.v.gz  
    Module Name: mult_signed_15241  
    Z[14] = 1'b0  
    
    Verilog File Name: adas_accelerator_top_final.enc.dat/adas_accelerator_top.v.gz  
    Module Name: mult_signed_15223  
    Z[14] = 1'b0  
    
    Verilog File Name: adas_accelerator_top_final.enc.dat/adas_accelerator_top.v.gz  
    Module Name: mult_signed_15205  
    Z[14] = 1'b0  
    
    Verilog File Name: adas_accelerator_top_final.enc.dat/adas_accelerator_top.v.gz  
    Module Name: mult_signed_15187  
    Z[14] = 1'b0  
    
    Verilog File Name: adas_accelerator_top_final.enc.dat/adas_accelerator_top.v.gz  
    Module Name: mult_signed_15169  
    Z[14] = 1'b0  
    
    Verilog File Name: adas_accelerator_top_final.enc.dat/adas_accelerator_top.v.gz  
    Module Name: csa_tree_add_21_52_group_9419_9420_16  
    out_0[30] = 1'b0  
    out_0[29] = 1'b0  
    out_0[28] = 1'b0  
    out_0[27] = 1'b0  
    out_0[26] = 1'b0  
    out_0[25] = 1'b0  
    out_0[24] = 1'b0  
    out_0[23] = 1'b0  
    out_0[22] = 1'b0  
    out_0[21] = 1'b0  
    out_0[20] = 1'b0  
    out_0[19] = 1'b0  
    out_0[4] = 1'b0  
    out_0[3] = 1'b0  
    out_0[2] = 1'b0  
    out_0[1] = 1'b0  
    out_0[0] = 1'b0  
    
    Verilog File Name: adas_accelerator_top_final.enc.dat/adas_accelerator_top.v.gz  
    Module Name: add_signed_8379  
    Z[30] = 1'b0  
    Z[29] = 1'b0  
    Z[28] = 1'b0  
    Z[27] = 1'b0  
    Z[26] = 1'b0  
    Z[25] = 1'b0  
    Z[24] = 1'b0  
    Z[23] = 1'b0  
    Z[22] = 1'b0  
    Z[21] = 1'b0  
    Z[20] = 1'b0  
    Z[19] = 1'b0  
    Z[18] = 1'b0  
    Z[17] = 1'b0  
    
    Verilog File Name: adas_accelerator_top_final.enc.dat/adas_accelerator_top.v.gz  
    Module Name: add_signed_8361  
    Z[30] = 1'b0  
    Z[29] = 1'b0  
    Z[28] = 1'b0  
    Z[27] = 1'b0  
    Z[26] = 1'b0  
    Z[25] = 1'b0  
    Z[24] = 1'b0  
    Z[23] = 1'b0  
    Z[22] = 1'b0  
    Z[21] = 1'b0  
    Z[20] = 1'b0  
    Z[19] = 1'b0  
    Z[18] = 1'b0  
    Z[17] = 1'b0  
    
    Verilog File Name: adas_accelerator_top_final.enc.dat/adas_accelerator_top.v.gz  
    Module Name: add_signed_771_8307  
    Z[16] = 1'b0  
    
    Verilog File Name: adas_accelerator_top_final.enc.dat/adas_accelerator_top.v.gz  
    Module Name: add_signed_771_8325  
    Z[16] = 1'b0  
    
    Verilog File Name: adas_accelerator_top_final.enc.dat/adas_accelerator_top.v.gz  
    Module Name: add_signed_771_8343  
    Z[16] = 1'b0  
    
    Verilog File Name: adas_accelerator_top_final.enc.dat/adas_accelerator_top.v.gz  
    Module Name: add_signed_771  
    Z[16] = 1'b0  
    
    Verilog File Name: adas_accelerator_top_final.enc.dat/adas_accelerator_top.v.gz  
    Module Name: add_signed_1380_8132  
    Z[15] = 1'b0  
    
    Verilog File Name: adas_accelerator_top_final.enc.dat/adas_accelerator_top.v.gz  
    Module Name: add_signed_1380_8150  
    Z[15] = 1'b0  
    
    Verilog File Name: adas_accelerator_top_final.enc.dat/adas_accelerator_top.v.gz  
    Module Name: add_signed_1380_8168  
    Z[15] = 1'b0  
    
    Verilog File Name: adas_accelerator_top_final.enc.dat/adas_accelerator_top.v.gz  
    Module Name: add_signed_1380_8186  
    Z[15] = 1'b0  
    
    Verilog File Name: adas_accelerator_top_final.enc.dat/adas_accelerator_top.v.gz  
    Module Name: add_signed_1380_8204  
    Z[15] = 1'b0  
    
    Verilog File Name: adas_accelerator_top_final.enc.dat/adas_accelerator_top.v.gz  
    Module Name: add_signed_1380_8222  
    Z[15] = 1'b0  
    
    Verilog File Name: adas_accelerator_top_final.enc.dat/adas_accelerator_top.v.gz  
    Module Name: add_signed_1380_8240  
    Z[15] = 1'b0  
    
    Verilog File Name: adas_accelerator_top_final.enc.dat/adas_accelerator_top.v.gz  
    Module Name: add_signed_1380  
    Z[15] = 1'b0  
    
    Verilog File Name: adas_accelerator_top_final.enc.dat/adas_accelerator_top.v.gz  
    Module Name: mult_signed_15440  
    Z[14] = 1'b0  
    
    Verilog File Name: adas_accelerator_top_final.enc.dat/adas_accelerator_top.v.gz  
    Module Name: mult_signed_15422  
    Z[14] = 1'b0  
    
    Verilog File Name: adas_accelerator_top_final.enc.dat/adas_accelerator_top.v.gz  
    Module Name: mult_signed_15404  
    Z[14] = 1'b0  
    
    Verilog File Name: adas_accelerator_top_final.enc.dat/adas_accelerator_top.v.gz  
    Module Name: mult_signed_15386  
    Z[14] = 1'b0  
    
    Verilog File Name: adas_accelerator_top_final.enc.dat/adas_accelerator_top.v.gz  
    Module Name: mult_signed_15368  
    Z[14] = 1'b0  
    
    Verilog File Name: adas_accelerator_top_final.enc.dat/adas_accelerator_top.v.gz  
    Module Name: mult_signed_15350  
    Z[14] = 1'b0  
    
    Verilog File Name: adas_accelerator_top_final.enc.dat/adas_accelerator_top.v.gz  
    Module Name: mult_signed_15332  
    Z[14] = 1'b0  
    
    Verilog File Name: adas_accelerator_top_final.enc.dat/adas_accelerator_top.v.gz  
    Module Name: mult_signed_15314  
    Z[14] = 1'b0  
    
    Verilog File Name: adas_accelerator_top_final.enc.dat/adas_accelerator_top.v.gz  
    Module Name: mult_signed_15296  
    Z[14] = 1'b0  
    
    Verilog File Name: adas_accelerator_top_final.enc.dat/adas_accelerator_top.v.gz  
    Module Name: mult_signed_15278  
    Z[14] = 1'b0  
    
    Verilog File Name: adas_accelerator_top_final.enc.dat/adas_accelerator_top.v.gz  
    Module Name: mult_signed_15260  
    Z[14] = 1'b0  
    
    Verilog File Name: adas_accelerator_top_final.enc.dat/adas_accelerator_top.v.gz  
    Module Name: mult_signed_15242  
    Z[14] = 1'b0  
    
    Verilog File Name: adas_accelerator_top_final.enc.dat/adas_accelerator_top.v.gz  
    Module Name: mult_signed_15224  
    Z[14] = 1'b0  
    
    Verilog File Name: adas_accelerator_top_final.enc.dat/adas_accelerator_top.v.gz  
    Module Name: mult_signed_15206  
    Z[14] = 1'b0  
    
    Verilog File Name: adas_accelerator_top_final.enc.dat/adas_accelerator_top.v.gz  
    Module Name: mult_signed_15188  
    Z[14] = 1'b0  
    
    Verilog File Name: adas_accelerator_top_final.enc.dat/adas_accelerator_top.v.gz  
    Module Name: mult_signed_15170  
    Z[14] = 1'b0  
    
    Verilog File Name: adas_accelerator_top_final.enc.dat/adas_accelerator_top.v.gz  
    Module Name: csa_tree_add_21_52_group_9419_9420_15  
    out_0[30] = 1'b0  
    out_0[29] = 1'b0  
    out_0[28] = 1'b0  
    out_0[27] = 1'b0  
    out_0[26] = 1'b0  
    out_0[25] = 1'b0  
    out_0[24] = 1'b0  
    out_0[23] = 1'b0  
    out_0[22] = 1'b0  
    out_0[21] = 1'b0  
    out_0[20] = 1'b0  
    out_0[19] = 1'b0  
    out_0[4] = 1'b0  
    out_0[3] = 1'b0  
    out_0[2] = 1'b0  
    out_0[1] = 1'b0  
    out_0[0] = 1'b0  
    
    Verilog File Name: adas_accelerator_top_final.enc.dat/adas_accelerator_top.v.gz  
    Module Name: add_signed_8378  
    Z[30] = 1'b0  
    Z[29] = 1'b0  
    Z[28] = 1'b0  
    Z[27] = 1'b0  
    Z[26] = 1'b0  
    Z[25] = 1'b0  
    Z[24] = 1'b0  
    Z[23] = 1'b0  
    Z[22] = 1'b0  
    Z[21] = 1'b0  
    Z[20] = 1'b0  
    Z[19] = 1'b0  
    Z[18] = 1'b0  
    Z[17] = 1'b0  
    
    Verilog File Name: adas_accelerator_top_final.enc.dat/adas_accelerator_top.v.gz  
    Module Name: add_signed_8396  
    Z[30] = 1'b0  
    Z[29] = 1'b0  
    Z[28] = 1'b0  
    Z[27] = 1'b0  
    Z[26] = 1'b0  
    Z[25] = 1'b0  
    Z[24] = 1'b0  
    Z[23] = 1'b0  
    Z[22] = 1'b0  
    Z[21] = 1'b0  
    Z[20] = 1'b0  
    Z[19] = 1'b0  
    Z[18] = 1'b0  
    Z[17] = 1'b0  
    
    Verilog File Name: adas_accelerator_top_final.enc.dat/adas_accelerator_top.v.gz  
    Module Name: add_signed_771_8306  
    Z[16] = 1'b0  
    
    Verilog File Name: adas_accelerator_top_final.enc.dat/adas_accelerator_top.v.gz  
    Module Name: add_signed_771_8324  
    Z[16] = 1'b0  
    
    Verilog File Name: adas_accelerator_top_final.enc.dat/adas_accelerator_top.v.gz  
    Module Name: add_signed_771_8342  
    Z[16] = 1'b0  
    
    Verilog File Name: adas_accelerator_top_final.enc.dat/adas_accelerator_top.v.gz  
    Module Name: add_signed_771_8360  
    Z[16] = 1'b0  
    
    Verilog File Name: adas_accelerator_top_final.enc.dat/adas_accelerator_top.v.gz  
    Module Name: add_signed_1380_8131  
    Z[15] = 1'b0  
    
    Verilog File Name: adas_accelerator_top_final.enc.dat/adas_accelerator_top.v.gz  
    Module Name: add_signed_1380_8149  
    Z[15] = 1'b0  
    
    Verilog File Name: adas_accelerator_top_final.enc.dat/adas_accelerator_top.v.gz  
    Module Name: add_signed_1380_8167  
    Z[15] = 1'b0  
    
    Verilog File Name: adas_accelerator_top_final.enc.dat/adas_accelerator_top.v.gz  
    Module Name: add_signed_1380_8185  
    Z[15] = 1'b0  
    
    Verilog File Name: adas_accelerator_top_final.enc.dat/adas_accelerator_top.v.gz  
    Module Name: add_signed_1380_8203  
    Z[15] = 1'b0  
    
    Verilog File Name: adas_accelerator_top_final.enc.dat/adas_accelerator_top.v.gz  
    Module Name: add_signed_1380_8221  
    Z[15] = 1'b0  
    
    Verilog File Name: adas_accelerator_top_final.enc.dat/adas_accelerator_top.v.gz  
    Module Name: add_signed_1380_8239  
    Z[15] = 1'b0  
    
    Verilog File Name: adas_accelerator_top_final.enc.dat/adas_accelerator_top.v.gz  
    Module Name: add_signed_1380_8257  
    Z[15] = 1'b0  
    
    Verilog File Name: adas_accelerator_top_final.enc.dat/adas_accelerator_top.v.gz  
    Module Name: mult_signed_15447  
    Z[14] = 1'b0  
    
    Verilog File Name: adas_accelerator_top_final.enc.dat/adas_accelerator_top.v.gz  
    Module Name: mult_signed_15429  
    Z[14] = 1'b0  
    
    Verilog File Name: adas_accelerator_top_final.enc.dat/adas_accelerator_top.v.gz  
    Module Name: mult_signed_15411  
    Z[14] = 1'b0  
    
    Verilog File Name: adas_accelerator_top_final.enc.dat/adas_accelerator_top.v.gz  
    Module Name: mult_signed_15393  
    Z[14] = 1'b0  
    
    Verilog File Name: adas_accelerator_top_final.enc.dat/adas_accelerator_top.v.gz  
    Module Name: mult_signed_15375  
    Z[14] = 1'b0  
    
    Verilog File Name: adas_accelerator_top_final.enc.dat/adas_accelerator_top.v.gz  
    Module Name: mult_signed_15357  
    Z[14] = 1'b0  
    
    Verilog File Name: adas_accelerator_top_final.enc.dat/adas_accelerator_top.v.gz  
    Module Name: mult_signed_15339  
    Z[14] = 1'b0  
    
    Verilog File Name: adas_accelerator_top_final.enc.dat/adas_accelerator_top.v.gz  
    Module Name: mult_signed_15321  
    Z[14] = 1'b0  
    
    Verilog File Name: adas_accelerator_top_final.enc.dat/adas_accelerator_top.v.gz  
    Module Name: mult_signed_15303  
    Z[14] = 1'b0  
    
    Verilog File Name: adas_accelerator_top_final.enc.dat/adas_accelerator_top.v.gz  
    Module Name: mult_signed_15285  
    Z[14] = 1'b0  
    
    Verilog File Name: adas_accelerator_top_final.enc.dat/adas_accelerator_top.v.gz  
    Module Name: mult_signed_15267  
    Z[14] = 1'b0  
    
    Verilog File Name: adas_accelerator_top_final.enc.dat/adas_accelerator_top.v.gz  
    Module Name: mult_signed_15249  
    Z[14] = 1'b0  
    
    Verilog File Name: adas_accelerator_top_final.enc.dat/adas_accelerator_top.v.gz  
    Module Name: mult_signed_15231  
    Z[14] = 1'b0  
    
    Verilog File Name: adas_accelerator_top_final.enc.dat/adas_accelerator_top.v.gz  
    Module Name: mult_signed_15213  
    Z[14] = 1'b0  
    
    Verilog File Name: adas_accelerator_top_final.enc.dat/adas_accelerator_top.v.gz  
    Module Name: mult_signed_15195  
    Z[14] = 1'b0  
    
    Verilog File Name: adas_accelerator_top_final.enc.dat/adas_accelerator_top.v.gz  
    Module Name: mult_signed_15177  
    Z[14] = 1'b0  
    
    Verilog File Name: adas_accelerator_top_final.enc.dat/adas_accelerator_top.v.gz  
    Module Name: csa_tree_add_21_52_group_9419_9420_8  
    out_0[30] = 1'b0  
    out_0[29] = 1'b0  
    out_0[28] = 1'b0  
    out_0[27] = 1'b0  
    out_0[26] = 1'b0  
    out_0[25] = 1'b0  
    out_0[24] = 1'b0  
    out_0[23] = 1'b0  
    out_0[22] = 1'b0  
    out_0[21] = 1'b0  
    out_0[20] = 1'b0  
    out_0[19] = 1'b0  
    out_0[4] = 1'b0  
    out_0[3] = 1'b0  
    out_0[2] = 1'b0  
    out_0[1] = 1'b0  
    out_0[0] = 1'b0  
    
    Verilog File Name: adas_accelerator_top_final.enc.dat/adas_accelerator_top.v.gz  
    Module Name: add_signed_8371  
    Z[30] = 1'b0  
    Z[29] = 1'b0  
    Z[28] = 1'b0  
    Z[27] = 1'b0  
    Z[26] = 1'b0  
    Z[25] = 1'b0  
    Z[24] = 1'b0  
    Z[23] = 1'b0  
    Z[22] = 1'b0  
    Z[21] = 1'b0  
    Z[20] = 1'b0  
    Z[19] = 1'b0  
    Z[18] = 1'b0  
    Z[17] = 1'b0  
    
    Verilog File Name: adas_accelerator_top_final.enc.dat/adas_accelerator_top.v.gz  
    Module Name: add_signed_8389  
    Z[30] = 1'b0  
    Z[29] = 1'b0  
    Z[28] = 1'b0  
    Z[27] = 1'b0  
    Z[26] = 1'b0  
    Z[25] = 1'b0  
    Z[24] = 1'b0  
    Z[23] = 1'b0  
    Z[22] = 1'b0  
    Z[21] = 1'b0  
    Z[20] = 1'b0  
    Z[19] = 1'b0  
    Z[18] = 1'b0  
    Z[17] = 1'b0  
    
    Verilog File Name: adas_accelerator_top_final.enc.dat/adas_accelerator_top.v.gz  
    Module Name: add_signed_771_8299  
    Z[16] = 1'b0  
    
    Verilog File Name: adas_accelerator_top_final.enc.dat/adas_accelerator_top.v.gz  
    Module Name: add_signed_771_8317  
    Z[16] = 1'b0  
    
    Verilog File Name: adas_accelerator_top_final.enc.dat/adas_accelerator_top.v.gz  
    Module Name: add_signed_771_8335  
    Z[16] = 1'b0  
    
    Verilog File Name: adas_accelerator_top_final.enc.dat/adas_accelerator_top.v.gz  
    Module Name: add_signed_771_8353  
    Z[16] = 1'b0  
    
    Verilog File Name: adas_accelerator_top_final.enc.dat/adas_accelerator_top.v.gz  
    Module Name: add_signed_1380_8124  
    Z[15] = 1'b0  
    
    Verilog File Name: adas_accelerator_top_final.enc.dat/adas_accelerator_top.v.gz  
    Module Name: add_signed_1380_8142  
    Z[15] = 1'b0  
    
    Verilog File Name: adas_accelerator_top_final.enc.dat/adas_accelerator_top.v.gz  
    Module Name: add_signed_1380_8160  
    Z[15] = 1'b0  
    
    Verilog File Name: adas_accelerator_top_final.enc.dat/adas_accelerator_top.v.gz  
    Module Name: add_signed_1380_8178  
    Z[15] = 1'b0  
    
    Verilog File Name: adas_accelerator_top_final.enc.dat/adas_accelerator_top.v.gz  
    Module Name: add_signed_1380_8196  
    Z[15] = 1'b0  
    
    Verilog File Name: adas_accelerator_top_final.enc.dat/adas_accelerator_top.v.gz  
    Module Name: add_signed_1380_8214  
    Z[15] = 1'b0  
    
    Verilog File Name: adas_accelerator_top_final.enc.dat/adas_accelerator_top.v.gz  
    Module Name: add_signed_1380_8232  
    Z[15] = 1'b0  
    
    Verilog File Name: adas_accelerator_top_final.enc.dat/adas_accelerator_top.v.gz  
    Module Name: add_signed_1380_8250  
    Z[15] = 1'b0  
    
    Verilog File Name: adas_accelerator_top_final.enc.dat/adas_accelerator_top.v.gz  
    Module Name: mult_signed_15448  
    Z[14] = 1'b0  
    
    Verilog File Name: adas_accelerator_top_final.enc.dat/adas_accelerator_top.v.gz  
    Module Name: mult_signed_15430  
    Z[14] = 1'b0  
    
    Verilog File Name: adas_accelerator_top_final.enc.dat/adas_accelerator_top.v.gz  
    Module Name: mult_signed_15412  
    Z[14] = 1'b0  
    
    Verilog File Name: adas_accelerator_top_final.enc.dat/adas_accelerator_top.v.gz  
    Module Name: mult_signed_15394  
    Z[14] = 1'b0  
    
    Verilog File Name: adas_accelerator_top_final.enc.dat/adas_accelerator_top.v.gz  
    Module Name: mult_signed_15376  
    Z[14] = 1'b0  
    
    Verilog File Name: adas_accelerator_top_final.enc.dat/adas_accelerator_top.v.gz  
    Module Name: mult_signed_15358  
    Z[14] = 1'b0  
    
    Verilog File Name: adas_accelerator_top_final.enc.dat/adas_accelerator_top.v.gz  
    Module Name: mult_signed_15340  
    Z[14] = 1'b0  
    
    Verilog File Name: adas_accelerator_top_final.enc.dat/adas_accelerator_top.v.gz  
    Module Name: mult_signed_15322  
    Z[14] = 1'b0  
    
    Verilog File Name: adas_accelerator_top_final.enc.dat/adas_accelerator_top.v.gz  
    Module Name: mult_signed_15304  
    Z[14] = 1'b0  
    
    Verilog File Name: adas_accelerator_top_final.enc.dat/adas_accelerator_top.v.gz  
    Module Name: mult_signed_15286  
    Z[14] = 1'b0  
    
    Verilog File Name: adas_accelerator_top_final.enc.dat/adas_accelerator_top.v.gz  
    Module Name: mult_signed_15268  
    Z[14] = 1'b0  
    
    Verilog File Name: adas_accelerator_top_final.enc.dat/adas_accelerator_top.v.gz  
    Module Name: mult_signed_15250  
    Z[14] = 1'b0  
    
    Verilog File Name: adas_accelerator_top_final.enc.dat/adas_accelerator_top.v.gz  
    Module Name: mult_signed_15232  
    Z[14] = 1'b0  
    
    Verilog File Name: adas_accelerator_top_final.enc.dat/adas_accelerator_top.v.gz  
    Module Name: mult_signed_15214  
    Z[14] = 1'b0  
    
    Verilog File Name: adas_accelerator_top_final.enc.dat/adas_accelerator_top.v.gz  
    Module Name: mult_signed_15196  
    Z[14] = 1'b0  
    
    Verilog File Name: adas_accelerator_top_final.enc.dat/adas_accelerator_top.v.gz  
    Module Name: mult_signed_15178  
    Z[14] = 1'b0  
    
    Verilog File Name: adas_accelerator_top_final.enc.dat/adas_accelerator_top.v.gz  
    Module Name: csa_tree_add_21_52_group_9419_9420_7  
    out_0[30] = 1'b0  
    out_0[29] = 1'b0  
    out_0[28] = 1'b0  
    out_0[27] = 1'b0  
    out_0[26] = 1'b0  
    out_0[25] = 1'b0  
    out_0[24] = 1'b0  
    out_0[23] = 1'b0  
    out_0[22] = 1'b0  
    out_0[21] = 1'b0  
    out_0[20] = 1'b0  
    out_0[19] = 1'b0  
    out_0[4] = 1'b0  
    out_0[3] = 1'b0  
    out_0[2] = 1'b0  
    out_0[1] = 1'b0  
    out_0[0] = 1'b0  
    
    Verilog File Name: adas_accelerator_top_final.enc.dat/adas_accelerator_top.v.gz  
    Module Name: add_signed_8370  
    Z[30] = 1'b0  
    Z[29] = 1'b0  
    Z[28] = 1'b0  
    Z[27] = 1'b0  
    Z[26] = 1'b0  
    Z[25] = 1'b0  
    Z[24] = 1'b0  
    Z[23] = 1'b0  
    Z[22] = 1'b0  
    Z[21] = 1'b0  
    Z[20] = 1'b0  
    Z[19] = 1'b0  
    Z[18] = 1'b0  
    Z[17] = 1'b0  
    
    Verilog File Name: adas_accelerator_top_final.enc.dat/adas_accelerator_top.v.gz  
    Module Name: add_signed_8388  
    Z[30] = 1'b0  
    Z[29] = 1'b0  
    Z[28] = 1'b0  
    Z[27] = 1'b0  
    Z[26] = 1'b0  
    Z[25] = 1'b0  
    Z[24] = 1'b0  
    Z[23] = 1'b0  
    Z[22] = 1'b0  
    Z[21] = 1'b0  
    Z[20] = 1'b0  
    Z[19] = 1'b0  
    Z[18] = 1'b0  
    Z[17] = 1'b0  
    
    Verilog File Name: adas_accelerator_top_final.enc.dat/adas_accelerator_top.v.gz  
    Module Name: add_signed_771_8298  
    Z[16] = 1'b0  
    
    Verilog File Name: adas_accelerator_top_final.enc.dat/adas_accelerator_top.v.gz  
    Module Name: add_signed_771_8316  
    Z[16] = 1'b0  
    
    Verilog File Name: adas_accelerator_top_final.enc.dat/adas_accelerator_top.v.gz  
    Module Name: add_signed_771_8334  
    Z[16] = 1'b0  
    
    Verilog File Name: adas_accelerator_top_final.enc.dat/adas_accelerator_top.v.gz  
    Module Name: add_signed_771_8352  
    Z[16] = 1'b0  
    
    Verilog File Name: adas_accelerator_top_final.enc.dat/adas_accelerator_top.v.gz  
    Module Name: add_signed_1380_8123  
    Z[15] = 1'b0  
    
    Verilog File Name: adas_accelerator_top_final.enc.dat/adas_accelerator_top.v.gz  
    Module Name: add_signed_1380_8141  
    Z[15] = 1'b0  
    
    Verilog File Name: adas_accelerator_top_final.enc.dat/adas_accelerator_top.v.gz  
    Module Name: add_signed_1380_8159  
    Z[15] = 1'b0  
    
    Verilog File Name: adas_accelerator_top_final.enc.dat/adas_accelerator_top.v.gz  
    Module Name: add_signed_1380_8177  
    Z[15] = 1'b0  
    
    Verilog File Name: adas_accelerator_top_final.enc.dat/adas_accelerator_top.v.gz  
    Module Name: add_signed_1380_8195  
    Z[15] = 1'b0  
    
    Verilog File Name: adas_accelerator_top_final.enc.dat/adas_accelerator_top.v.gz  
    Module Name: add_signed_1380_8213  
    Z[15] = 1'b0  
    
    Verilog File Name: adas_accelerator_top_final.enc.dat/adas_accelerator_top.v.gz  
    Module Name: add_signed_1380_8231  
    Z[15] = 1'b0  
    
    Verilog File Name: adas_accelerator_top_final.enc.dat/adas_accelerator_top.v.gz  
    Module Name: add_signed_1380_8249  
    Z[15] = 1'b0  
    
    Verilog File Name: adas_accelerator_top_final.enc.dat/adas_accelerator_top.v.gz  
    Module Name: mult_signed_15449  
    Z[14] = 1'b0  
    
    Verilog File Name: adas_accelerator_top_final.enc.dat/adas_accelerator_top.v.gz  
    Module Name: mult_signed_15431  
    Z[14] = 1'b0  
    
    Verilog File Name: adas_accelerator_top_final.enc.dat/adas_accelerator_top.v.gz  
    Module Name: mult_signed_15413  
    Z[14] = 1'b0  
    
    Verilog File Name: adas_accelerator_top_final.enc.dat/adas_accelerator_top.v.gz  
    Module Name: mult_signed_15395  
    Z[14] = 1'b0  
    
    Verilog File Name: adas_accelerator_top_final.enc.dat/adas_accelerator_top.v.gz  
    Module Name: mult_signed_15377  
    Z[14] = 1'b0  
    
    Verilog File Name: adas_accelerator_top_final.enc.dat/adas_accelerator_top.v.gz  
    Module Name: mult_signed_15359  
    Z[14] = 1'b0  
    
    Verilog File Name: adas_accelerator_top_final.enc.dat/adas_accelerator_top.v.gz  
    Module Name: mult_signed_15341  
    Z[14] = 1'b0  
    
    Verilog File Name: adas_accelerator_top_final.enc.dat/adas_accelerator_top.v.gz  
    Module Name: mult_signed_15323  
    Z[14] = 1'b0  
    
    Verilog File Name: adas_accelerator_top_final.enc.dat/adas_accelerator_top.v.gz  
    Module Name: mult_signed_15305  
    Z[14] = 1'b0  
    
    Verilog File Name: adas_accelerator_top_final.enc.dat/adas_accelerator_top.v.gz  
    Module Name: mult_signed_15287  
    Z[14] = 1'b0  
    
    Verilog File Name: adas_accelerator_top_final.enc.dat/adas_accelerator_top.v.gz  
    Module Name: mult_signed_15269  
    Z[14] = 1'b0  
    
    Verilog File Name: adas_accelerator_top_final.enc.dat/adas_accelerator_top.v.gz  
    Module Name: mult_signed_15251  
    Z[14] = 1'b0  
    
    Verilog File Name: adas_accelerator_top_final.enc.dat/adas_accelerator_top.v.gz  
    Module Name: mult_signed_15233  
    Z[14] = 1'b0  
    
    Verilog File Name: adas_accelerator_top_final.enc.dat/adas_accelerator_top.v.gz  
    Module Name: mult_signed_15215  
    Z[14] = 1'b0  
    
    Verilog File Name: adas_accelerator_top_final.enc.dat/adas_accelerator_top.v.gz  
    Module Name: mult_signed_15197  
    Z[14] = 1'b0  
    
    Verilog File Name: adas_accelerator_top_final.enc.dat/adas_accelerator_top.v.gz  
    Module Name: mult_signed_15179  
    Z[14] = 1'b0  
    
    Verilog File Name: adas_accelerator_top_final.enc.dat/adas_accelerator_top.v.gz  
    Module Name: csa_tree_add_21_52_group_9419_9420_6  
    out_0[30] = 1'b0  
    out_0[29] = 1'b0  
    out_0[28] = 1'b0  
    out_0[27] = 1'b0  
    out_0[26] = 1'b0  
    out_0[25] = 1'b0  
    out_0[24] = 1'b0  
    out_0[23] = 1'b0  
    out_0[22] = 1'b0  
    out_0[21] = 1'b0  
    out_0[20] = 1'b0  
    out_0[19] = 1'b0  
    out_0[4] = 1'b0  
    out_0[3] = 1'b0  
    out_0[2] = 1'b0  
    out_0[1] = 1'b0  
    out_0[0] = 1'b0  
    
    Verilog File Name: adas_accelerator_top_final.enc.dat/adas_accelerator_top.v.gz  
    Module Name: add_signed_8369  
    Z[30] = 1'b0  
    Z[29] = 1'b0  
    Z[28] = 1'b0  
    Z[27] = 1'b0  
    Z[26] = 1'b0  
    Z[25] = 1'b0  
    Z[24] = 1'b0  
    Z[23] = 1'b0  
    Z[22] = 1'b0  
    Z[21] = 1'b0  
    Z[20] = 1'b0  
    Z[19] = 1'b0  
    Z[18] = 1'b0  
    Z[17] = 1'b0  
    
    Verilog File Name: adas_accelerator_top_final.enc.dat/adas_accelerator_top.v.gz  
    Module Name: add_signed_8387  
    Z[30] = 1'b0  
    Z[29] = 1'b0  
    Z[28] = 1'b0  
    Z[27] = 1'b0  
    Z[26] = 1'b0  
    Z[25] = 1'b0  
    Z[24] = 1'b0  
    Z[23] = 1'b0  
    Z[22] = 1'b0  
    Z[21] = 1'b0  
    Z[20] = 1'b0  
    Z[19] = 1'b0  
    Z[18] = 1'b0  
    Z[17] = 1'b0  
    
    Verilog File Name: adas_accelerator_top_final.enc.dat/adas_accelerator_top.v.gz  
    Module Name: add_signed_771_8297  
    Z[16] = 1'b0  
    
    Verilog File Name: adas_accelerator_top_final.enc.dat/adas_accelerator_top.v.gz  
    Module Name: add_signed_771_8315  
    Z[16] = 1'b0  
    
    Verilog File Name: adas_accelerator_top_final.enc.dat/adas_accelerator_top.v.gz  
    Module Name: add_signed_771_8333  
    Z[16] = 1'b0  
    
    Verilog File Name: adas_accelerator_top_final.enc.dat/adas_accelerator_top.v.gz  
    Module Name: add_signed_771_8351  
    Z[16] = 1'b0  
    
    Verilog File Name: adas_accelerator_top_final.enc.dat/adas_accelerator_top.v.gz  
    Module Name: add_signed_1380_8122  
    Z[15] = 1'b0  
    
    Verilog File Name: adas_accelerator_top_final.enc.dat/adas_accelerator_top.v.gz  
    Module Name: add_signed_1380_8140  
    Z[15] = 1'b0  
    
    Verilog File Name: adas_accelerator_top_final.enc.dat/adas_accelerator_top.v.gz  
    Module Name: add_signed_1380_8158  
    Z[15] = 1'b0  
    
    Verilog File Name: adas_accelerator_top_final.enc.dat/adas_accelerator_top.v.gz  
    Module Name: add_signed_1380_8176  
    Z[15] = 1'b0  
    
    Verilog File Name: adas_accelerator_top_final.enc.dat/adas_accelerator_top.v.gz  
    Module Name: add_signed_1380_8194  
    Z[15] = 1'b0  
    
    Verilog File Name: adas_accelerator_top_final.enc.dat/adas_accelerator_top.v.gz  
    Module Name: add_signed_1380_8212  
    Z[15] = 1'b0  
    
    Verilog File Name: adas_accelerator_top_final.enc.dat/adas_accelerator_top.v.gz  
    Module Name: add_signed_1380_8230  
    Z[15] = 1'b0  
    
    Verilog File Name: adas_accelerator_top_final.enc.dat/adas_accelerator_top.v.gz  
    Module Name: add_signed_1380_8248  
    Z[15] = 1'b0  
    
    Verilog File Name: adas_accelerator_top_final.enc.dat/adas_accelerator_top.v.gz  
    Module Name: mult_signed_15450  
    Z[14] = 1'b0  
    
    Verilog File Name: adas_accelerator_top_final.enc.dat/adas_accelerator_top.v.gz  
    Module Name: mult_signed_15432  
    Z[14] = 1'b0  
    
    Verilog File Name: adas_accelerator_top_final.enc.dat/adas_accelerator_top.v.gz  
    Module Name: mult_signed_15414  
    Z[14] = 1'b0  
    
    Verilog File Name: adas_accelerator_top_final.enc.dat/adas_accelerator_top.v.gz  
    Module Name: mult_signed_15396  
    Z[14] = 1'b0  
    
    Verilog File Name: adas_accelerator_top_final.enc.dat/adas_accelerator_top.v.gz  
    Module Name: mult_signed_15378  
    Z[14] = 1'b0  
    
    Verilog File Name: adas_accelerator_top_final.enc.dat/adas_accelerator_top.v.gz  
    Module Name: mult_signed_15360  
    Z[14] = 1'b0  
    
    Verilog File Name: adas_accelerator_top_final.enc.dat/adas_accelerator_top.v.gz  
    Module Name: mult_signed_15342  
    Z[14] = 1'b0  
    
    Verilog File Name: adas_accelerator_top_final.enc.dat/adas_accelerator_top.v.gz  
    Module Name: mult_signed_15324  
    Z[14] = 1'b0  
    
    Verilog File Name: adas_accelerator_top_final.enc.dat/adas_accelerator_top.v.gz  
    Module Name: mult_signed_15306  
    Z[14] = 1'b0  
    
    Verilog File Name: adas_accelerator_top_final.enc.dat/adas_accelerator_top.v.gz  
    Module Name: mult_signed_15288  
    Z[14] = 1'b0  
    
    Verilog File Name: adas_accelerator_top_final.enc.dat/adas_accelerator_top.v.gz  
    Module Name: mult_signed_15270  
    Z[14] = 1'b0  
    
    Verilog File Name: adas_accelerator_top_final.enc.dat/adas_accelerator_top.v.gz  
    Module Name: mult_signed_15252  
    Z[14] = 1'b0  
    
    Verilog File Name: adas_accelerator_top_final.enc.dat/adas_accelerator_top.v.gz  
    Module Name: mult_signed_15234  
    Z[14] = 1'b0  
    
    Verilog File Name: adas_accelerator_top_final.enc.dat/adas_accelerator_top.v.gz  
    Module Name: mult_signed_15216  
    Z[14] = 1'b0  
    
    Verilog File Name: adas_accelerator_top_final.enc.dat/adas_accelerator_top.v.gz  
    Module Name: mult_signed_15198  
    Z[14] = 1'b0  
    
    Verilog File Name: adas_accelerator_top_final.enc.dat/adas_accelerator_top.v.gz  
    Module Name: mult_signed_15180  
    Z[14] = 1'b0  
    
    Verilog File Name: adas_accelerator_top_final.enc.dat/adas_accelerator_top.v.gz  
    Module Name: csa_tree_add_21_52_group_9419_9420_5  
    out_0[30] = 1'b0  
    out_0[29] = 1'b0  
    out_0[28] = 1'b0  
    out_0[27] = 1'b0  
    out_0[26] = 1'b0  
    out_0[25] = 1'b0  
    out_0[24] = 1'b0  
    out_0[23] = 1'b0  
    out_0[22] = 1'b0  
    out_0[21] = 1'b0  
    out_0[20] = 1'b0  
    out_0[19] = 1'b0  
    out_0[4] = 1'b0  
    out_0[3] = 1'b0  
    out_0[2] = 1'b0  
    out_0[1] = 1'b0  
    out_0[0] = 1'b0  
    
    Verilog File Name: adas_accelerator_top_final.enc.dat/adas_accelerator_top.v.gz  
    Module Name: add_signed_8368  
    Z[30] = 1'b0  
    Z[29] = 1'b0  
    Z[28] = 1'b0  
    Z[27] = 1'b0  
    Z[26] = 1'b0  
    Z[25] = 1'b0  
    Z[24] = 1'b0  
    Z[23] = 1'b0  
    Z[22] = 1'b0  
    Z[21] = 1'b0  
    Z[20] = 1'b0  
    Z[19] = 1'b0  
    Z[18] = 1'b0  
    Z[17] = 1'b0  
    
    Verilog File Name: adas_accelerator_top_final.enc.dat/adas_accelerator_top.v.gz  
    Module Name: add_signed_8386  
    Z[30] = 1'b0  
    Z[29] = 1'b0  
    Z[28] = 1'b0  
    Z[27] = 1'b0  
    Z[26] = 1'b0  
    Z[25] = 1'b0  
    Z[24] = 1'b0  
    Z[23] = 1'b0  
    Z[22] = 1'b0  
    Z[21] = 1'b0  
    Z[20] = 1'b0  
    Z[19] = 1'b0  
    Z[18] = 1'b0  
    Z[17] = 1'b0  
    
    Verilog File Name: adas_accelerator_top_final.enc.dat/adas_accelerator_top.v.gz  
    Module Name: add_signed_771_8296  
    Z[16] = 1'b0  
    
    Verilog File Name: adas_accelerator_top_final.enc.dat/adas_accelerator_top.v.gz  
    Module Name: add_signed_771_8314  
    Z[16] = 1'b0  
    
    Verilog File Name: adas_accelerator_top_final.enc.dat/adas_accelerator_top.v.gz  
    Module Name: add_signed_771_8332  
    Z[16] = 1'b0  
    
    Verilog File Name: adas_accelerator_top_final.enc.dat/adas_accelerator_top.v.gz  
    Module Name: add_signed_771_8350  
    Z[16] = 1'b0  
    
    Verilog File Name: adas_accelerator_top_final.enc.dat/adas_accelerator_top.v.gz  
    Module Name: add_signed_1380_8121  
    Z[15] = 1'b0  
    
    Verilog File Name: adas_accelerator_top_final.enc.dat/adas_accelerator_top.v.gz  
    Module Name: add_signed_1380_8139  
    Z[15] = 1'b0  
    
    Verilog File Name: adas_accelerator_top_final.enc.dat/adas_accelerator_top.v.gz  
    Module Name: add_signed_1380_8157  
    Z[15] = 1'b0  
    
    Verilog File Name: adas_accelerator_top_final.enc.dat/adas_accelerator_top.v.gz  
    Module Name: add_signed_1380_8175  
    Z[15] = 1'b0  
    
    Verilog File Name: adas_accelerator_top_final.enc.dat/adas_accelerator_top.v.gz  
    Module Name: add_signed_1380_8193  
    Z[15] = 1'b0  
    
    Verilog File Name: adas_accelerator_top_final.enc.dat/adas_accelerator_top.v.gz  
    Module Name: add_signed_1380_8211  
    Z[15] = 1'b0  
    
    Verilog File Name: adas_accelerator_top_final.enc.dat/adas_accelerator_top.v.gz  
    Module Name: add_signed_1380_8229  
    Z[15] = 1'b0  
    
    Verilog File Name: adas_accelerator_top_final.enc.dat/adas_accelerator_top.v.gz  
    Module Name: add_signed_1380_8247  
    Z[15] = 1'b0  
    
    Verilog File Name: adas_accelerator_top_final.enc.dat/adas_accelerator_top.v.gz  
    Module Name: mult_signed_15451  
    Z[14] = 1'b0  
    
    Verilog File Name: adas_accelerator_top_final.enc.dat/adas_accelerator_top.v.gz  
    Module Name: mult_signed_15433  
    Z[14] = 1'b0  
    
    Verilog File Name: adas_accelerator_top_final.enc.dat/adas_accelerator_top.v.gz  
    Module Name: mult_signed_15415  
    Z[14] = 1'b0  
    
    Verilog File Name: adas_accelerator_top_final.enc.dat/adas_accelerator_top.v.gz  
    Module Name: mult_signed_15397  
    Z[14] = 1'b0  
    
    Verilog File Name: adas_accelerator_top_final.enc.dat/adas_accelerator_top.v.gz  
    Module Name: mult_signed_15379  
    Z[14] = 1'b0  
    
    Verilog File Name: adas_accelerator_top_final.enc.dat/adas_accelerator_top.v.gz  
    Module Name: mult_signed_15361  
    Z[14] = 1'b0  
    
    Verilog File Name: adas_accelerator_top_final.enc.dat/adas_accelerator_top.v.gz  
    Module Name: mult_signed_15343  
    Z[14] = 1'b0  
    
    Verilog File Name: adas_accelerator_top_final.enc.dat/adas_accelerator_top.v.gz  
    Module Name: mult_signed_15325  
    Z[14] = 1'b0  
    
    Verilog File Name: adas_accelerator_top_final.enc.dat/adas_accelerator_top.v.gz  
    Module Name: mult_signed_15307  
    Z[14] = 1'b0  
    
    Verilog File Name: adas_accelerator_top_final.enc.dat/adas_accelerator_top.v.gz  
    Module Name: mult_signed_15289  
    Z[14] = 1'b0  
    
    Verilog File Name: adas_accelerator_top_final.enc.dat/adas_accelerator_top.v.gz  
    Module Name: mult_signed_15271  
    Z[14] = 1'b0  
    
    Verilog File Name: adas_accelerator_top_final.enc.dat/adas_accelerator_top.v.gz  
    Module Name: mult_signed_15253  
    Z[14] = 1'b0  
    
    Verilog File Name: adas_accelerator_top_final.enc.dat/adas_accelerator_top.v.gz  
    Module Name: mult_signed_15235  
    Z[14] = 1'b0  
    
    Verilog File Name: adas_accelerator_top_final.enc.dat/adas_accelerator_top.v.gz  
    Module Name: mult_signed_15217  
    Z[14] = 1'b0  
    
    Verilog File Name: adas_accelerator_top_final.enc.dat/adas_accelerator_top.v.gz  
    Module Name: mult_signed_15199  
    Z[14] = 1'b0  
    
    Verilog File Name: adas_accelerator_top_final.enc.dat/adas_accelerator_top.v.gz  
    Module Name: mult_signed_15181  
    Z[14] = 1'b0  
    
    Verilog File Name: adas_accelerator_top_final.enc.dat/adas_accelerator_top.v.gz  
    Module Name: csa_tree_add_21_52_group_9419_9420_4  
    out_0[30] = 1'b0  
    out_0[29] = 1'b0  
    out_0[28] = 1'b0  
    out_0[27] = 1'b0  
    out_0[26] = 1'b0  
    out_0[25] = 1'b0  
    out_0[24] = 1'b0  
    out_0[23] = 1'b0  
    out_0[22] = 1'b0  
    out_0[21] = 1'b0  
    out_0[20] = 1'b0  
    out_0[19] = 1'b0  
    out_0[4] = 1'b0  
    out_0[3] = 1'b0  
    out_0[2] = 1'b0  
    out_0[1] = 1'b0  
    out_0[0] = 1'b0  
    
    Verilog File Name: adas_accelerator_top_final.enc.dat/adas_accelerator_top.v.gz  
    Module Name: add_signed_8367  
    Z[30] = 1'b0  
    Z[29] = 1'b0  
    Z[28] = 1'b0  
    Z[27] = 1'b0  
    Z[26] = 1'b0  
    Z[25] = 1'b0  
    Z[24] = 1'b0  
    Z[23] = 1'b0  
    Z[22] = 1'b0  
    Z[21] = 1'b0  
    Z[20] = 1'b0  
    Z[19] = 1'b0  
    Z[18] = 1'b0  
    Z[17] = 1'b0  
    
    Verilog File Name: adas_accelerator_top_final.enc.dat/adas_accelerator_top.v.gz  
    Module Name: add_signed_8385  
    Z[30] = 1'b0  
    Z[29] = 1'b0  
    Z[28] = 1'b0  
    Z[27] = 1'b0  
    Z[26] = 1'b0  
    Z[25] = 1'b0  
    Z[24] = 1'b0  
    Z[23] = 1'b0  
    Z[22] = 1'b0  
    Z[21] = 1'b0  
    Z[20] = 1'b0  
    Z[19] = 1'b0  
    Z[18] = 1'b0  
    Z[17] = 1'b0  
    
    Verilog File Name: adas_accelerator_top_final.enc.dat/adas_accelerator_top.v.gz  
    Module Name: add_signed_771_8295  
    Z[16] = 1'b0  
    
    Verilog File Name: adas_accelerator_top_final.enc.dat/adas_accelerator_top.v.gz  
    Module Name: add_signed_771_8313  
    Z[16] = 1'b0  
    
    Verilog File Name: adas_accelerator_top_final.enc.dat/adas_accelerator_top.v.gz  
    Module Name: add_signed_771_8331  
    Z[16] = 1'b0  
    
    Verilog File Name: adas_accelerator_top_final.enc.dat/adas_accelerator_top.v.gz  
    Module Name: add_signed_771_8349  
    Z[16] = 1'b0  
    
    Verilog File Name: adas_accelerator_top_final.enc.dat/adas_accelerator_top.v.gz  
    Module Name: add_signed_1380_8120  
    Z[15] = 1'b0  
    
    Verilog File Name: adas_accelerator_top_final.enc.dat/adas_accelerator_top.v.gz  
    Module Name: add_signed_1380_8138  
    Z[15] = 1'b0  
    
    Verilog File Name: adas_accelerator_top_final.enc.dat/adas_accelerator_top.v.gz  
    Module Name: add_signed_1380_8156  
    Z[15] = 1'b0  
    
    Verilog File Name: adas_accelerator_top_final.enc.dat/adas_accelerator_top.v.gz  
    Module Name: add_signed_1380_8174  
    Z[15] = 1'b0  
    
    Verilog File Name: adas_accelerator_top_final.enc.dat/adas_accelerator_top.v.gz  
    Module Name: add_signed_1380_8192  
    Z[15] = 1'b0  
    
    Verilog File Name: adas_accelerator_top_final.enc.dat/adas_accelerator_top.v.gz  
    Module Name: add_signed_1380_8210  
    Z[15] = 1'b0  
    
    Verilog File Name: adas_accelerator_top_final.enc.dat/adas_accelerator_top.v.gz  
    Module Name: add_signed_1380_8228  
    Z[15] = 1'b0  
    
    Verilog File Name: adas_accelerator_top_final.enc.dat/adas_accelerator_top.v.gz  
    Module Name: add_signed_1380_8246  
    Z[15] = 1'b0  
    
    Verilog File Name: adas_accelerator_top_final.enc.dat/adas_accelerator_top.v.gz  
    Module Name: mult_signed_15452  
    Z[14] = 1'b0  
    
    Verilog File Name: adas_accelerator_top_final.enc.dat/adas_accelerator_top.v.gz  
    Module Name: mult_signed_15434  
    Z[14] = 1'b0  
    
    Verilog File Name: adas_accelerator_top_final.enc.dat/adas_accelerator_top.v.gz  
    Module Name: mult_signed_15416  
    Z[14] = 1'b0  
    
    Verilog File Name: adas_accelerator_top_final.enc.dat/adas_accelerator_top.v.gz  
    Module Name: mult_signed_15398  
    Z[14] = 1'b0  
    
    Verilog File Name: adas_accelerator_top_final.enc.dat/adas_accelerator_top.v.gz  
    Module Name: mult_signed_15380  
    Z[14] = 1'b0  
    
    Verilog File Name: adas_accelerator_top_final.enc.dat/adas_accelerator_top.v.gz  
    Module Name: mult_signed_15362  
    Z[14] = 1'b0  
    
    Verilog File Name: adas_accelerator_top_final.enc.dat/adas_accelerator_top.v.gz  
    Module Name: mult_signed_15344  
    Z[14] = 1'b0  
    
    Verilog File Name: adas_accelerator_top_final.enc.dat/adas_accelerator_top.v.gz  
    Module Name: mult_signed_15326  
    Z[14] = 1'b0  
    
    Verilog File Name: adas_accelerator_top_final.enc.dat/adas_accelerator_top.v.gz  
    Module Name: mult_signed_15308  
    Z[14] = 1'b0  
    
    Verilog File Name: adas_accelerator_top_final.enc.dat/adas_accelerator_top.v.gz  
    Module Name: mult_signed_15290  
    Z[14] = 1'b0  
    
    Verilog File Name: adas_accelerator_top_final.enc.dat/adas_accelerator_top.v.gz  
    Module Name: mult_signed_15272  
    Z[14] = 1'b0  
    
    Verilog File Name: adas_accelerator_top_final.enc.dat/adas_accelerator_top.v.gz  
    Module Name: mult_signed_15254  
    Z[14] = 1'b0  
    
    Verilog File Name: adas_accelerator_top_final.enc.dat/adas_accelerator_top.v.gz  
    Module Name: mult_signed_15236  
    Z[14] = 1'b0  
    
    Verilog File Name: adas_accelerator_top_final.enc.dat/adas_accelerator_top.v.gz  
    Module Name: mult_signed_15218  
    Z[14] = 1'b0  
    
    Verilog File Name: adas_accelerator_top_final.enc.dat/adas_accelerator_top.v.gz  
    Module Name: mult_signed_15200  
    Z[14] = 1'b0  
    
    Verilog File Name: adas_accelerator_top_final.enc.dat/adas_accelerator_top.v.gz  
    Module Name: mult_signed_15182  
    Z[14] = 1'b0  
    
    Verilog File Name: adas_accelerator_top_final.enc.dat/adas_accelerator_top.v.gz  
    Module Name: csa_tree_add_21_52_group_9419_9420_3  
    out_0[30] = 1'b0  
    out_0[29] = 1'b0  
    out_0[28] = 1'b0  
    out_0[27] = 1'b0  
    out_0[26] = 1'b0  
    out_0[25] = 1'b0  
    out_0[24] = 1'b0  
    out_0[23] = 1'b0  
    out_0[22] = 1'b0  
    out_0[21] = 1'b0  
    out_0[20] = 1'b0  
    out_0[19] = 1'b0  
    out_0[4] = 1'b0  
    out_0[3] = 1'b0  
    out_0[2] = 1'b0  
    out_0[1] = 1'b0  
    out_0[0] = 1'b0  
    
    Verilog File Name: adas_accelerator_top_final.enc.dat/adas_accelerator_top.v.gz  
    Module Name: add_signed_8366  
    Z[30] = 1'b0  
    Z[29] = 1'b0  
    Z[28] = 1'b0  
    Z[27] = 1'b0  
    Z[26] = 1'b0  
    Z[25] = 1'b0  
    Z[24] = 1'b0  
    Z[23] = 1'b0  
    Z[22] = 1'b0  
    Z[21] = 1'b0  
    Z[20] = 1'b0  
    Z[19] = 1'b0  
    Z[18] = 1'b0  
    Z[17] = 1'b0  
    
    Verilog File Name: adas_accelerator_top_final.enc.dat/adas_accelerator_top.v.gz  
    Module Name: add_signed_8384  
    Z[30] = 1'b0  
    Z[29] = 1'b0  
    Z[28] = 1'b0  
    Z[27] = 1'b0  
    Z[26] = 1'b0  
    Z[25] = 1'b0  
    Z[24] = 1'b0  
    Z[23] = 1'b0  
    Z[22] = 1'b0  
    Z[21] = 1'b0  
    Z[20] = 1'b0  
    Z[19] = 1'b0  
    Z[18] = 1'b0  
    Z[17] = 1'b0  
    
    Verilog File Name: adas_accelerator_top_final.enc.dat/adas_accelerator_top.v.gz  
    Module Name: add_signed_771_8294  
    Z[16] = 1'b0  
    
    Verilog File Name: adas_accelerator_top_final.enc.dat/adas_accelerator_top.v.gz  
    Module Name: add_signed_771_8312  
    Z[16] = 1'b0  
    
    Verilog File Name: adas_accelerator_top_final.enc.dat/adas_accelerator_top.v.gz  
    Module Name: add_signed_771_8330  
    Z[16] = 1'b0  
    
    Verilog File Name: adas_accelerator_top_final.enc.dat/adas_accelerator_top.v.gz  
    Module Name: add_signed_771_8348  
    Z[16] = 1'b0  
    
    Verilog File Name: adas_accelerator_top_final.enc.dat/adas_accelerator_top.v.gz  
    Module Name: add_signed_1380_8119  
    Z[15] = 1'b0  
    
    Verilog File Name: adas_accelerator_top_final.enc.dat/adas_accelerator_top.v.gz  
    Module Name: add_signed_1380_8137  
    Z[15] = 1'b0  
    
    Verilog File Name: adas_accelerator_top_final.enc.dat/adas_accelerator_top.v.gz  
    Module Name: add_signed_1380_8155  
    Z[15] = 1'b0  
    
    Verilog File Name: adas_accelerator_top_final.enc.dat/adas_accelerator_top.v.gz  
    Module Name: add_signed_1380_8173  
    Z[15] = 1'b0  
    
    Verilog File Name: adas_accelerator_top_final.enc.dat/adas_accelerator_top.v.gz  
    Module Name: add_signed_1380_8191  
    Z[15] = 1'b0  
    
    Verilog File Name: adas_accelerator_top_final.enc.dat/adas_accelerator_top.v.gz  
    Module Name: add_signed_1380_8209  
    Z[15] = 1'b0  
    
    Verilog File Name: adas_accelerator_top_final.enc.dat/adas_accelerator_top.v.gz  
    Module Name: add_signed_1380_8227  
    Z[15] = 1'b0  
    
    Verilog File Name: adas_accelerator_top_final.enc.dat/adas_accelerator_top.v.gz  
    Module Name: add_signed_1380_8245  
    Z[15] = 1'b0  
    
    Verilog File Name: adas_accelerator_top_final.enc.dat/adas_accelerator_top.v.gz  
    Module Name: mult_signed_15453  
    Z[14] = 1'b0  
    
    Verilog File Name: adas_accelerator_top_final.enc.dat/adas_accelerator_top.v.gz  
    Module Name: mult_signed_15435  
    Z[14] = 1'b0  
    
    Verilog File Name: adas_accelerator_top_final.enc.dat/adas_accelerator_top.v.gz  
    Module Name: mult_signed_15417  
    Z[14] = 1'b0  
    
    Verilog File Name: adas_accelerator_top_final.enc.dat/adas_accelerator_top.v.gz  
    Module Name: mult_signed_15399  
    Z[14] = 1'b0  
    
    Verilog File Name: adas_accelerator_top_final.enc.dat/adas_accelerator_top.v.gz  
    Module Name: mult_signed_15381  
    Z[14] = 1'b0  
    
    Verilog File Name: adas_accelerator_top_final.enc.dat/adas_accelerator_top.v.gz  
    Module Name: mult_signed_15363  
    Z[14] = 1'b0  
    
    Verilog File Name: adas_accelerator_top_final.enc.dat/adas_accelerator_top.v.gz  
    Module Name: mult_signed_15345  
    Z[14] = 1'b0  
    
    Verilog File Name: adas_accelerator_top_final.enc.dat/adas_accelerator_top.v.gz  
    Module Name: mult_signed_15327  
    Z[14] = 1'b0  
    
    Verilog File Name: adas_accelerator_top_final.enc.dat/adas_accelerator_top.v.gz  
    Module Name: mult_signed_15309  
    Z[14] = 1'b0  
    
    Verilog File Name: adas_accelerator_top_final.enc.dat/adas_accelerator_top.v.gz  
    Module Name: mult_signed_15291  
    Z[14] = 1'b0  
    
    Verilog File Name: adas_accelerator_top_final.enc.dat/adas_accelerator_top.v.gz  
    Module Name: mult_signed_15273  
    Z[14] = 1'b0  
    
    Verilog File Name: adas_accelerator_top_final.enc.dat/adas_accelerator_top.v.gz  
    Module Name: mult_signed_15255  
    Z[14] = 1'b0  
    
    Verilog File Name: adas_accelerator_top_final.enc.dat/adas_accelerator_top.v.gz  
    Module Name: mult_signed_15237  
    Z[14] = 1'b0  
    
    Verilog File Name: adas_accelerator_top_final.enc.dat/adas_accelerator_top.v.gz  
    Module Name: mult_signed_15219  
    Z[14] = 1'b0  
    
    Verilog File Name: adas_accelerator_top_final.enc.dat/adas_accelerator_top.v.gz  
    Module Name: mult_signed_15201  
    Z[14] = 1'b0  
    
    Verilog File Name: adas_accelerator_top_final.enc.dat/adas_accelerator_top.v.gz  
    Module Name: mult_signed_15183  
    Z[14] = 1'b0  
    
    Verilog File Name: adas_accelerator_top_final.enc.dat/adas_accelerator_top.v.gz  
    Module Name: csa_tree_add_21_52_group_9419_9420_2  
    out_0[30] = 1'b0  
    out_0[29] = 1'b0  
    out_0[28] = 1'b0  
    out_0[27] = 1'b0  
    out_0[26] = 1'b0  
    out_0[25] = 1'b0  
    out_0[24] = 1'b0  
    out_0[23] = 1'b0  
    out_0[22] = 1'b0  
    out_0[21] = 1'b0  
    out_0[20] = 1'b0  
    out_0[19] = 1'b0  
    out_0[4] = 1'b0  
    out_0[3] = 1'b0  
    out_0[2] = 1'b0  
    out_0[1] = 1'b0  
    out_0[0] = 1'b0  
    
    Verilog File Name: adas_accelerator_top_final.enc.dat/adas_accelerator_top.v.gz  
    Module Name: add_signed_8365  
    Z[30] = 1'b0  
    Z[29] = 1'b0  
    Z[28] = 1'b0  
    Z[27] = 1'b0  
    Z[26] = 1'b0  
    Z[25] = 1'b0  
    Z[24] = 1'b0  
    Z[23] = 1'b0  
    Z[22] = 1'b0  
    Z[21] = 1'b0  
    Z[20] = 1'b0  
    Z[19] = 1'b0  
    Z[18] = 1'b0  
    Z[17] = 1'b0  
    
    Verilog File Name: adas_accelerator_top_final.enc.dat/adas_accelerator_top.v.gz  
    Module Name: add_signed_8383  
    Z[30] = 1'b0  
    Z[29] = 1'b0  
    Z[28] = 1'b0  
    Z[27] = 1'b0  
    Z[26] = 1'b0  
    Z[25] = 1'b0  
    Z[24] = 1'b0  
    Z[23] = 1'b0  
    Z[22] = 1'b0  
    Z[21] = 1'b0  
    Z[20] = 1'b0  
    Z[19] = 1'b0  
    Z[18] = 1'b0  
    Z[17] = 1'b0  
    
    Verilog File Name: adas_accelerator_top_final.enc.dat/adas_accelerator_top.v.gz  
    Module Name: add_signed_771_8293  
    Z[16] = 1'b0  
    
    Verilog File Name: adas_accelerator_top_final.enc.dat/adas_accelerator_top.v.gz  
    Module Name: add_signed_771_8311  
    Z[16] = 1'b0  
    
    Verilog File Name: adas_accelerator_top_final.enc.dat/adas_accelerator_top.v.gz  
    Module Name: add_signed_771_8329  
    Z[16] = 1'b0  
    
    Verilog File Name: adas_accelerator_top_final.enc.dat/adas_accelerator_top.v.gz  
    Module Name: add_signed_771_8347  
    Z[16] = 1'b0  
    
    Verilog File Name: adas_accelerator_top_final.enc.dat/adas_accelerator_top.v.gz  
    Module Name: add_signed_1380_8118  
    Z[15] = 1'b0  
    
    Verilog File Name: adas_accelerator_top_final.enc.dat/adas_accelerator_top.v.gz  
    Module Name: add_signed_1380_8136  
    Z[15] = 1'b0  
    
    Verilog File Name: adas_accelerator_top_final.enc.dat/adas_accelerator_top.v.gz  
    Module Name: add_signed_1380_8154  
    Z[15] = 1'b0  
    
    Verilog File Name: adas_accelerator_top_final.enc.dat/adas_accelerator_top.v.gz  
    Module Name: add_signed_1380_8172  
    Z[15] = 1'b0  
    
    Verilog File Name: adas_accelerator_top_final.enc.dat/adas_accelerator_top.v.gz  
    Module Name: add_signed_1380_8190  
    Z[15] = 1'b0  
    
    Verilog File Name: adas_accelerator_top_final.enc.dat/adas_accelerator_top.v.gz  
    Module Name: add_signed_1380_8208  
    Z[15] = 1'b0  
    
    Verilog File Name: adas_accelerator_top_final.enc.dat/adas_accelerator_top.v.gz  
    Module Name: add_signed_1380_8226  
    Z[15] = 1'b0  
    
    Verilog File Name: adas_accelerator_top_final.enc.dat/adas_accelerator_top.v.gz  
    Module Name: add_signed_1380_8244  
    Z[15] = 1'b0  
    
    Verilog File Name: adas_accelerator_top_final.enc.dat/adas_accelerator_top.v.gz  
    Module Name: mult_signed_15454  
    Z[14] = 1'b0  
    
    Verilog File Name: adas_accelerator_top_final.enc.dat/adas_accelerator_top.v.gz  
    Module Name: mult_signed_15436  
    Z[14] = 1'b0  
    
    Verilog File Name: adas_accelerator_top_final.enc.dat/adas_accelerator_top.v.gz  
    Module Name: mult_signed_15418  
    Z[14] = 1'b0  
    
    Verilog File Name: adas_accelerator_top_final.enc.dat/adas_accelerator_top.v.gz  
    Module Name: mult_signed_15400  
    Z[14] = 1'b0  
    
    Verilog File Name: adas_accelerator_top_final.enc.dat/adas_accelerator_top.v.gz  
    Module Name: mult_signed_15382  
    Z[14] = 1'b0  
    
    Verilog File Name: adas_accelerator_top_final.enc.dat/adas_accelerator_top.v.gz  
    Module Name: mult_signed_15364  
    Z[14] = 1'b0  
    
    Verilog File Name: adas_accelerator_top_final.enc.dat/adas_accelerator_top.v.gz  
    Module Name: mult_signed_15346  
    Z[14] = 1'b0  
    
    Verilog File Name: adas_accelerator_top_final.enc.dat/adas_accelerator_top.v.gz  
    Module Name: mult_signed_15328  
    Z[14] = 1'b0  
    
    Verilog File Name: adas_accelerator_top_final.enc.dat/adas_accelerator_top.v.gz  
    Module Name: mult_signed_15310  
    Z[14] = 1'b0  
    
    Verilog File Name: adas_accelerator_top_final.enc.dat/adas_accelerator_top.v.gz  
    Module Name: mult_signed_15292  
    Z[14] = 1'b0  
    
    Verilog File Name: adas_accelerator_top_final.enc.dat/adas_accelerator_top.v.gz  
    Module Name: mult_signed_15274  
    Z[14] = 1'b0  
    
    Verilog File Name: adas_accelerator_top_final.enc.dat/adas_accelerator_top.v.gz  
    Module Name: mult_signed_15256  
    Z[14] = 1'b0  
    
    Verilog File Name: adas_accelerator_top_final.enc.dat/adas_accelerator_top.v.gz  
    Module Name: mult_signed_15238  
    Z[14] = 1'b0  
    
    Verilog File Name: adas_accelerator_top_final.enc.dat/adas_accelerator_top.v.gz  
    Module Name: mult_signed_15220  
    Z[14] = 1'b0  
    
    Verilog File Name: adas_accelerator_top_final.enc.dat/adas_accelerator_top.v.gz  
    Module Name: mult_signed_15202  
    Z[14] = 1'b0  
    
    Verilog File Name: adas_accelerator_top_final.enc.dat/adas_accelerator_top.v.gz  
    Module Name: mult_signed_15184  
    Z[14] = 1'b0  
    
    Verilog File Name: adas_accelerator_top_final.enc.dat/adas_accelerator_top.v.gz  
    Module Name: csa_tree_add_21_52_group_9419_9420_1  
    out_0[30] = 1'b0  
    out_0[29] = 1'b0  
    out_0[28] = 1'b0  
    out_0[27] = 1'b0  
    out_0[26] = 1'b0  
    out_0[25] = 1'b0  
    out_0[24] = 1'b0  
    out_0[23] = 1'b0  
    out_0[22] = 1'b0  
    out_0[21] = 1'b0  
    out_0[20] = 1'b0  
    out_0[19] = 1'b0  
    out_0[4] = 1'b0  
    out_0[3] = 1'b0  
    out_0[2] = 1'b0  
    out_0[1] = 1'b0  
    out_0[0] = 1'b0  
    
    Verilog File Name: adas_accelerator_top_final.enc.dat/adas_accelerator_top.v.gz  
    Module Name: add_signed_8364  
    Z[30] = 1'b0  
    Z[29] = 1'b0  
    Z[28] = 1'b0  
    Z[27] = 1'b0  
    Z[26] = 1'b0  
    Z[25] = 1'b0  
    Z[24] = 1'b0  
    Z[23] = 1'b0  
    Z[22] = 1'b0  
    Z[21] = 1'b0  
    Z[20] = 1'b0  
    Z[19] = 1'b0  
    Z[18] = 1'b0  
    Z[17] = 1'b0  
    
    Verilog File Name: adas_accelerator_top_final.enc.dat/adas_accelerator_top.v.gz  
    Module Name: add_signed_8382  
    Z[30] = 1'b0  
    Z[29] = 1'b0  
    Z[28] = 1'b0  
    Z[27] = 1'b0  
    Z[26] = 1'b0  
    Z[25] = 1'b0  
    Z[24] = 1'b0  
    Z[23] = 1'b0  
    Z[22] = 1'b0  
    Z[21] = 1'b0  
    Z[20] = 1'b0  
    Z[19] = 1'b0  
    Z[18] = 1'b0  
    Z[17] = 1'b0  
    
    Verilog File Name: adas_accelerator_top_final.enc.dat/adas_accelerator_top.v.gz  
    Module Name: add_signed_771_8292  
    Z[16] = 1'b0  
    
    Verilog File Name: adas_accelerator_top_final.enc.dat/adas_accelerator_top.v.gz  
    Module Name: add_signed_771_8310  
    Z[16] = 1'b0  
    
    Verilog File Name: adas_accelerator_top_final.enc.dat/adas_accelerator_top.v.gz  
    Module Name: add_signed_771_8328  
    Z[16] = 1'b0  
    
    Verilog File Name: adas_accelerator_top_final.enc.dat/adas_accelerator_top.v.gz  
    Module Name: add_signed_771_8346  
    Z[16] = 1'b0  
    
    Verilog File Name: adas_accelerator_top_final.enc.dat/adas_accelerator_top.v.gz  
    Module Name: add_signed_1380_8117  
    Z[15] = 1'b0  
    
    Verilog File Name: adas_accelerator_top_final.enc.dat/adas_accelerator_top.v.gz  
    Module Name: add_signed_1380_8135  
    Z[15] = 1'b0  
    
    Verilog File Name: adas_accelerator_top_final.enc.dat/adas_accelerator_top.v.gz  
    Module Name: add_signed_1380_8153  
    Z[15] = 1'b0  
    
    Verilog File Name: adas_accelerator_top_final.enc.dat/adas_accelerator_top.v.gz  
    Module Name: add_signed_1380_8171  
    Z[15] = 1'b0  
    
    Verilog File Name: adas_accelerator_top_final.enc.dat/adas_accelerator_top.v.gz  
    Module Name: add_signed_1380_8189  
    Z[15] = 1'b0  
    
    Verilog File Name: adas_accelerator_top_final.enc.dat/adas_accelerator_top.v.gz  
    Module Name: add_signed_1380_8207  
    Z[15] = 1'b0  
    
    Verilog File Name: adas_accelerator_top_final.enc.dat/adas_accelerator_top.v.gz  
    Module Name: add_signed_1380_8225  
    Z[15] = 1'b0  
    
    Verilog File Name: adas_accelerator_top_final.enc.dat/adas_accelerator_top.v.gz  
    Module Name: add_signed_1380_8243  
    Z[15] = 1'b0  
    
    Verilog File Name: adas_accelerator_top_final.enc.dat/adas_accelerator_top.v.gz  
    Module Name: mult_signed_15455  
    Z[14] = 1'b0  
    
    Verilog File Name: adas_accelerator_top_final.enc.dat/adas_accelerator_top.v.gz  
    Module Name: mult_signed_15437  
    Z[14] = 1'b0  
    
    Verilog File Name: adas_accelerator_top_final.enc.dat/adas_accelerator_top.v.gz  
    Module Name: mult_signed_15419  
    Z[14] = 1'b0  
    
    Verilog File Name: adas_accelerator_top_final.enc.dat/adas_accelerator_top.v.gz  
    Module Name: mult_signed_15401  
    Z[14] = 1'b0  
    
    Verilog File Name: adas_accelerator_top_final.enc.dat/adas_accelerator_top.v.gz  
    Module Name: mult_signed_15383  
    Z[14] = 1'b0  
    
    Verilog File Name: adas_accelerator_top_final.enc.dat/adas_accelerator_top.v.gz  
    Module Name: mult_signed_15365  
    Z[14] = 1'b0  
    
    Verilog File Name: adas_accelerator_top_final.enc.dat/adas_accelerator_top.v.gz  
    Module Name: mult_signed_15347  
    Z[14] = 1'b0  
    
    Verilog File Name: adas_accelerator_top_final.enc.dat/adas_accelerator_top.v.gz  
    Module Name: mult_signed_15329  
    Z[14] = 1'b0  
    
    Verilog File Name: adas_accelerator_top_final.enc.dat/adas_accelerator_top.v.gz  
    Module Name: mult_signed_15311  
    Z[14] = 1'b0  
    
    Verilog File Name: adas_accelerator_top_final.enc.dat/adas_accelerator_top.v.gz  
    Module Name: mult_signed_15293  
    Z[14] = 1'b0  
    
    Verilog File Name: adas_accelerator_top_final.enc.dat/adas_accelerator_top.v.gz  
    Module Name: mult_signed_15275  
    Z[14] = 1'b0  
    
    Verilog File Name: adas_accelerator_top_final.enc.dat/adas_accelerator_top.v.gz  
    Module Name: mult_signed_15257  
    Z[14] = 1'b0  
    
    Verilog File Name: adas_accelerator_top_final.enc.dat/adas_accelerator_top.v.gz  
    Module Name: mult_signed_15239  
    Z[14] = 1'b0  
    
    Verilog File Name: adas_accelerator_top_final.enc.dat/adas_accelerator_top.v.gz  
    Module Name: mult_signed_15221  
    Z[14] = 1'b0  
    
    Verilog File Name: adas_accelerator_top_final.enc.dat/adas_accelerator_top.v.gz  
    Module Name: mult_signed_15203  
    Z[14] = 1'b0  
    
    Verilog File Name: adas_accelerator_top_final.enc.dat/adas_accelerator_top.v.gz  
    Module Name: mult_signed_15185  
    Z[14] = 1'b0  
    
    Verilog File Name: adas_accelerator_top_final.enc.dat/adas_accelerator_top.v.gz  
    Module Name: csa_tree_add_21_52_group_9419_9420  
    out_0[30] = 1'b0  
    out_0[29] = 1'b0  
    out_0[28] = 1'b0  
    out_0[27] = 1'b0  
    out_0[26] = 1'b0  
    out_0[25] = 1'b0  
    out_0[24] = 1'b0  
    out_0[23] = 1'b0  
    out_0[22] = 1'b0  
    out_0[21] = 1'b0  
    out_0[20] = 1'b0  
    out_0[19] = 1'b0  
    out_0[4] = 1'b0  
    out_0[3] = 1'b0  
    out_0[2] = 1'b0  
    out_0[1] = 1'b0  
    out_0[0] = 1'b0  
    
    Verilog File Name: adas_accelerator_top_final.enc.dat/adas_accelerator_top.v.gz  
    Module Name: add_signed_8363  
    Z[30] = 1'b0  
    Z[29] = 1'b0  
    Z[28] = 1'b0  
    Z[27] = 1'b0  
    Z[26] = 1'b0  
    Z[25] = 1'b0  
    Z[24] = 1'b0  
    Z[23] = 1'b0  
    Z[22] = 1'b0  
    Z[21] = 1'b0  
    Z[20] = 1'b0  
    Z[19] = 1'b0  
    Z[18] = 1'b0  
    Z[17] = 1'b0  
    
    Verilog File Name: adas_accelerator_top_final.enc.dat/adas_accelerator_top.v.gz  
    Module Name: add_signed_8381  
    Z[30] = 1'b0  
    Z[29] = 1'b0  
    Z[28] = 1'b0  
    Z[27] = 1'b0  
    Z[26] = 1'b0  
    Z[25] = 1'b0  
    Z[24] = 1'b0  
    Z[23] = 1'b0  
    Z[22] = 1'b0  
    Z[21] = 1'b0  
    Z[20] = 1'b0  
    Z[19] = 1'b0  
    Z[18] = 1'b0  
    Z[17] = 1'b0  
    
    Verilog File Name: adas_accelerator_top_final.enc.dat/adas_accelerator_top.v.gz  
    Module Name: add_signed_771_8291  
    Z[16] = 1'b0  
    
    Verilog File Name: adas_accelerator_top_final.enc.dat/adas_accelerator_top.v.gz  
    Module Name: add_signed_771_8309  
    Z[16] = 1'b0  
    
    Verilog File Name: adas_accelerator_top_final.enc.dat/adas_accelerator_top.v.gz  
    Module Name: add_signed_771_8327  
    Z[16] = 1'b0  
    
    Verilog File Name: adas_accelerator_top_final.enc.dat/adas_accelerator_top.v.gz  
    Module Name: add_signed_771_8345  
    Z[16] = 1'b0  
    
    Verilog File Name: adas_accelerator_top_final.enc.dat/adas_accelerator_top.v.gz  
    Module Name: add_signed_1380_8116  
    Z[15] = 1'b0  
    
    Verilog File Name: adas_accelerator_top_final.enc.dat/adas_accelerator_top.v.gz  
    Module Name: add_signed_1380_8134  
    Z[15] = 1'b0  
    
    Verilog File Name: adas_accelerator_top_final.enc.dat/adas_accelerator_top.v.gz  
    Module Name: add_signed_1380_8152  
    Z[15] = 1'b0  
    
    Verilog File Name: adas_accelerator_top_final.enc.dat/adas_accelerator_top.v.gz  
    Module Name: add_signed_1380_8170  
    Z[15] = 1'b0  
    
    Verilog File Name: adas_accelerator_top_final.enc.dat/adas_accelerator_top.v.gz  
    Module Name: add_signed_1380_8188  
    Z[15] = 1'b0  
    
    Verilog File Name: adas_accelerator_top_final.enc.dat/adas_accelerator_top.v.gz  
    Module Name: add_signed_1380_8206  
    Z[15] = 1'b0  
    
    Verilog File Name: adas_accelerator_top_final.enc.dat/adas_accelerator_top.v.gz  
    Module Name: add_signed_1380_8224  
    Z[15] = 1'b0  
    
    Verilog File Name: adas_accelerator_top_final.enc.dat/adas_accelerator_top.v.gz  
    Module Name: add_signed_1380_8242  
    Z[15] = 1'b0  
    
    Verilog File Name: adas_accelerator_top_final.enc.dat/adas_accelerator_top.v.gz  
    Module Name: mult_signed_15441  
    Z[14] = 1'b0  
    
    Verilog File Name: adas_accelerator_top_final.enc.dat/adas_accelerator_top.v.gz  
    Module Name: mult_signed_15423  
    Z[14] = 1'b0  
    
    Verilog File Name: adas_accelerator_top_final.enc.dat/adas_accelerator_top.v.gz  
    Module Name: mult_signed_15405  
    Z[14] = 1'b0  
    
    Verilog File Name: adas_accelerator_top_final.enc.dat/adas_accelerator_top.v.gz  
    Module Name: mult_signed_15387  
    Z[14] = 1'b0  
    
    Verilog File Name: adas_accelerator_top_final.enc.dat/adas_accelerator_top.v.gz  
    Module Name: mult_signed_15369  
    Z[14] = 1'b0  
    
    Verilog File Name: adas_accelerator_top_final.enc.dat/adas_accelerator_top.v.gz  
    Module Name: mult_signed_15351  
    Z[14] = 1'b0  
    
    Verilog File Name: adas_accelerator_top_final.enc.dat/adas_accelerator_top.v.gz  
    Module Name: mult_signed_15333  
    Z[14] = 1'b0  
    
    Verilog File Name: adas_accelerator_top_final.enc.dat/adas_accelerator_top.v.gz  
    Module Name: mult_signed_15315  
    Z[14] = 1'b0  
    
    Verilog File Name: adas_accelerator_top_final.enc.dat/adas_accelerator_top.v.gz  
    Module Name: mult_signed_15297  
    Z[14] = 1'b0  
    
    Verilog File Name: adas_accelerator_top_final.enc.dat/adas_accelerator_top.v.gz  
    Module Name: mult_signed_15279  
    Z[14] = 1'b0  
    
    Verilog File Name: adas_accelerator_top_final.enc.dat/adas_accelerator_top.v.gz  
    Module Name: mult_signed_15261  
    Z[14] = 1'b0  
    
    Verilog File Name: adas_accelerator_top_final.enc.dat/adas_accelerator_top.v.gz  
    Module Name: mult_signed_15243  
    Z[14] = 1'b0  
    
    Verilog File Name: adas_accelerator_top_final.enc.dat/adas_accelerator_top.v.gz  
    Module Name: mult_signed_15225  
    Z[14] = 1'b0  
    
    Verilog File Name: adas_accelerator_top_final.enc.dat/adas_accelerator_top.v.gz  
    Module Name: mult_signed_15207  
    Z[14] = 1'b0  
    
    Verilog File Name: adas_accelerator_top_final.enc.dat/adas_accelerator_top.v.gz  
    Module Name: mult_signed_15189  
    Z[14] = 1'b0  
    
    Verilog File Name: adas_accelerator_top_final.enc.dat/adas_accelerator_top.v.gz  
    Module Name: mult_signed_15171  
    Z[14] = 1'b0  
    
    Verilog File Name: adas_accelerator_top_final.enc.dat/adas_accelerator_top.v.gz  
    Module Name: csa_tree_add_21_52_group_9419_9420_14  
    out_0[30] = 1'b0  
    out_0[29] = 1'b0  
    out_0[28] = 1'b0  
    out_0[27] = 1'b0  
    out_0[26] = 1'b0  
    out_0[25] = 1'b0  
    out_0[24] = 1'b0  
    out_0[23] = 1'b0  
    out_0[22] = 1'b0  
    out_0[21] = 1'b0  
    out_0[20] = 1'b0  
    out_0[19] = 1'b0  
    out_0[4] = 1'b0  
    out_0[3] = 1'b0  
    out_0[2] = 1'b0  
    out_0[1] = 1'b0  
    out_0[0] = 1'b0  
    
    Verilog File Name: adas_accelerator_top_final.enc.dat/adas_accelerator_top.v.gz  
    Module Name: add_signed_8377  
    Z[30] = 1'b0  
    Z[29] = 1'b0  
    Z[28] = 1'b0  
    Z[27] = 1'b0  
    Z[26] = 1'b0  
    Z[25] = 1'b0  
    Z[24] = 1'b0  
    Z[23] = 1'b0  
    Z[22] = 1'b0  
    Z[21] = 1'b0  
    Z[20] = 1'b0  
    Z[19] = 1'b0  
    Z[18] = 1'b0  
    Z[17] = 1'b0  
    
    Verilog File Name: adas_accelerator_top_final.enc.dat/adas_accelerator_top.v.gz  
    Module Name: add_signed_8395  
    Z[30] = 1'b0  
    Z[29] = 1'b0  
    Z[28] = 1'b0  
    Z[27] = 1'b0  
    Z[26] = 1'b0  
    Z[25] = 1'b0  
    Z[24] = 1'b0  
    Z[23] = 1'b0  
    Z[22] = 1'b0  
    Z[21] = 1'b0  
    Z[20] = 1'b0  
    Z[19] = 1'b0  
    Z[18] = 1'b0  
    Z[17] = 1'b0  
    
    Verilog File Name: adas_accelerator_top_final.enc.dat/adas_accelerator_top.v.gz  
    Module Name: add_signed_771_8305  
    Z[16] = 1'b0  
    
    Verilog File Name: adas_accelerator_top_final.enc.dat/adas_accelerator_top.v.gz  
    Module Name: add_signed_771_8323  
    Z[16] = 1'b0  
    
    Verilog File Name: adas_accelerator_top_final.enc.dat/adas_accelerator_top.v.gz  
    Module Name: add_signed_771_8341  
    Z[16] = 1'b0  
    
    Verilog File Name: adas_accelerator_top_final.enc.dat/adas_accelerator_top.v.gz  
    Module Name: add_signed_771_8359  
    Z[16] = 1'b0  
    
    Verilog File Name: adas_accelerator_top_final.enc.dat/adas_accelerator_top.v.gz  
    Module Name: add_signed_1380_8130  
    Z[15] = 1'b0  
    
    Verilog File Name: adas_accelerator_top_final.enc.dat/adas_accelerator_top.v.gz  
    Module Name: add_signed_1380_8148  
    Z[15] = 1'b0  
    
    Verilog File Name: adas_accelerator_top_final.enc.dat/adas_accelerator_top.v.gz  
    Module Name: add_signed_1380_8166  
    Z[15] = 1'b0  
    
    Verilog File Name: adas_accelerator_top_final.enc.dat/adas_accelerator_top.v.gz  
    Module Name: add_signed_1380_8184  
    Z[15] = 1'b0  
    
    Verilog File Name: adas_accelerator_top_final.enc.dat/adas_accelerator_top.v.gz  
    Module Name: add_signed_1380_8202  
    Z[15] = 1'b0  
    
    Verilog File Name: adas_accelerator_top_final.enc.dat/adas_accelerator_top.v.gz  
    Module Name: add_signed_1380_8220  
    Z[15] = 1'b0  
    
    Verilog File Name: adas_accelerator_top_final.enc.dat/adas_accelerator_top.v.gz  
    Module Name: add_signed_1380_8238  
    Z[15] = 1'b0  
    
    Verilog File Name: adas_accelerator_top_final.enc.dat/adas_accelerator_top.v.gz  
    Module Name: add_signed_1380_8256  
    Z[15] = 1'b0  
    
    Verilog File Name: adas_accelerator_top_final.enc.dat/adas_accelerator_top.v.gz  
    Module Name: mult_signed_15442  
    Z[14] = 1'b0  
    
    Verilog File Name: adas_accelerator_top_final.enc.dat/adas_accelerator_top.v.gz  
    Module Name: mult_signed_15424  
    Z[14] = 1'b0  
    
    Verilog File Name: adas_accelerator_top_final.enc.dat/adas_accelerator_top.v.gz  
    Module Name: mult_signed_15406  
    Z[14] = 1'b0  
    
    Verilog File Name: adas_accelerator_top_final.enc.dat/adas_accelerator_top.v.gz  
    Module Name: mult_signed_15388  
    Z[14] = 1'b0  
    
    Verilog File Name: adas_accelerator_top_final.enc.dat/adas_accelerator_top.v.gz  
    Module Name: mult_signed_15370  
    Z[14] = 1'b0  
    
    Verilog File Name: adas_accelerator_top_final.enc.dat/adas_accelerator_top.v.gz  
    Module Name: mult_signed_15352  
    Z[14] = 1'b0  
    
    Verilog File Name: adas_accelerator_top_final.enc.dat/adas_accelerator_top.v.gz  
    Module Name: mult_signed_15334  
    Z[14] = 1'b0  
    
    Verilog File Name: adas_accelerator_top_final.enc.dat/adas_accelerator_top.v.gz  
    Module Name: mult_signed_15316  
    Z[14] = 1'b0  
    
    Verilog File Name: adas_accelerator_top_final.enc.dat/adas_accelerator_top.v.gz  
    Module Name: mult_signed_15298  
    Z[14] = 1'b0  
    
    Verilog File Name: adas_accelerator_top_final.enc.dat/adas_accelerator_top.v.gz  
    Module Name: mult_signed_15280  
    Z[14] = 1'b0  
    
    Verilog File Name: adas_accelerator_top_final.enc.dat/adas_accelerator_top.v.gz  
    Module Name: mult_signed_15262  
    Z[14] = 1'b0  
    
    Verilog File Name: adas_accelerator_top_final.enc.dat/adas_accelerator_top.v.gz  
    Module Name: mult_signed_15244  
    Z[14] = 1'b0  
    
    Verilog File Name: adas_accelerator_top_final.enc.dat/adas_accelerator_top.v.gz  
    Module Name: mult_signed_15226  
    Z[14] = 1'b0  
    
    Verilog File Name: adas_accelerator_top_final.enc.dat/adas_accelerator_top.v.gz  
    Module Name: mult_signed_15208  
    Z[14] = 1'b0  
    
    Verilog File Name: adas_accelerator_top_final.enc.dat/adas_accelerator_top.v.gz  
    Module Name: mult_signed_15190  
    Z[14] = 1'b0  
    
    Verilog File Name: adas_accelerator_top_final.enc.dat/adas_accelerator_top.v.gz  
    Module Name: mult_signed_15172  
    Z[14] = 1'b0  
    
    Verilog File Name: adas_accelerator_top_final.enc.dat/adas_accelerator_top.v.gz  
    Module Name: csa_tree_add_21_52_group_9419_9420_13  
    out_0[30] = 1'b0  
    out_0[29] = 1'b0  
    out_0[28] = 1'b0  
    out_0[27] = 1'b0  
    out_0[26] = 1'b0  
    out_0[25] = 1'b0  
    out_0[24] = 1'b0  
    out_0[23] = 1'b0  
    out_0[22] = 1'b0  
    out_0[21] = 1'b0  
    out_0[20] = 1'b0  
    out_0[19] = 1'b0  
    out_0[4] = 1'b0  
    out_0[3] = 1'b0  
    out_0[2] = 1'b0  
    out_0[1] = 1'b0  
    out_0[0] = 1'b0  
    
    Verilog File Name: adas_accelerator_top_final.enc.dat/adas_accelerator_top.v.gz  
    Module Name: add_signed_8376  
    Z[30] = 1'b0  
    Z[29] = 1'b0  
    Z[28] = 1'b0  
    Z[27] = 1'b0  
    Z[26] = 1'b0  
    Z[25] = 1'b0  
    Z[24] = 1'b0  
    Z[23] = 1'b0  
    Z[22] = 1'b0  
    Z[21] = 1'b0  
    Z[20] = 1'b0  
    Z[19] = 1'b0  
    Z[18] = 1'b0  
    Z[17] = 1'b0  
    
    Verilog File Name: adas_accelerator_top_final.enc.dat/adas_accelerator_top.v.gz  
    Module Name: add_signed_8394  
    Z[30] = 1'b0  
    Z[29] = 1'b0  
    Z[28] = 1'b0  
    Z[27] = 1'b0  
    Z[26] = 1'b0  
    Z[25] = 1'b0  
    Z[24] = 1'b0  
    Z[23] = 1'b0  
    Z[22] = 1'b0  
    Z[21] = 1'b0  
    Z[20] = 1'b0  
    Z[19] = 1'b0  
    Z[18] = 1'b0  
    Z[17] = 1'b0  
    
    Verilog File Name: adas_accelerator_top_final.enc.dat/adas_accelerator_top.v.gz  
    Module Name: add_signed_771_8304  
    Z[16] = 1'b0  
    
    Verilog File Name: adas_accelerator_top_final.enc.dat/adas_accelerator_top.v.gz  
    Module Name: add_signed_771_8322  
    Z[16] = 1'b0  
    
    Verilog File Name: adas_accelerator_top_final.enc.dat/adas_accelerator_top.v.gz  
    Module Name: add_signed_771_8340  
    Z[16] = 1'b0  
    
    Verilog File Name: adas_accelerator_top_final.enc.dat/adas_accelerator_top.v.gz  
    Module Name: add_signed_771_8358  
    Z[16] = 1'b0  
    
    Verilog File Name: adas_accelerator_top_final.enc.dat/adas_accelerator_top.v.gz  
    Module Name: add_signed_1380_8129  
    Z[15] = 1'b0  
    
    Verilog File Name: adas_accelerator_top_final.enc.dat/adas_accelerator_top.v.gz  
    Module Name: add_signed_1380_8147  
    Z[15] = 1'b0  
    
    Verilog File Name: adas_accelerator_top_final.enc.dat/adas_accelerator_top.v.gz  
    Module Name: add_signed_1380_8165  
    Z[15] = 1'b0  
    
    Verilog File Name: adas_accelerator_top_final.enc.dat/adas_accelerator_top.v.gz  
    Module Name: add_signed_1380_8183  
    Z[15] = 1'b0  
    
    Verilog File Name: adas_accelerator_top_final.enc.dat/adas_accelerator_top.v.gz  
    Module Name: add_signed_1380_8201  
    Z[15] = 1'b0  
    
    Verilog File Name: adas_accelerator_top_final.enc.dat/adas_accelerator_top.v.gz  
    Module Name: add_signed_1380_8219  
    Z[15] = 1'b0  
    
    Verilog File Name: adas_accelerator_top_final.enc.dat/adas_accelerator_top.v.gz  
    Module Name: add_signed_1380_8237  
    Z[15] = 1'b0  
    
    Verilog File Name: adas_accelerator_top_final.enc.dat/adas_accelerator_top.v.gz  
    Module Name: add_signed_1380_8255  
    Z[15] = 1'b0  
    
    Verilog File Name: adas_accelerator_top_final.enc.dat/adas_accelerator_top.v.gz  
    Module Name: mult_signed_15443  
    Z[14] = 1'b0  
    
    Verilog File Name: adas_accelerator_top_final.enc.dat/adas_accelerator_top.v.gz  
    Module Name: mult_signed_15425  
    Z[14] = 1'b0  
    
    Verilog File Name: adas_accelerator_top_final.enc.dat/adas_accelerator_top.v.gz  
    Module Name: mult_signed_15407  
    Z[14] = 1'b0  
    
    Verilog File Name: adas_accelerator_top_final.enc.dat/adas_accelerator_top.v.gz  
    Module Name: mult_signed_15389  
    Z[14] = 1'b0  
    
    Verilog File Name: adas_accelerator_top_final.enc.dat/adas_accelerator_top.v.gz  
    Module Name: mult_signed_15371  
    Z[14] = 1'b0  
    
    Verilog File Name: adas_accelerator_top_final.enc.dat/adas_accelerator_top.v.gz  
    Module Name: mult_signed_15353  
    Z[14] = 1'b0  
    
    Verilog File Name: adas_accelerator_top_final.enc.dat/adas_accelerator_top.v.gz  
    Module Name: mult_signed_15335  
    Z[14] = 1'b0  
    
    Verilog File Name: adas_accelerator_top_final.enc.dat/adas_accelerator_top.v.gz  
    Module Name: mult_signed_15317  
    Z[14] = 1'b0  
    
    Verilog File Name: adas_accelerator_top_final.enc.dat/adas_accelerator_top.v.gz  
    Module Name: mult_signed_15299  
    Z[14] = 1'b0  
    
    Verilog File Name: adas_accelerator_top_final.enc.dat/adas_accelerator_top.v.gz  
    Module Name: mult_signed_15281  
    Z[14] = 1'b0  
    
    Verilog File Name: adas_accelerator_top_final.enc.dat/adas_accelerator_top.v.gz  
    Module Name: mult_signed_15263  
    Z[14] = 1'b0  
    
    Verilog File Name: adas_accelerator_top_final.enc.dat/adas_accelerator_top.v.gz  
    Module Name: mult_signed_15245  
    Z[14] = 1'b0  
    
    Verilog File Name: adas_accelerator_top_final.enc.dat/adas_accelerator_top.v.gz  
    Module Name: mult_signed_15227  
    Z[14] = 1'b0  
    
    Verilog File Name: adas_accelerator_top_final.enc.dat/adas_accelerator_top.v.gz  
    Module Name: mult_signed_15209  
    Z[14] = 1'b0  
    
    Verilog File Name: adas_accelerator_top_final.enc.dat/adas_accelerator_top.v.gz  
    Module Name: mult_signed_15191  
    Z[14] = 1'b0  
    
    Verilog File Name: adas_accelerator_top_final.enc.dat/adas_accelerator_top.v.gz  
    Module Name: mult_signed_15173  
    Z[14] = 1'b0  
    
    Verilog File Name: adas_accelerator_top_final.enc.dat/adas_accelerator_top.v.gz  
    Module Name: csa_tree_add_21_52_group_9419_9420_12  
    out_0[30] = 1'b0  
    out_0[29] = 1'b0  
    out_0[28] = 1'b0  
    out_0[27] = 1'b0  
    out_0[26] = 1'b0  
    out_0[25] = 1'b0  
    out_0[24] = 1'b0  
    out_0[23] = 1'b0  
    out_0[22] = 1'b0  
    out_0[21] = 1'b0  
    out_0[20] = 1'b0  
    out_0[19] = 1'b0  
    out_0[4] = 1'b0  
    out_0[3] = 1'b0  
    out_0[2] = 1'b0  
    out_0[1] = 1'b0  
    out_0[0] = 1'b0  
    
    Verilog File Name: adas_accelerator_top_final.enc.dat/adas_accelerator_top.v.gz  
    Module Name: add_signed_8375  
    Z[30] = 1'b0  
    Z[29] = 1'b0  
    Z[28] = 1'b0  
    Z[27] = 1'b0  
    Z[26] = 1'b0  
    Z[25] = 1'b0  
    Z[24] = 1'b0  
    Z[23] = 1'b0  
    Z[22] = 1'b0  
    Z[21] = 1'b0  
    Z[20] = 1'b0  
    Z[19] = 1'b0  
    Z[18] = 1'b0  
    Z[17] = 1'b0  
    
    Verilog File Name: adas_accelerator_top_final.enc.dat/adas_accelerator_top.v.gz  
    Module Name: add_signed_8393  
    Z[30] = 1'b0  
    Z[29] = 1'b0  
    Z[28] = 1'b0  
    Z[27] = 1'b0  
    Z[26] = 1'b0  
    Z[25] = 1'b0  
    Z[24] = 1'b0  
    Z[23] = 1'b0  
    Z[22] = 1'b0  
    Z[21] = 1'b0  
    Z[20] = 1'b0  
    Z[19] = 1'b0  
    Z[18] = 1'b0  
    Z[17] = 1'b0  
    
    Verilog File Name: adas_accelerator_top_final.enc.dat/adas_accelerator_top.v.gz  
    Module Name: add_signed_771_8303  
    Z[16] = 1'b0  
    
    Verilog File Name: adas_accelerator_top_final.enc.dat/adas_accelerator_top.v.gz  
    Module Name: add_signed_771_8321  
    Z[16] = 1'b0  
    
    Verilog File Name: adas_accelerator_top_final.enc.dat/adas_accelerator_top.v.gz  
    Module Name: add_signed_771_8339  
    Z[16] = 1'b0  
    
    Verilog File Name: adas_accelerator_top_final.enc.dat/adas_accelerator_top.v.gz  
    Module Name: add_signed_771_8357  
    Z[16] = 1'b0  
    
    Verilog File Name: adas_accelerator_top_final.enc.dat/adas_accelerator_top.v.gz  
    Module Name: add_signed_1380_8128  
    Z[15] = 1'b0  
    
    Verilog File Name: adas_accelerator_top_final.enc.dat/adas_accelerator_top.v.gz  
    Module Name: add_signed_1380_8146  
    Z[15] = 1'b0  
    
    Verilog File Name: adas_accelerator_top_final.enc.dat/adas_accelerator_top.v.gz  
    Module Name: add_signed_1380_8164  
    Z[15] = 1'b0  
    
    Verilog File Name: adas_accelerator_top_final.enc.dat/adas_accelerator_top.v.gz  
    Module Name: add_signed_1380_8182  
    Z[15] = 1'b0  
    
    Verilog File Name: adas_accelerator_top_final.enc.dat/adas_accelerator_top.v.gz  
    Module Name: add_signed_1380_8200  
    Z[15] = 1'b0  
    
    Verilog File Name: adas_accelerator_top_final.enc.dat/adas_accelerator_top.v.gz  
    Module Name: add_signed_1380_8218  
    Z[15] = 1'b0  
    
    Verilog File Name: adas_accelerator_top_final.enc.dat/adas_accelerator_top.v.gz  
    Module Name: add_signed_1380_8236  
    Z[15] = 1'b0  
    
    Verilog File Name: adas_accelerator_top_final.enc.dat/adas_accelerator_top.v.gz  
    Module Name: add_signed_1380_8254  
    Z[15] = 1'b0  
    
    Verilog File Name: adas_accelerator_top_final.enc.dat/adas_accelerator_top.v.gz  
    Module Name: mult_signed_15444  
    Z[14] = 1'b0  
    
    Verilog File Name: adas_accelerator_top_final.enc.dat/adas_accelerator_top.v.gz  
    Module Name: mult_signed_15426  
    Z[14] = 1'b0  
    
    Verilog File Name: adas_accelerator_top_final.enc.dat/adas_accelerator_top.v.gz  
    Module Name: mult_signed_15408  
    Z[14] = 1'b0  
    
    Verilog File Name: adas_accelerator_top_final.enc.dat/adas_accelerator_top.v.gz  
    Module Name: mult_signed_15390  
    Z[14] = 1'b0  
    
    Verilog File Name: adas_accelerator_top_final.enc.dat/adas_accelerator_top.v.gz  
    Module Name: mult_signed_15372  
    Z[14] = 1'b0  
    
    Verilog File Name: adas_accelerator_top_final.enc.dat/adas_accelerator_top.v.gz  
    Module Name: mult_signed_15354  
    Z[14] = 1'b0  
    
    Verilog File Name: adas_accelerator_top_final.enc.dat/adas_accelerator_top.v.gz  
    Module Name: mult_signed_15336  
    Z[14] = 1'b0  
    
    Verilog File Name: adas_accelerator_top_final.enc.dat/adas_accelerator_top.v.gz  
    Module Name: mult_signed_15318  
    Z[14] = 1'b0  
    
    Verilog File Name: adas_accelerator_top_final.enc.dat/adas_accelerator_top.v.gz  
    Module Name: mult_signed_15300  
    Z[14] = 1'b0  
    
    Verilog File Name: adas_accelerator_top_final.enc.dat/adas_accelerator_top.v.gz  
    Module Name: mult_signed_15282  
    Z[14] = 1'b0  
    
    Verilog File Name: adas_accelerator_top_final.enc.dat/adas_accelerator_top.v.gz  
    Module Name: mult_signed_15264  
    Z[14] = 1'b0  
    
    Verilog File Name: adas_accelerator_top_final.enc.dat/adas_accelerator_top.v.gz  
    Module Name: mult_signed_15246  
    Z[14] = 1'b0  
    
    Verilog File Name: adas_accelerator_top_final.enc.dat/adas_accelerator_top.v.gz  
    Module Name: mult_signed_15228  
    Z[14] = 1'b0  
    
    Verilog File Name: adas_accelerator_top_final.enc.dat/adas_accelerator_top.v.gz  
    Module Name: mult_signed_15210  
    Z[14] = 1'b0  
    
    Verilog File Name: adas_accelerator_top_final.enc.dat/adas_accelerator_top.v.gz  
    Module Name: mult_signed_15192  
    Z[14] = 1'b0  
    
    Verilog File Name: adas_accelerator_top_final.enc.dat/adas_accelerator_top.v.gz  
    Module Name: mult_signed_15174  
    Z[14] = 1'b0  
    
    Verilog File Name: adas_accelerator_top_final.enc.dat/adas_accelerator_top.v.gz  
    Module Name: csa_tree_add_21_52_group_9419_9420_11  
    out_0[30] = 1'b0  
    out_0[29] = 1'b0  
    out_0[28] = 1'b0  
    out_0[27] = 1'b0  
    out_0[26] = 1'b0  
    out_0[25] = 1'b0  
    out_0[24] = 1'b0  
    out_0[23] = 1'b0  
    out_0[22] = 1'b0  
    out_0[21] = 1'b0  
    out_0[20] = 1'b0  
    out_0[19] = 1'b0  
    out_0[4] = 1'b0  
    out_0[3] = 1'b0  
    out_0[2] = 1'b0  
    out_0[1] = 1'b0  
    out_0[0] = 1'b0  
    
    Verilog File Name: adas_accelerator_top_final.enc.dat/adas_accelerator_top.v.gz  
    Module Name: add_signed_8374  
    Z[30] = 1'b0  
    Z[29] = 1'b0  
    Z[28] = 1'b0  
    Z[27] = 1'b0  
    Z[26] = 1'b0  
    Z[25] = 1'b0  
    Z[24] = 1'b0  
    Z[23] = 1'b0  
    Z[22] = 1'b0  
    Z[21] = 1'b0  
    Z[20] = 1'b0  
    Z[19] = 1'b0  
    Z[18] = 1'b0  
    Z[17] = 1'b0  
    
    Verilog File Name: adas_accelerator_top_final.enc.dat/adas_accelerator_top.v.gz  
    Module Name: add_signed_8392  
    Z[30] = 1'b0  
    Z[29] = 1'b0  
    Z[28] = 1'b0  
    Z[27] = 1'b0  
    Z[26] = 1'b0  
    Z[25] = 1'b0  
    Z[24] = 1'b0  
    Z[23] = 1'b0  
    Z[22] = 1'b0  
    Z[21] = 1'b0  
    Z[20] = 1'b0  
    Z[19] = 1'b0  
    Z[18] = 1'b0  
    Z[17] = 1'b0  
    
    Verilog File Name: adas_accelerator_top_final.enc.dat/adas_accelerator_top.v.gz  
    Module Name: add_signed_771_8302  
    Z[16] = 1'b0  
    
    Verilog File Name: adas_accelerator_top_final.enc.dat/adas_accelerator_top.v.gz  
    Module Name: add_signed_771_8320  
    Z[16] = 1'b0  
    
    Verilog File Name: adas_accelerator_top_final.enc.dat/adas_accelerator_top.v.gz  
    Module Name: add_signed_771_8338  
    Z[16] = 1'b0  
    
    Verilog File Name: adas_accelerator_top_final.enc.dat/adas_accelerator_top.v.gz  
    Module Name: add_signed_771_8356  
    Z[16] = 1'b0  
    
    Verilog File Name: adas_accelerator_top_final.enc.dat/adas_accelerator_top.v.gz  
    Module Name: add_signed_1380_8127  
    Z[15] = 1'b0  
    
    Verilog File Name: adas_accelerator_top_final.enc.dat/adas_accelerator_top.v.gz  
    Module Name: add_signed_1380_8145  
    Z[15] = 1'b0  
    
    Verilog File Name: adas_accelerator_top_final.enc.dat/adas_accelerator_top.v.gz  
    Module Name: add_signed_1380_8163  
    Z[15] = 1'b0  
    
    Verilog File Name: adas_accelerator_top_final.enc.dat/adas_accelerator_top.v.gz  
    Module Name: add_signed_1380_8181  
    Z[15] = 1'b0  
    
    Verilog File Name: adas_accelerator_top_final.enc.dat/adas_accelerator_top.v.gz  
    Module Name: add_signed_1380_8199  
    Z[15] = 1'b0  
    
    Verilog File Name: adas_accelerator_top_final.enc.dat/adas_accelerator_top.v.gz  
    Module Name: add_signed_1380_8217  
    Z[15] = 1'b0  
    
    Verilog File Name: adas_accelerator_top_final.enc.dat/adas_accelerator_top.v.gz  
    Module Name: add_signed_1380_8235  
    Z[15] = 1'b0  
    
    Verilog File Name: adas_accelerator_top_final.enc.dat/adas_accelerator_top.v.gz  
    Module Name: add_signed_1380_8253  
    Z[15] = 1'b0  
    
    Verilog File Name: adas_accelerator_top_final.enc.dat/adas_accelerator_top.v.gz  
    Module Name: mult_signed_15445  
    Z[14] = 1'b0  
    
    Verilog File Name: adas_accelerator_top_final.enc.dat/adas_accelerator_top.v.gz  
    Module Name: mult_signed_15427  
    Z[14] = 1'b0  
    
    Verilog File Name: adas_accelerator_top_final.enc.dat/adas_accelerator_top.v.gz  
    Module Name: mult_signed_15409  
    Z[14] = 1'b0  
    
    Verilog File Name: adas_accelerator_top_final.enc.dat/adas_accelerator_top.v.gz  
    Module Name: mult_signed_15391  
    Z[14] = 1'b0  
    
    Verilog File Name: adas_accelerator_top_final.enc.dat/adas_accelerator_top.v.gz  
    Module Name: mult_signed_15373  
    Z[14] = 1'b0  
    
    Verilog File Name: adas_accelerator_top_final.enc.dat/adas_accelerator_top.v.gz  
    Module Name: mult_signed_15355  
    Z[14] = 1'b0  
    
    Verilog File Name: adas_accelerator_top_final.enc.dat/adas_accelerator_top.v.gz  
    Module Name: mult_signed_15337  
    Z[14] = 1'b0  
    
    Verilog File Name: adas_accelerator_top_final.enc.dat/adas_accelerator_top.v.gz  
    Module Name: mult_signed_15319  
    Z[14] = 1'b0  
    
    Verilog File Name: adas_accelerator_top_final.enc.dat/adas_accelerator_top.v.gz  
    Module Name: mult_signed_15301  
    Z[14] = 1'b0  
    
    Verilog File Name: adas_accelerator_top_final.enc.dat/adas_accelerator_top.v.gz  
    Module Name: mult_signed_15283  
    Z[14] = 1'b0  
    
    Verilog File Name: adas_accelerator_top_final.enc.dat/adas_accelerator_top.v.gz  
    Module Name: mult_signed_15265  
    Z[14] = 1'b0  
    
    Verilog File Name: adas_accelerator_top_final.enc.dat/adas_accelerator_top.v.gz  
    Module Name: mult_signed_15247  
    Z[14] = 1'b0  
    
    Verilog File Name: adas_accelerator_top_final.enc.dat/adas_accelerator_top.v.gz  
    Module Name: mult_signed_15229  
    Z[14] = 1'b0  
    
    Verilog File Name: adas_accelerator_top_final.enc.dat/adas_accelerator_top.v.gz  
    Module Name: mult_signed_15211  
    Z[14] = 1'b0  
    
    Verilog File Name: adas_accelerator_top_final.enc.dat/adas_accelerator_top.v.gz  
    Module Name: mult_signed_15193  
    Z[14] = 1'b0  
    
    Verilog File Name: adas_accelerator_top_final.enc.dat/adas_accelerator_top.v.gz  
    Module Name: mult_signed_15175  
    Z[14] = 1'b0  
    
    Verilog File Name: adas_accelerator_top_final.enc.dat/adas_accelerator_top.v.gz  
    Module Name: csa_tree_add_21_52_group_9419_9420_10  
    out_0[30] = 1'b0  
    out_0[29] = 1'b0  
    out_0[28] = 1'b0  
    out_0[27] = 1'b0  
    out_0[26] = 1'b0  
    out_0[25] = 1'b0  
    out_0[24] = 1'b0  
    out_0[23] = 1'b0  
    out_0[22] = 1'b0  
    out_0[21] = 1'b0  
    out_0[20] = 1'b0  
    out_0[19] = 1'b0  
    out_0[4] = 1'b0  
    out_0[3] = 1'b0  
    out_0[2] = 1'b0  
    out_0[1] = 1'b0  
    out_0[0] = 1'b0  
    
    Verilog File Name: adas_accelerator_top_final.enc.dat/adas_accelerator_top.v.gz  
    Module Name: add_signed_8373  
    Z[30] = 1'b0  
    Z[29] = 1'b0  
    Z[28] = 1'b0  
    Z[27] = 1'b0  
    Z[26] = 1'b0  
    Z[25] = 1'b0  
    Z[24] = 1'b0  
    Z[23] = 1'b0  
    Z[22] = 1'b0  
    Z[21] = 1'b0  
    Z[20] = 1'b0  
    Z[19] = 1'b0  
    Z[18] = 1'b0  
    Z[17] = 1'b0  
    
    Verilog File Name: adas_accelerator_top_final.enc.dat/adas_accelerator_top.v.gz  
    Module Name: add_signed_8391  
    Z[30] = 1'b0  
    Z[29] = 1'b0  
    Z[28] = 1'b0  
    Z[27] = 1'b0  
    Z[26] = 1'b0  
    Z[25] = 1'b0  
    Z[24] = 1'b0  
    Z[23] = 1'b0  
    Z[22] = 1'b0  
    Z[21] = 1'b0  
    Z[20] = 1'b0  
    Z[19] = 1'b0  
    Z[18] = 1'b0  
    Z[17] = 1'b0  
    
    Verilog File Name: adas_accelerator_top_final.enc.dat/adas_accelerator_top.v.gz  
    Module Name: add_signed_771_8301  
    Z[16] = 1'b0  
    
    Verilog File Name: adas_accelerator_top_final.enc.dat/adas_accelerator_top.v.gz  
    Module Name: add_signed_771_8319  
    Z[16] = 1'b0  
    
    Verilog File Name: adas_accelerator_top_final.enc.dat/adas_accelerator_top.v.gz  
    Module Name: add_signed_771_8337  
    Z[16] = 1'b0  
    
    Verilog File Name: adas_accelerator_top_final.enc.dat/adas_accelerator_top.v.gz  
    Module Name: add_signed_771_8355  
    Z[16] = 1'b0  
    
    Verilog File Name: adas_accelerator_top_final.enc.dat/adas_accelerator_top.v.gz  
    Module Name: add_signed_1380_8126  
    Z[15] = 1'b0  
    
    Verilog File Name: adas_accelerator_top_final.enc.dat/adas_accelerator_top.v.gz  
    Module Name: add_signed_1380_8144  
    Z[15] = 1'b0  
    
    Verilog File Name: adas_accelerator_top_final.enc.dat/adas_accelerator_top.v.gz  
    Module Name: add_signed_1380_8162  
    Z[15] = 1'b0  
    
    Verilog File Name: adas_accelerator_top_final.enc.dat/adas_accelerator_top.v.gz  
    Module Name: add_signed_1380_8180  
    Z[15] = 1'b0  
    
    Verilog File Name: adas_accelerator_top_final.enc.dat/adas_accelerator_top.v.gz  
    Module Name: add_signed_1380_8198  
    Z[15] = 1'b0  
    
    Verilog File Name: adas_accelerator_top_final.enc.dat/adas_accelerator_top.v.gz  
    Module Name: add_signed_1380_8216  
    Z[15] = 1'b0  
    
    Verilog File Name: adas_accelerator_top_final.enc.dat/adas_accelerator_top.v.gz  
    Module Name: add_signed_1380_8234  
    Z[15] = 1'b0  
    
    Verilog File Name: adas_accelerator_top_final.enc.dat/adas_accelerator_top.v.gz  
    Module Name: add_signed_1380_8252  
    Z[15] = 1'b0  
    
    Verilog File Name: adas_accelerator_top_final.enc.dat/adas_accelerator_top.v.gz  
    Module Name: mult_signed_15446  
    Z[14] = 1'b0  
    
    Verilog File Name: adas_accelerator_top_final.enc.dat/adas_accelerator_top.v.gz  
    Module Name: mult_signed_15428  
    Z[14] = 1'b0  
    
    Verilog File Name: adas_accelerator_top_final.enc.dat/adas_accelerator_top.v.gz  
    Module Name: mult_signed_15410  
    Z[14] = 1'b0  
    
    Verilog File Name: adas_accelerator_top_final.enc.dat/adas_accelerator_top.v.gz  
    Module Name: mult_signed_15392  
    Z[14] = 1'b0  
    
    Verilog File Name: adas_accelerator_top_final.enc.dat/adas_accelerator_top.v.gz  
    Module Name: mult_signed_15374  
    Z[14] = 1'b0  
    
    Verilog File Name: adas_accelerator_top_final.enc.dat/adas_accelerator_top.v.gz  
    Module Name: mult_signed_15356  
    Z[14] = 1'b0  
    
    Verilog File Name: adas_accelerator_top_final.enc.dat/adas_accelerator_top.v.gz  
    Module Name: mult_signed_15338  
    Z[14] = 1'b0  
    
    Verilog File Name: adas_accelerator_top_final.enc.dat/adas_accelerator_top.v.gz  
    Module Name: mult_signed_15320  
    Z[14] = 1'b0  
    
    Verilog File Name: adas_accelerator_top_final.enc.dat/adas_accelerator_top.v.gz  
    Module Name: mult_signed_15302  
    Z[14] = 1'b0  
    
    Verilog File Name: adas_accelerator_top_final.enc.dat/adas_accelerator_top.v.gz  
    Module Name: mult_signed_15284  
    Z[14] = 1'b0  
    
    Verilog File Name: adas_accelerator_top_final.enc.dat/adas_accelerator_top.v.gz  
    Module Name: mult_signed_15266  
    Z[14] = 1'b0  
    
    Verilog File Name: adas_accelerator_top_final.enc.dat/adas_accelerator_top.v.gz  
    Module Name: mult_signed_15248  
    Z[14] = 1'b0  
    
    Verilog File Name: adas_accelerator_top_final.enc.dat/adas_accelerator_top.v.gz  
    Module Name: mult_signed_15230  
    Z[14] = 1'b0  
    
    Verilog File Name: adas_accelerator_top_final.enc.dat/adas_accelerator_top.v.gz  
    Module Name: mult_signed_15212  
    Z[14] = 1'b0  
    
    Verilog File Name: adas_accelerator_top_final.enc.dat/adas_accelerator_top.v.gz  
    Module Name: mult_signed_15194  
    Z[14] = 1'b0  
    
    Verilog File Name: adas_accelerator_top_final.enc.dat/adas_accelerator_top.v.gz  
    Module Name: mult_signed_15176  
    Z[14] = 1'b0  
    
    Verilog File Name: adas_accelerator_top_final.enc.dat/adas_accelerator_top.v.gz  
    Module Name: csa_tree_add_21_52_group_9419_9420_9  
    out_0[30] = 1'b0  
    out_0[29] = 1'b0  
    out_0[28] = 1'b0  
    out_0[27] = 1'b0  
    out_0[26] = 1'b0  
    out_0[25] = 1'b0  
    out_0[24] = 1'b0  
    out_0[23] = 1'b0  
    out_0[22] = 1'b0  
    out_0[21] = 1'b0  
    out_0[20] = 1'b0  
    out_0[19] = 1'b0  
    out_0[4] = 1'b0  
    out_0[3] = 1'b0  
    out_0[2] = 1'b0  
    out_0[1] = 1'b0  
    out_0[0] = 1'b0  
    
    Verilog File Name: adas_accelerator_top_final.enc.dat/adas_accelerator_top.v.gz  
    Module Name: add_signed_8372  
    Z[30] = 1'b0  
    Z[29] = 1'b0  
    Z[28] = 1'b0  
    Z[27] = 1'b0  
    Z[26] = 1'b0  
    Z[25] = 1'b0  
    Z[24] = 1'b0  
    Z[23] = 1'b0  
    Z[22] = 1'b0  
    Z[21] = 1'b0  
    Z[20] = 1'b0  
    Z[19] = 1'b0  
    Z[18] = 1'b0  
    Z[17] = 1'b0  
    
    Verilog File Name: adas_accelerator_top_final.enc.dat/adas_accelerator_top.v.gz  
    Module Name: add_signed_8390  
    Z[30] = 1'b0  
    Z[29] = 1'b0  
    Z[28] = 1'b0  
    Z[27] = 1'b0  
    Z[26] = 1'b0  
    Z[25] = 1'b0  
    Z[24] = 1'b0  
    Z[23] = 1'b0  
    Z[22] = 1'b0  
    Z[21] = 1'b0  
    Z[20] = 1'b0  
    Z[19] = 1'b0  
    Z[18] = 1'b0  
    Z[17] = 1'b0  
    
    Verilog File Name: adas_accelerator_top_final.enc.dat/adas_accelerator_top.v.gz  
    Module Name: add_signed_771_8300  
    Z[16] = 1'b0  
    
    Verilog File Name: adas_accelerator_top_final.enc.dat/adas_accelerator_top.v.gz  
    Module Name: add_signed_771_8318  
    Z[16] = 1'b0  
    
    Verilog File Name: adas_accelerator_top_final.enc.dat/adas_accelerator_top.v.gz  
    Module Name: add_signed_771_8336  
    Z[16] = 1'b0  
    
    Verilog File Name: adas_accelerator_top_final.enc.dat/adas_accelerator_top.v.gz  
    Module Name: add_signed_771_8354  
    Z[16] = 1'b0  
    
    Verilog File Name: adas_accelerator_top_final.enc.dat/adas_accelerator_top.v.gz  
    Module Name: add_signed_1380_8125  
    Z[15] = 1'b0  
    
    Verilog File Name: adas_accelerator_top_final.enc.dat/adas_accelerator_top.v.gz  
    Module Name: add_signed_1380_8143  
    Z[15] = 1'b0  
    
    Verilog File Name: adas_accelerator_top_final.enc.dat/adas_accelerator_top.v.gz  
    Module Name: add_signed_1380_8161  
    Z[15] = 1'b0  
    
    Verilog File Name: adas_accelerator_top_final.enc.dat/adas_accelerator_top.v.gz  
    Module Name: add_signed_1380_8179  
    Z[15] = 1'b0  
    
    Verilog File Name: adas_accelerator_top_final.enc.dat/adas_accelerator_top.v.gz  
    Module Name: add_signed_1380_8197  
    Z[15] = 1'b0  
    
    Verilog File Name: adas_accelerator_top_final.enc.dat/adas_accelerator_top.v.gz  
    Module Name: add_signed_1380_8215  
    Z[15] = 1'b0  
    
    Verilog File Name: adas_accelerator_top_final.enc.dat/adas_accelerator_top.v.gz  
    Module Name: add_signed_1380_8233  
    Z[15] = 1'b0  
    
    Verilog File Name: adas_accelerator_top_final.enc.dat/adas_accelerator_top.v.gz  
    Module Name: add_signed_1380_8251  
    Z[15] = 1'b0  
    
    Verilog File Name: adas_accelerator_top_final.enc.dat/adas_accelerator_top.v.gz  
    Module Name: mult_signed  
    Z[14] = 1'b0  
    
    Verilog File Name: adas_accelerator_top_final.enc.dat/adas_accelerator_top.v.gz  
    Module Name: mult_signed_15438  
    Z[14] = 1'b0  
    
    Verilog File Name: adas_accelerator_top_final.enc.dat/adas_accelerator_top.v.gz  
    Module Name: mult_signed_15420  
    Z[14] = 1'b0  
    
    Verilog File Name: adas_accelerator_top_final.enc.dat/adas_accelerator_top.v.gz  
    Module Name: mult_signed_15402  
    Z[14] = 1'b0  
    
    Verilog File Name: adas_accelerator_top_final.enc.dat/adas_accelerator_top.v.gz  
    Module Name: mult_signed_15384  
    Z[14] = 1'b0  
    
    Verilog File Name: adas_accelerator_top_final.enc.dat/adas_accelerator_top.v.gz  
    Module Name: mult_signed_15366  
    Z[14] = 1'b0  
    
    Verilog File Name: adas_accelerator_top_final.enc.dat/adas_accelerator_top.v.gz  
    Module Name: mult_signed_15348  
    Z[14] = 1'b0  
    
    Verilog File Name: adas_accelerator_top_final.enc.dat/adas_accelerator_top.v.gz  
    Module Name: mult_signed_15330  
    Z[14] = 1'b0  
    
    Verilog File Name: adas_accelerator_top_final.enc.dat/adas_accelerator_top.v.gz  
    Module Name: mult_signed_15312  
    Z[14] = 1'b0  
    
    Verilog File Name: adas_accelerator_top_final.enc.dat/adas_accelerator_top.v.gz  
    Module Name: mult_signed_15294  
    Z[14] = 1'b0  
    
    Verilog File Name: adas_accelerator_top_final.enc.dat/adas_accelerator_top.v.gz  
    Module Name: mult_signed_15276  
    Z[14] = 1'b0  
    
    Verilog File Name: adas_accelerator_top_final.enc.dat/adas_accelerator_top.v.gz  
    Module Name: mult_signed_15258  
    Z[14] = 1'b0  
    
    Verilog File Name: adas_accelerator_top_final.enc.dat/adas_accelerator_top.v.gz  
    Module Name: mult_signed_15240  
    Z[14] = 1'b0  
    
    Verilog File Name: adas_accelerator_top_final.enc.dat/adas_accelerator_top.v.gz  
    Module Name: mult_signed_15222  
    Z[14] = 1'b0  
    
    Verilog File Name: adas_accelerator_top_final.enc.dat/adas_accelerator_top.v.gz  
    Module Name: mult_signed_15204  
    Z[14] = 1'b0  
    
    Verilog File Name: adas_accelerator_top_final.enc.dat/adas_accelerator_top.v.gz  
    Module Name: mult_signed_15186  
    Z[14] = 1'b0  
    
    Verilog File Name: adas_accelerator_top_final.enc.dat/adas_accelerator_top.v.gz  
    Module Name: csa_tree_add_21_52_group_9419_9420_17  
    out_0[30] = 1'b0  
    out_0[29] = 1'b0  
    out_0[28] = 1'b0  
    out_0[27] = 1'b0  
    out_0[26] = 1'b0  
    out_0[25] = 1'b0  
    out_0[24] = 1'b0  
    out_0[23] = 1'b0  
    out_0[22] = 1'b0  
    out_0[21] = 1'b0  
    out_0[20] = 1'b0  
    out_0[19] = 1'b0  
    out_0[4] = 1'b0  
    out_0[3] = 1'b0  
    out_0[2] = 1'b0  
    out_0[1] = 1'b0  
    out_0[0] = 1'b0  
    
    Verilog File Name: adas_accelerator_top_final.enc.dat/adas_accelerator_top.v.gz  
    Module Name: add_signed_8362  
    Z[30] = 1'b0  
    Z[29] = 1'b0  
    Z[28] = 1'b0  
    Z[27] = 1'b0  
    Z[26] = 1'b0  
    Z[25] = 1'b0  
    Z[24] = 1'b0  
    Z[23] = 1'b0  
    Z[22] = 1'b0  
    Z[21] = 1'b0  
    Z[20] = 1'b0  
    Z[19] = 1'b0  
    Z[18] = 1'b0  
    Z[17] = 1'b0  
    
    Verilog File Name: adas_accelerator_top_final.enc.dat/adas_accelerator_top.v.gz  
    Module Name: add_signed_8380  
    Z[30] = 1'b0  
    Z[29] = 1'b0  
    Z[28] = 1'b0  
    Z[27] = 1'b0  
    Z[26] = 1'b0  
    Z[25] = 1'b0  
    Z[24] = 1'b0  
    Z[23] = 1'b0  
    Z[22] = 1'b0  
    Z[21] = 1'b0  
    Z[20] = 1'b0  
    Z[19] = 1'b0  
    Z[18] = 1'b0  
    Z[17] = 1'b0  
    
    Verilog File Name: adas_accelerator_top_final.enc.dat/adas_accelerator_top.v.gz  
    Module Name: add_signed_771_8290  
    Z[16] = 1'b0  
    
    Verilog File Name: adas_accelerator_top_final.enc.dat/adas_accelerator_top.v.gz  
    Module Name: add_signed_771_8308  
    Z[16] = 1'b0  
    
    Verilog File Name: adas_accelerator_top_final.enc.dat/adas_accelerator_top.v.gz  
    Module Name: add_signed_771_8326  
    Z[16] = 1'b0  
    
    Verilog File Name: adas_accelerator_top_final.enc.dat/adas_accelerator_top.v.gz  
    Module Name: add_signed_771_8344  
    Z[16] = 1'b0  
    
    Verilog File Name: adas_accelerator_top_final.enc.dat/adas_accelerator_top.v.gz  
    Module Name: add_signed_1380_8115  
    Z[15] = 1'b0  
    
    Verilog File Name: adas_accelerator_top_final.enc.dat/adas_accelerator_top.v.gz  
    Module Name: add_signed_1380_8133  
    Z[15] = 1'b0  
    
    Verilog File Name: adas_accelerator_top_final.enc.dat/adas_accelerator_top.v.gz  
    Module Name: add_signed_1380_8151  
    Z[15] = 1'b0  
    
    Verilog File Name: adas_accelerator_top_final.enc.dat/adas_accelerator_top.v.gz  
    Module Name: add_signed_1380_8169  
    Z[15] = 1'b0  
    
    Verilog File Name: adas_accelerator_top_final.enc.dat/adas_accelerator_top.v.gz  
    Module Name: add_signed_1380_8187  
    Z[15] = 1'b0  
    
    Verilog File Name: adas_accelerator_top_final.enc.dat/adas_accelerator_top.v.gz  
    Module Name: add_signed_1380_8205  
    Z[15] = 1'b0  
    
    Verilog File Name: adas_accelerator_top_final.enc.dat/adas_accelerator_top.v.gz  
    Module Name: add_signed_1380_8223  
    Z[15] = 1'b0  
    
    Verilog File Name: adas_accelerator_top_final.enc.dat/adas_accelerator_top.v.gz  
    Module Name: add_signed_1380_8241  
    Z[15] = 1'b0  
    
    Verilog File Name: adas_accelerator_top_final.enc.dat/adas_accelerator_top.v.gz  
    Module Name: csa_tree_add_20_52_group_9383_9384_8  
    out_0[30] = 1'b0  
    out_0[29] = 1'b0  
    out_0[28] = 1'b0  
    out_0[27] = 1'b0  
    out_0[26] = 1'b0  
    out_0[25] = 1'b0  
    out_0[24] = 1'b0  
    out_0[23] = 1'b0  
    out_0[22] = 1'b0  
    out_0[21] = 1'b0  
    out_0[20] = 1'b0  
    out_0[19] = 1'b0  
    out_0[4] = 1'b0  
    out_0[3] = 1'b0  
    out_0[2] = 1'b0  
    out_0[1] = 1'b0  
    out_0[0] = 1'b0  
    
    Verilog File Name: adas_accelerator_top_final.enc.dat/adas_accelerator_top.v.gz  
    Module Name: csa_tree_add_20_52_group_9383_9384_7  
    out_0[30] = 1'b0  
    out_0[29] = 1'b0  
    out_0[28] = 1'b0  
    out_0[27] = 1'b0  
    out_0[26] = 1'b0  
    out_0[25] = 1'b0  
    out_0[24] = 1'b0  
    out_0[23] = 1'b0  
    out_0[22] = 1'b0  
    out_0[21] = 1'b0  
    out_0[20] = 1'b0  
    out_0[19] = 1'b0  
    out_0[4] = 1'b0  
    out_0[3] = 1'b0  
    out_0[2] = 1'b0  
    out_0[1] = 1'b0  
    out_0[0] = 1'b0  
    
    Verilog File Name: adas_accelerator_top_final.enc.dat/adas_accelerator_top.v.gz  
    Module Name: csa_tree_add_20_52_group_9383_9384_6  
    out_0[30] = 1'b0  
    out_0[29] = 1'b0  
    out_0[28] = 1'b0  
    out_0[27] = 1'b0  
    out_0[26] = 1'b0  
    out_0[25] = 1'b0  
    out_0[24] = 1'b0  
    out_0[23] = 1'b0  
    out_0[22] = 1'b0  
    out_0[21] = 1'b0  
    out_0[20] = 1'b0  
    out_0[19] = 1'b0  
    out_0[4] = 1'b0  
    out_0[3] = 1'b0  
    out_0[2] = 1'b0  
    out_0[1] = 1'b0  
    out_0[0] = 1'b0  
    
    Verilog File Name: adas_accelerator_top_final.enc.dat/adas_accelerator_top.v.gz  
    Module Name: csa_tree_add_20_52_group_9383_9384_5  
    out_0[30] = 1'b0  
    out_0[29] = 1'b0  
    out_0[28] = 1'b0  
    out_0[27] = 1'b0  
    out_0[26] = 1'b0  
    out_0[25] = 1'b0  
    out_0[24] = 1'b0  
    out_0[23] = 1'b0  
    out_0[22] = 1'b0  
    out_0[21] = 1'b0  
    out_0[20] = 1'b0  
    out_0[19] = 1'b0  
    out_0[4] = 1'b0  
    out_0[3] = 1'b0  
    out_0[2] = 1'b0  
    out_0[1] = 1'b0  
    out_0[0] = 1'b0  
    
    Verilog File Name: adas_accelerator_top_final.enc.dat/adas_accelerator_top.v.gz  
    Module Name: csa_tree_add_20_52_group_9383_9384_4  
    out_0[30] = 1'b0  
    out_0[29] = 1'b0  
    out_0[28] = 1'b0  
    out_0[27] = 1'b0  
    out_0[26] = 1'b0  
    out_0[25] = 1'b0  
    out_0[24] = 1'b0  
    out_0[23] = 1'b0  
    out_0[22] = 1'b0  
    out_0[21] = 1'b0  
    out_0[20] = 1'b0  
    out_0[19] = 1'b0  
    out_0[4] = 1'b0  
    out_0[3] = 1'b0  
    out_0[2] = 1'b0  
    out_0[1] = 1'b0  
    out_0[0] = 1'b0  
    
    Verilog File Name: adas_accelerator_top_final.enc.dat/adas_accelerator_top.v.gz  
    Module Name: csa_tree_add_20_52_group_9383_9384_3  
    out_0[30] = 1'b0  
    out_0[29] = 1'b0  
    out_0[28] = 1'b0  
    out_0[27] = 1'b0  
    out_0[26] = 1'b0  
    out_0[25] = 1'b0  
    out_0[24] = 1'b0  
    out_0[23] = 1'b0  
    out_0[22] = 1'b0  
    out_0[21] = 1'b0  
    out_0[20] = 1'b0  
    out_0[19] = 1'b0  
    out_0[4] = 1'b0  
    out_0[3] = 1'b0  
    out_0[2] = 1'b0  
    out_0[1] = 1'b0  
    out_0[0] = 1'b0  
    
    Verilog File Name: adas_accelerator_top_final.enc.dat/adas_accelerator_top.v.gz  
    Module Name: csa_tree_add_20_52_group_9383_9384_2  
    out_0[30] = 1'b0  
    out_0[29] = 1'b0  
    out_0[28] = 1'b0  
    out_0[27] = 1'b0  
    out_0[26] = 1'b0  
    out_0[25] = 1'b0  
    out_0[24] = 1'b0  
    out_0[23] = 1'b0  
    out_0[22] = 1'b0  
    out_0[21] = 1'b0  
    out_0[20] = 1'b0  
    out_0[19] = 1'b0  
    out_0[4] = 1'b0  
    out_0[3] = 1'b0  
    out_0[2] = 1'b0  
    out_0[1] = 1'b0  
    out_0[0] = 1'b0  
    
    Verilog File Name: adas_accelerator_top_final.enc.dat/adas_accelerator_top.v.gz  
    Module Name: csa_tree_add_20_52_group_9383_9384_1  
    out_0[30] = 1'b0  
    out_0[29] = 1'b0  
    out_0[28] = 1'b0  
    out_0[27] = 1'b0  
    out_0[26] = 1'b0  
    out_0[25] = 1'b0  
    out_0[24] = 1'b0  
    out_0[23] = 1'b0  
    out_0[22] = 1'b0  
    out_0[21] = 1'b0  
    out_0[20] = 1'b0  
    out_0[19] = 1'b0  
    out_0[4] = 1'b0  
    out_0[3] = 1'b0  
    out_0[2] = 1'b0  
    out_0[1] = 1'b0  
    out_0[0] = 1'b0  
    
    Verilog File Name: adas_accelerator_top_final.enc.dat/adas_accelerator_top.v.gz  
    Module Name: csa_tree_add_20_52_group_9383_9384  
    out_0[30] = 1'b0  
    out_0[29] = 1'b0  
    out_0[28] = 1'b0  
    out_0[27] = 1'b0  
    out_0[26] = 1'b0  
    out_0[25] = 1'b0  
    out_0[24] = 1'b0  
    out_0[23] = 1'b0  
    out_0[22] = 1'b0  
    out_0[21] = 1'b0  
    out_0[20] = 1'b0  
    out_0[19] = 1'b0  
    out_0[4] = 1'b0  
    out_0[3] = 1'b0  
    out_0[2] = 1'b0  
    out_0[1] = 1'b0  
    out_0[0] = 1'b0  
    
    Verilog File Name: adas_accelerator_top_final.enc.dat/adas_accelerator_top.v.gz  
    Module Name: csa_tree_add_20_52_group_9383_9384_14  
    out_0[30] = 1'b0  
    out_0[29] = 1'b0  
    out_0[28] = 1'b0  
    out_0[27] = 1'b0  
    out_0[26] = 1'b0  
    out_0[25] = 1'b0  
    out_0[24] = 1'b0  
    out_0[23] = 1'b0  
    out_0[22] = 1'b0  
    out_0[21] = 1'b0  
    out_0[20] = 1'b0  
    out_0[19] = 1'b0  
    out_0[4] = 1'b0  
    out_0[3] = 1'b0  
    out_0[2] = 1'b0  
    out_0[1] = 1'b0  
    out_0[0] = 1'b0  
    
    Verilog File Name: adas_accelerator_top_final.enc.dat/adas_accelerator_top.v.gz  
    Module Name: csa_tree_add_20_52_group_9383_9384_13  
    out_0[30] = 1'b0  
    out_0[29] = 1'b0  
    out_0[28] = 1'b0  
    out_0[27] = 1'b0  
    out_0[26] = 1'b0  
    out_0[25] = 1'b0  
    out_0[24] = 1'b0  
    out_0[23] = 1'b0  
    out_0[22] = 1'b0  
    out_0[21] = 1'b0  
    out_0[20] = 1'b0  
    out_0[19] = 1'b0  
    out_0[4] = 1'b0  
    out_0[3] = 1'b0  
    out_0[2] = 1'b0  
    out_0[1] = 1'b0  
    out_0[0] = 1'b0  
    
    Verilog File Name: adas_accelerator_top_final.enc.dat/adas_accelerator_top.v.gz  
    Module Name: csa_tree_add_20_52_group_9383_9384_12  
    out_0[30] = 1'b0  
    out_0[29] = 1'b0  
    out_0[28] = 1'b0  
    out_0[27] = 1'b0  
    out_0[26] = 1'b0  
    out_0[25] = 1'b0  
    out_0[24] = 1'b0  
    out_0[23] = 1'b0  
    out_0[22] = 1'b0  
    out_0[21] = 1'b0  
    out_0[20] = 1'b0  
    out_0[19] = 1'b0  
    out_0[4] = 1'b0  
    out_0[3] = 1'b0  
    out_0[2] = 1'b0  
    out_0[1] = 1'b0  
    out_0[0] = 1'b0  
    
    Verilog File Name: adas_accelerator_top_final.enc.dat/adas_accelerator_top.v.gz  
    Module Name: csa_tree_add_20_52_group_9383_9384_11  
    out_0[30] = 1'b0  
    out_0[29] = 1'b0  
    out_0[28] = 1'b0  
    out_0[27] = 1'b0  
    out_0[26] = 1'b0  
    out_0[25] = 1'b0  
    out_0[24] = 1'b0  
    out_0[23] = 1'b0  
    out_0[22] = 1'b0  
    out_0[21] = 1'b0  
    out_0[20] = 1'b0  
    out_0[19] = 1'b0  
    out_0[4] = 1'b0  
    out_0[3] = 1'b0  
    out_0[2] = 1'b0  
    out_0[1] = 1'b0  
    out_0[0] = 1'b0  
    
    Verilog File Name: adas_accelerator_top_final.enc.dat/adas_accelerator_top.v.gz  
    Module Name: csa_tree_add_20_52_group_9383_9384_10  
    out_0[30] = 1'b0  
    out_0[29] = 1'b0  
    out_0[28] = 1'b0  
    out_0[27] = 1'b0  
    out_0[26] = 1'b0  
    out_0[25] = 1'b0  
    out_0[24] = 1'b0  
    out_0[23] = 1'b0  
    out_0[22] = 1'b0  
    out_0[21] = 1'b0  
    out_0[20] = 1'b0  
    out_0[19] = 1'b0  
    out_0[4] = 1'b0  
    out_0[3] = 1'b0  
    out_0[2] = 1'b0  
    out_0[1] = 1'b0  
    out_0[0] = 1'b0  
    
    Verilog File Name: adas_accelerator_top_final.enc.dat/adas_accelerator_top.v.gz  
    Module Name: csa_tree_add_20_52_group_9383_9384_9  
    out_0[30] = 1'b0  
    out_0[29] = 1'b0  
    out_0[28] = 1'b0  
    out_0[27] = 1'b0  
    out_0[26] = 1'b0  
    out_0[25] = 1'b0  
    out_0[24] = 1'b0  
    out_0[23] = 1'b0  
    out_0[22] = 1'b0  
    out_0[21] = 1'b0  
    out_0[20] = 1'b0  
    out_0[19] = 1'b0  
    out_0[4] = 1'b0  
    out_0[3] = 1'b0  
    out_0[2] = 1'b0  
    out_0[1] = 1'b0  
    out_0[0] = 1'b0  
    
    Verilog File Name: adas_accelerator_top_final.enc.dat/adas_accelerator_top.v.gz  
    Module Name: csa_tree_add_20_52_group_9383_9384_15  
    out_0[30] = 1'b0  
    out_0[29] = 1'b0  
    out_0[28] = 1'b0  
    out_0[27] = 1'b0  
    out_0[26] = 1'b0  
    out_0[25] = 1'b0  
    out_0[24] = 1'b0  
    out_0[23] = 1'b0  
    out_0[22] = 1'b0  
    out_0[21] = 1'b0  
    out_0[20] = 1'b0  
    out_0[19] = 1'b0  
    out_0[4] = 1'b0  
    out_0[3] = 1'b0  
    out_0[2] = 1'b0  
    out_0[1] = 1'b0  
    out_0[0] = 1'b0  
    
    Verilog File Name: adas_accelerator_top_final.enc.dat/adas_accelerator_top.v.gz  
    Module Name: mult_signed_8550_15497  
    Z[14] = 1'b0  
    
    Verilog File Name: adas_accelerator_top_final.enc.dat/adas_accelerator_top.v.gz  
    Module Name: mult_signed_8550_16_15523  
    Z[14] = 1'b0  
    
    Verilog File Name: adas_accelerator_top_final.enc.dat/adas_accelerator_top.v.gz  
    Module Name: mult_signed_8550_15489  
    Z[14] = 1'b0  
    
    Verilog File Name: adas_accelerator_top_final.enc.dat/adas_accelerator_top.v.gz  
    Module Name: mult_signed_8550_15481  
    Z[14] = 1'b0  
    
    Verilog File Name: adas_accelerator_top_final.enc.dat/adas_accelerator_top.v.gz  
    Module Name: add_signed  
    Z[17] = Z[18]  
    Z[4] = 1'b0  
    Z[3] = 1'b0  
    Z[2] = 1'b0  
    Z[1] = 1'b0  
    Z[0] = 1'b0  
    
    Verilog File Name: adas_accelerator_top_final.enc.dat/adas_accelerator_top.v.gz  
    Module Name: add_signed_1380_8106  
    Z[15] = 1'b0  
    
    Verilog File Name: adas_accelerator_top_final.enc.dat/adas_accelerator_top.v.gz  
    Module Name: add_signed_1380_8114  
    Z[15] = 1'b0  
    
    Verilog File Name: adas_accelerator_top_final.enc.dat/adas_accelerator_top.v.gz  
    Module Name: mult_signed_8550_15496  
    Z[14] = 1'b0  
    
    Verilog File Name: adas_accelerator_top_final.enc.dat/adas_accelerator_top.v.gz  
    Module Name: mult_signed_8550_16_15522  
    Z[14] = 1'b0  
    
    Verilog File Name: adas_accelerator_top_final.enc.dat/adas_accelerator_top.v.gz  
    Module Name: mult_signed_8550_15488  
    Z[14] = 1'b0  
    
    Verilog File Name: adas_accelerator_top_final.enc.dat/adas_accelerator_top.v.gz  
    Module Name: mult_signed_8550_15480  
    Z[14] = 1'b0  
    
    Verilog File Name: adas_accelerator_top_final.enc.dat/adas_accelerator_top.v.gz  
    Module Name: add_signed_8871  
    Z[17] = Z[18]  
    Z[4] = 1'b0  
    Z[3] = 1'b0  
    Z[2] = 1'b0  
    Z[1] = 1'b0  
    Z[0] = 1'b0  
    
    Verilog File Name: adas_accelerator_top_final.enc.dat/adas_accelerator_top.v.gz  
    Module Name: add_signed_1380_8105  
    Z[15] = 1'b0  
    
    Verilog File Name: adas_accelerator_top_final.enc.dat/adas_accelerator_top.v.gz  
    Module Name: add_signed_1380_8113  
    Z[15] = 1'b0  
    
    Verilog File Name: adas_accelerator_top_final.enc.dat/adas_accelerator_top.v.gz  
    Module Name: mult_signed_8550_15495  
    Z[14] = 1'b0  
    
    Verilog File Name: adas_accelerator_top_final.enc.dat/adas_accelerator_top.v.gz  
    Module Name: mult_signed_8550_16_15521  
    Z[14] = 1'b0  
    
    Verilog File Name: adas_accelerator_top_final.enc.dat/adas_accelerator_top.v.gz  
    Module Name: mult_signed_8550_15487  
    Z[14] = 1'b0  
    
    Verilog File Name: adas_accelerator_top_final.enc.dat/adas_accelerator_top.v.gz  
    Module Name: mult_signed_8550_15479  
    Z[14] = 1'b0  
    
    Verilog File Name: adas_accelerator_top_final.enc.dat/adas_accelerator_top.v.gz  
    Module Name: add_signed_8870  
    Z[17] = Z[18]  
    Z[4] = 1'b0  
    Z[3] = 1'b0  
    Z[2] = 1'b0  
    Z[1] = 1'b0  
    Z[0] = 1'b0  
    
    Verilog File Name: adas_accelerator_top_final.enc.dat/adas_accelerator_top.v.gz  
    Module Name: add_signed_1380_8104  
    Z[15] = 1'b0  
    
    Verilog File Name: adas_accelerator_top_final.enc.dat/adas_accelerator_top.v.gz  
    Module Name: add_signed_1380_8112  
    Z[15] = 1'b0  
    
    Verilog File Name: adas_accelerator_top_final.enc.dat/adas_accelerator_top.v.gz  
    Module Name: mult_signed_8550_15494  
    Z[14] = 1'b0  
    
    Verilog File Name: adas_accelerator_top_final.enc.dat/adas_accelerator_top.v.gz  
    Module Name: mult_signed_8550_16_15520  
    Z[14] = 1'b0  
    
    Verilog File Name: adas_accelerator_top_final.enc.dat/adas_accelerator_top.v.gz  
    Module Name: mult_signed_8550_15486  
    Z[14] = 1'b0  
    
    Verilog File Name: adas_accelerator_top_final.enc.dat/adas_accelerator_top.v.gz  
    Module Name: mult_signed_8550_15478  
    Z[14] = 1'b0  
    
    Verilog File Name: adas_accelerator_top_final.enc.dat/adas_accelerator_top.v.gz  
    Module Name: add_signed_8869  
    Z[17] = Z[18]  
    Z[4] = 1'b0  
    Z[3] = 1'b0  
    Z[2] = 1'b0  
    Z[1] = 1'b0  
    Z[0] = 1'b0  
    
    Verilog File Name: adas_accelerator_top_final.enc.dat/adas_accelerator_top.v.gz  
    Module Name: add_signed_1380_8103  
    Z[15] = 1'b0  
    
    Verilog File Name: adas_accelerator_top_final.enc.dat/adas_accelerator_top.v.gz  
    Module Name: add_signed_1380_8111  
    Z[15] = 1'b0  
    
    Verilog File Name: adas_accelerator_top_final.enc.dat/adas_accelerator_top.v.gz  
    Module Name: mult_signed_8550_15493  
    Z[14] = 1'b0  
    
    Verilog File Name: adas_accelerator_top_final.enc.dat/adas_accelerator_top.v.gz  
    Module Name: mult_signed_8550_16_15519  
    Z[14] = 1'b0  
    
    Verilog File Name: adas_accelerator_top_final.enc.dat/adas_accelerator_top.v.gz  
    Module Name: mult_signed_8550_15485  
    Z[14] = 1'b0  
    
    Verilog File Name: adas_accelerator_top_final.enc.dat/adas_accelerator_top.v.gz  
    Module Name: mult_signed_8550_15477  
    Z[14] = 1'b0  
    
    Verilog File Name: adas_accelerator_top_final.enc.dat/adas_accelerator_top.v.gz  
    Module Name: add_signed_8868  
    Z[17] = Z[18]  
    Z[4] = 1'b0  
    Z[3] = 1'b0  
    Z[2] = 1'b0  
    Z[1] = 1'b0  
    Z[0] = 1'b0  
    
    Verilog File Name: adas_accelerator_top_final.enc.dat/adas_accelerator_top.v.gz  
    Module Name: add_signed_1380_8102  
    Z[15] = 1'b0  
    
    Verilog File Name: adas_accelerator_top_final.enc.dat/adas_accelerator_top.v.gz  
    Module Name: add_signed_1380_8110  
    Z[15] = 1'b0  
    
    Verilog File Name: adas_accelerator_top_final.enc.dat/adas_accelerator_top.v.gz  
    Module Name: mult_signed_8550_15492  
    Z[14] = 1'b0  
    
    Verilog File Name: adas_accelerator_top_final.enc.dat/adas_accelerator_top.v.gz  
    Module Name: mult_signed_8550_16_15518  
    Z[14] = 1'b0  
    
    Verilog File Name: adas_accelerator_top_final.enc.dat/adas_accelerator_top.v.gz  
    Module Name: mult_signed_8550_15484  
    Z[14] = 1'b0  
    
    Verilog File Name: adas_accelerator_top_final.enc.dat/adas_accelerator_top.v.gz  
    Module Name: mult_signed_8550_15476  
    Z[14] = 1'b0  
    
    Verilog File Name: adas_accelerator_top_final.enc.dat/adas_accelerator_top.v.gz  
    Module Name: add_signed_8867  
    Z[17] = Z[18]  
    Z[4] = 1'b0  
    Z[3] = 1'b0  
    Z[2] = 1'b0  
    Z[1] = 1'b0  
    Z[0] = 1'b0  
    
    Verilog File Name: adas_accelerator_top_final.enc.dat/adas_accelerator_top.v.gz  
    Module Name: add_signed_1380_8101  
    Z[15] = 1'b0  
    
    Verilog File Name: adas_accelerator_top_final.enc.dat/adas_accelerator_top.v.gz  
    Module Name: add_signed_1380_8109  
    Z[15] = 1'b0  
    
    Verilog File Name: adas_accelerator_top_final.enc.dat/adas_accelerator_top.v.gz  
    Module Name: mult_signed_8550_15491  
    Z[14] = 1'b0  
    
    Verilog File Name: adas_accelerator_top_final.enc.dat/adas_accelerator_top.v.gz  
    Module Name: mult_signed_8550_16_15517  
    Z[14] = 1'b0  
    
    Verilog File Name: adas_accelerator_top_final.enc.dat/adas_accelerator_top.v.gz  
    Module Name: mult_signed_8550_15483  
    Z[14] = 1'b0  
    
    Verilog File Name: adas_accelerator_top_final.enc.dat/adas_accelerator_top.v.gz  
    Module Name: mult_signed_8550_15475  
    Z[14] = 1'b0  
    
    Verilog File Name: adas_accelerator_top_final.enc.dat/adas_accelerator_top.v.gz  
    Module Name: add_signed_8866  
    Z[17] = Z[18]  
    Z[4] = 1'b0  
    Z[3] = 1'b0  
    Z[2] = 1'b0  
    Z[1] = 1'b0  
    Z[0] = 1'b0  
    
    Verilog File Name: adas_accelerator_top_final.enc.dat/adas_accelerator_top.v.gz  
    Module Name: add_signed_1380_8100  
    Z[15] = 1'b0  
    
    Verilog File Name: adas_accelerator_top_final.enc.dat/adas_accelerator_top.v.gz  
    Module Name: add_signed_1380_8108  
    Z[15] = 1'b0  
    
    Verilog File Name: adas_accelerator_top_final.enc.dat/adas_accelerator_top.v.gz  
    Module Name: mult_signed_8550  
    Z[14] = 1'b0  
    
    Verilog File Name: adas_accelerator_top_final.enc.dat/adas_accelerator_top.v.gz  
    Module Name: mult_signed_8550_16  
    Z[14] = 1'b0  
    
    Verilog File Name: adas_accelerator_top_final.enc.dat/adas_accelerator_top.v.gz  
    Module Name: mult_signed_8550_15490  
    Z[14] = 1'b0  
    
    Verilog File Name: adas_accelerator_top_final.enc.dat/adas_accelerator_top.v.gz  
    Module Name: mult_signed_8550_15482  
    Z[14] = 1'b0  
    
    Verilog File Name: adas_accelerator_top_final.enc.dat/adas_accelerator_top.v.gz  
    Module Name: add_signed_8865  
    Z[17] = Z[18]  
    Z[4] = 1'b0  
    Z[3] = 1'b0  
    Z[2] = 1'b0  
    Z[1] = 1'b0  
    Z[0] = 1'b0  
    
    Verilog File Name: adas_accelerator_top_final.enc.dat/adas_accelerator_top.v.gz  
    Module Name: add_signed_1380_8099  
    Z[15] = 1'b0  
    
    Verilog File Name: adas_accelerator_top_final.enc.dat/adas_accelerator_top.v.gz  
    Module Name: add_signed_1380_8107  
    Z[15] = 1'b0  
    
    Verilog File Name: adas_accelerator_top_final.enc.dat/adas_accelerator_top.v.gz  
    Module Name: csa_tree_sub_66_34_pad_group_9330  
    out_0[46] = 1'b0  
    out_0[45] = 1'b0  
    out_0[44] = 1'b0  
    out_0[43] = 1'b0  
    out_0[42] = 1'b0  
    out_0[41] = 1'b0  
    out_0[40] = 1'b0  
    out_0[39] = 1'b0  
    out_0[38] = 1'b0  
    out_0[37] = 1'b0  
    out_0[36] = 1'b0  
    out_0[35] = 1'b0  
    out_0[34] = 1'b0  
    out_0[33] = 1'b0  
    out_0[32] = 1'b0  
    out_0[31] = 1'b0  
    out_0[30] = 1'b0  
    out_0[29] = 1'b0  
    out_0[28] = 1'b0  
    out_0[27] = 1'b0  
    out_0[26] = 1'b0  
    out_0[25] = 1'b0  
    out_0[15] = 1'b0  
    out_0[14] = 1'b0  
    out_0[13] = 1'b0  
    out_0[12] = 1'b0  
    out_0[11] = 1'b0  
    out_0[10] = 1'b0  
    out_0[9] = 1'b0  
    out_0[8] = 1'b0  
    out_0[7] = 1'b0  
    out_0[6] = 1'b0  
    out_0[5] = 1'b0  
    out_0[4] = 1'b0  
    out_0[3] = 1'b0  
    out_0[2] = 1'b0  
    out_0[1] = 1'b0  
    out_0[0] = 1'b0  
    
    Verilog File Name: adas_accelerator_top_final.enc.dat/adas_accelerator_top.v.gz  
    Module Name: csa_tree_sub_60_34_pad_group_9332  
    out_0[46] = 1'b0  
    out_0[45] = 1'b0  
    out_0[44] = 1'b0  
    out_0[43] = 1'b0  
    out_0[42] = 1'b0  
    out_0[41] = 1'b0  
    out_0[40] = 1'b0  
    out_0[39] = 1'b0  
    out_0[38] = 1'b0  
    out_0[37] = 1'b0  
    out_0[36] = 1'b0  
    out_0[35] = 1'b0  
    out_0[34] = 1'b0  
    out_0[33] = 1'b0  
    out_0[32] = 1'b0  
    out_0[31] = 1'b0  
    out_0[30] = 1'b0  
    out_0[29] = 1'b0  
    out_0[28] = 1'b0  
    out_0[27] = 1'b0  
    out_0[15] = 1'b0  
    out_0[14] = 1'b0  
    out_0[13] = 1'b0  
    out_0[12] = 1'b0  
    out_0[11] = 1'b0  
    out_0[10] = 1'b0  
    out_0[9] = 1'b0  
    out_0[8] = 1'b0  
    out_0[7] = 1'b0  
    out_0[6] = 1'b0  
    out_0[5] = 1'b0  
    out_0[4] = 1'b0  
    out_0[3] = 1'b0  
    out_0[2] = 1'b0  
    out_0[1] = 1'b0  
    out_0[0] = 1'b0  
    
    Verilog File Name: adas_accelerator_top_final.enc.dat/adas_accelerator_top.v.gz  
    Module Name: csa_tree_sub_54_34_pad_group_9334  
    out_0[46] = 1'b0  
    out_0[45] = 1'b0  
    out_0[44] = 1'b0  
    out_0[43] = 1'b0  
    out_0[42] = 1'b0  
    out_0[41] = 1'b0  
    out_0[40] = 1'b0  
    out_0[39] = 1'b0  
    out_0[38] = 1'b0  
    out_0[37] = 1'b0  
    out_0[36] = 1'b0  
    out_0[35] = 1'b0  
    out_0[34] = 1'b0  
    out_0[33] = 1'b0  
    out_0[32] = 1'b0  
    out_0[31] = 1'b0  
    out_0[30] = 1'b0  
    out_0[29] = 1'b0  
    out_0[28] = 1'b0  
    out_0[27] = 1'b0  
    out_0[26] = 1'b0  
    out_0[25] = 1'b0  
    out_0[15] = 1'b0  
    out_0[14] = 1'b0  
    out_0[13] = 1'b0  
    out_0[12] = 1'b0  
    out_0[11] = 1'b0  
    out_0[10] = 1'b0  
    out_0[9] = 1'b0  
    out_0[8] = 1'b0  
    out_0[7] = 1'b0  
    out_0[6] = 1'b0  
    out_0[5] = 1'b0  
    out_0[4] = 1'b0  
    out_0[3] = 1'b0  
    out_0[2] = 1'b0  
    out_0[1] = 1'b0  
    out_0[0] = 1'b0  
    
    Verilog File Name: adas_accelerator_top_final.enc.dat/adas_accelerator_top.v.gz  
    Module Name: csa_tree_sub_48_34_pad_group_9336  
    out_0[46] = 1'b0  
    out_0[45] = 1'b0  
    out_0[44] = 1'b0  
    out_0[43] = 1'b0  
    out_0[42] = 1'b0  
    out_0[41] = 1'b0  
    out_0[40] = 1'b0  
    out_0[39] = 1'b0  
    out_0[38] = 1'b0  
    out_0[37] = 1'b0  
    out_0[36] = 1'b0  
    out_0[35] = 1'b0  
    out_0[34] = 1'b0  
    out_0[33] = 1'b0  
    out_0[32] = 1'b0  
    out_0[31] = 1'b0  
    out_0[30] = 1'b0  
    out_0[29] = 1'b0  
    out_0[28] = 1'b0  
    out_0[27] = 1'b0  
    out_0[26] = 1'b0  
    out_0[25] = 1'b0  
    out_0[15] = 1'b0  
    out_0[14] = 1'b0  
    out_0[13] = 1'b0  
    out_0[12] = 1'b0  
    out_0[11] = 1'b0  
    out_0[10] = 1'b0  
    out_0[9] = 1'b0  
    out_0[8] = 1'b0  
    out_0[7] = 1'b0  
    out_0[6] = 1'b0  
    out_0[5] = 1'b0  
    out_0[4] = 1'b0  
    out_0[3] = 1'b0  
    out_0[2] = 1'b0  
    out_0[1] = 1'b0  
    out_0[0] = 1'b0  
    
    Verilog File Name: adas_accelerator_top_final.enc.dat/adas_accelerator_top.v.gz  
    Module Name: adas_accelerator_top  
    final_predictions[1][30] = final_predictions[1][31]  
    final_predictions[1][29] = final_predictions[1][31]  
    final_predictions[1][28] = final_predictions[1][31]  
    final_predictions[1][27] = final_predictions[1][31]  
    final_predictions[1][26] = final_predictions[1][31]  
    final_predictions[1][25] = final_predictions[1][31]  
    final_predictions[1][24] = final_predictions[1][31]  
    final_predictions[1][23] = final_predictions[1][31]  
    final_predictions[1][22] = final_predictions[1][31]  
    final_predictions[1][21] = final_predictions[1][31]  
    final_predictions[1][20] = final_predictions[1][31]  
    final_predictions[1][19] = final_predictions[1][31]  
    final_predictions[1][18] = final_predictions[1][31]  
    final_predictions[1][17] = final_predictions[1][31]  
    final_predictions[1][16] = final_predictions[1][31]  
    final_predictions[1][15] = final_predictions[1][31]  
    final_predictions[1][14] = final_predictions[1][31]  
    final_predictions[0][30] = final_predictions[0][31]  
    final_predictions[0][29] = final_predictions[0][31]  
    final_predictions[0][28] = final_predictions[0][31]  
    final_predictions[0][27] = final_predictions[0][31]  
    final_predictions[0][26] = final_predictions[0][31]  
    final_predictions[0][25] = final_predictions[0][31]  
    final_predictions[0][24] = final_predictions[0][31]  
    final_predictions[0][23] = final_predictions[0][31]  
    final_predictions[0][22] = final_predictions[0][31]  
    final_predictions[0][21] = final_predictions[0][31]  
    final_predictions[0][20] = final_predictions[0][31]  
    final_predictions[0][19] = final_predictions[0][31]  
    final_predictions[0][18] = final_predictions[0][31]  
    final_predictions[0][17] = final_predictions[0][31]  
    final_predictions[0][16] = final_predictions[0][31]  
    final_predictions[0][15] = final_predictions[0][31]  
    final_predictions[0][14] = final_predictions[0][31]  
Is Design Uniquified: YES  
# Pins in Netlist without timing lib: 0  

==============================

==============================
: Internal  External  
No of Nets:     152786           0  
No of Connections:     338195           0  
Total Net Length (X): 1.6924e+06  0.0000e+00  
Total Net Length (Y): 1.4730e+06  0.0000e+00  
Total Net Length: 3.1654e+06  0.0000e+00  

==============================
Timing Information
==============================
# Clocks in design: 
    ------------------------------
    Clocks in Design
    ------------------------------
    clk  
    *  
    clk  
    *  4  
# Generated clocks: 0  
# "dont_use" cells from .libs: 
    ------------------------------
    Dont_use Cell List
    ------------------------------
    HOLDX1  
    HOLDX1  2  
# "dont_touch" cells from .libs: 0  
# Cells in .lib with max_tran: 
    ------------------------------
    Cell List with max_tran
    ------------------------------
               Cell Name  Max Transition (ps)  
               OAI2BB1X4  814  
               OAI2BB1X4  814  
                  OA22X2  814  
                  OA22X2  814  
                 NAND3X8  814  
                 NAND3X8  814  
                 SDFFRX4  814  
                 SDFFRX4  814  
                TLATSRX1  814  
                TLATSRX1  814  
               OAI2BB1X1  814  
               OAI2BB1X1  814  
                  DLY4X1  814  
                  DLY4X1  814  
                  ADDFX4  814  
                  ADDFX4  814  
              CLKAND2X12  814  
              CLKAND2X12  814  
                  MXI3XL  814  
                  MXI3XL  814  
                 NAND3X6  814  
                 NAND3X6  814  
                 SDFFRX2  814  
                 SDFFRX2  814  
                   MX3X1  814  
                   MX3X1  814  
              SDFFSRHQX1  814  
              SDFFSRHQX1  814  
            TLATNTSCAX16  814  
            TLATNTSCAX16  814  
                 OAI33XL  814  
                 OAI33XL  814  
                TLATSRX4  814  
                TLATSRX4  814  
                 DFFHQX4  814  
                 DFFHQX4  814  
                AOI221X2  814  
                AOI221X2  814  
                  ADDFX2  814  
                  ADDFX2  814  
                 AOI22XL  814  
                 AOI22XL  814  
                NAND3BX2  814  
                NAND3BX2  814  
                SDFFTRXL  814  
                SDFFTRXL  814  
                   OR3X2  814  
                   OR3X2  814  
                CLKBUFX2  814  
                CLKBUFX2  814  
                  TLATX1  814  
                  TLATX1  814  
                 DFFHQX2  814  
                 DFFHQX2  814  
                  MXI4XL  814  
                  MXI4XL  814  
               AOI2BB2X2  814  
               AOI2BB2X2  814  
               SEDFFTRX2  814  
               SEDFFTRX2  814  
               SDFFNSRX2  814  
               SDFFNSRX2  814  
                   INVX8  814  
                   INVX8  814  
                 AOI33X1  814  
                 AOI33X1  814  
                   OR4X4  814  
                   OR4X4  814  
                DFFNSRX1  814  
                DFFNSRX1  814  
                 NAND3X2  814  
                 NAND3X2  814  
                 ADDFHX4  814  
                 ADDFHX4  814  
                 NAND3X4  814  
                 NAND3X4  814  
                  NOR2X8  814  
                  NOR2X8  814  
                 AOI32XL  814  
                 AOI32XL  814  
                 OAI22X4  814  
                 OAI22X4  814  
                   OR2XL  814  
                   OR2XL  814  
              SDFFSRHQX4  814  
              SDFFSRHQX4  814  
                 TBUFX20  814  
                 TBUFX20  814  
                  INVX16  814  
                  INVX16  814  
                  ADDHX4  814  
                  ADDHX4  814  
               SDFFSHQX8  814  
               SDFFSHQX8  814  
                DFFRHQX2  814  
                DFFRHQX2  814  
               TLATNSRX4  814  
               TLATNSRX4  814  
                 ADDFHX2  814  
                 ADDFHX2  814  
                NOR4BBXL  814  
                NOR4BBXL  814  
                  NOR2X6  814  
                  NOR2X6  814  
                CLKBUFX8  814  
                CLKBUFX8  814  
                 NOR2BX4  814  
                 NOR2BX4  814  
               TLATNSRX1  814  
               TLATNSRX1  814  
               AOI2BB1XL  814  
               AOI2BB1XL  814  
                  NOR3X8  814  
                  NOR3X8  814  
                  ADDHX2  814  
                  ADDHX2  814  
               SDFFSHQX2  814  
               SDFFSHQX2  814  
                 OAI32X4  814  
                 OAI32X4  814  
                NAND4BXL  814  
                NAND4BXL  814  
              TLATNCAX16  814  
              TLATNCAX16  814  
                DFFSHQX2  814  
                DFFSHQX2  814  
                  TBUFX3  814  
                  TBUFX3  814  
                 NOR2BX2  814  
                 NOR2BX2  814  
                 AOI21X4  814  
                 AOI21X4  814  
                   OR2X6  814  
                   OR2X6  814  
                 OAI22X2  814  
                 OAI22X2  814  
                  TBUFX1  814  
                  TBUFX1  814  
                  SDFFX4  814  
                  SDFFX4  814  
                  INVX12  814  
                  INVX12  814  
                DFFRHQX8  814  
                DFFRHQX8  814  
                  NOR2X4  814  
                  NOR2X4  814  
                   OR3X8  814  
                   OR3X8  814  
                   BUFX2  814  
                   BUFX2  814  
                  NOR4X8  814  
                  NOR4X8  814  
                 AOI21X2  814  
                 AOI21X2  814  
                   DFFX4  814  
                   DFFX4  814  
               CLKBUFX12  814  
               CLKBUFX12  814  
                  NOR2X2  814  
                  NOR2X2  814  
                   TIELO  814  
                   TIELO  814  
                SDFFHQX1  814  
                SDFFHQX1  814  
                 NOR3BX4  814  
                 NOR3BX4  814  
                   INVX3  814  
                   INVX3  814  
               CLKXOR2X4  814  
               CLKXOR2X4  814  
                 DFFSRX1  814  
                 DFFSRX1  814  
                  AO21X4  814  
                  AO21X4  814  
                SDFFTRX2  814  
                SDFFTRX2  814  
                  SDFFX2  814  
                  SDFFX2  814  
                  NOR3X4  814  
                  NOR3X4  814  
                 AOI31X4  814  
                 AOI31X4  814  
                 OAI32X2  814  
                 OAI32X2  814  
               CLKXOR2X1  814  
               CLKXOR2X1  814  
                  NOR4X6  814  
                  NOR4X6  814  
                AOI222X1  814  
                AOI222X1  814  
                 NAND4X8  814  
                 NAND4X8  814  
                 SDFFSX4  814  
                 SDFFSX4  814  
                DFFSHQX8  814  
                DFFSHQX8  814  
                 NOR4BX4  814  
                 NOR4BX4  814  
                CLKINVX3  814  
                CLKINVX3  814  
                SDFFHQX4  814  
                SDFFHQX4  814  
                  NOR3X6  814  
                  NOR3X6  814  
                 TLATNX1  814  
                 TLATNX1  814  
                  AO21X2  814  
                  AO21X2  814  
                 AOI31X2  814  
                 AOI31X2  814  
                  NOR3X2  814  
                  NOR3X2  814  
                 NOR3BX2  814  
                 NOR3BX2  814  
                 DFFTRX1  814  
                 DFFTRX1  814  
                  TLATXL  814  
                  TLATXL  814  
                  AO22X4  814  
                  AO22X4  814  
                 NAND4X6  814  
                 NAND4X6  814  
                 SDFFSX2  814  
                 SDFFSX2  814  
                   MX3X2  814  
                   MX3X2  814  
                  NOR4X4  814  
                  NOR4X4  814  
                OAI222XL  814  
                OAI222XL  814  
                AOI222X4  814  
                AOI222X4  814  
                CLKINVX6  814  
                CLKINVX6  814  
                NOR4BBX2  814  
                NOR4BBX2  814  
                   OR2X1  814  
                   OR2X1  814  
                   MX4X4  814  
                   MX4X4  814  
                MDFFHQX1  814  
                MDFFHQX1  814  
                 NOR4BX2  814  
                 NOR4BX2  814  
               DFFSRHQX4  814  
               DFFSRHQX4  814  
                NAND4BX2  814  
                NAND4BX2  814  
               AOI2BB1X4  814  
               AOI2BB1X4  814  
                  AO22X2  814  
                  AO22X2  814  
                  NOR4X2  814  
                  NOR4X2  814  
                  DFFQX1  814  
                  DFFQX1  814  
                   MX2XL  814  
                   MX2XL  814  
                  XOR2X1  814  
                  XOR2X1  814  
                 NAND4X4  814  
                 NAND4X4  814  
               AOI2BB1X1  814  
               AOI2BB1X1  814  
               CLKINVX16  814  
               CLKINVX16  814  
                   BUFX8  814  
                   BUFX8  814  
                  AND2X1  814  
                  AND2X1  814  
                 NAND4X2  814  
                 NAND4X2  814  
               DFFSRHQX1  814  
               DFFSRHQX1  814  
             TLATNTSCAX3  814  
             TLATNTSCAX3  814  
                  BUFX16  814  
                  BUFX16  814  
                 AOI33XL  814  
                 AOI33XL  814  
                TLATSRXL  814  
                TLATSRXL  814  
                  MXI2X8  814  
                  MXI2X8  814  
                CLKMX2X2  814  
                CLKMX2X2  814  
                   MX2X6  814  
                   MX2X6  814  
                  MXI2X6  814  
                  MXI2X6  814  
                  XOR3X1  814  
                  XOR3X1  814  
                MDFFHQX4  814  
                MDFFHQX4  814  
                OAI211X1  814  
                OAI211X1  814  
                  TBUFXL  814  
                  TBUFXL  814  
                  DFFRX1  814  
                  DFFRX1  814  
                  AND3X1  814  
                  AND3X1  814  
                OAI222X2  814  
                OAI222X2  814  
                 OAI33X4  814  
                 OAI33X4  814  
                  MXI2X4  814  
                  MXI2X4  814  
               CLKAND2X4  814  
               CLKAND2X4  814  
                  DFFSX1  814  
                  DFFSX1  814  
                DFFNSRXL  814  
                DFFNSRXL  814  
                OAI211X4  814  
                OAI211X4  814  
               TLATNCAX8  814  
               TLATNCAX8  814  
                  BUFX12  814  
                  BUFX12  814  
                 SEDFFX1  814  
                 SEDFFX1  814  
                 OAI33X2  814  
                 OAI33X2  814  
                EDFFHQX2  814  
                EDFFHQX2  814  
                  AND4X1  814  
                  AND4X1  814  
                CLKMX2X8  814  
                CLKMX2X8  814  
                 XNOR2X1  814  
                 XNOR2X1  814  
                 AOI22X4  814  
                 AOI22X4  814  
               SMDFFHQX4  814  
               SMDFFHQX4  814  
                   BUFX3  814  
                   BUFX3  814  
              TLATNCAX20  814  
              TLATNCAX20  814  
                 AOI22X2  814  
                 AOI22X2  814  
                  MXI3X4  814  
                  MXI3X4  814  
               TLATNCAX2  814  
               TLATNCAX2  814  
               OAI2BB1X2  814  
               OAI2BB1X2  814  
                  MXI2X2  814  
                  MXI2X2  814  
               SMDFFHQX1  814  
               SMDFFHQX1  814  
                TLATSRX2  814  
                TLATSRX2  814  
                  INVX20  814  
                  INVX20  814  
                 AOI32X4  814  
                 AOI32X4  814  
                 SDFFQX1  814  
                 SDFFQX1  814  
                   INVX4  814  
                   INVX4  814  
               CLKMX2X12  814  
               CLKMX2X12  814  
                 DFFSRXL  814  
                 DFFSRXL  814  
                EDFFHQX8  814  
                EDFFHQX8  814  
                  MXI3X2  814  
                  MXI3X2  814  
                   MX2X1  814  
                   MX2X1  814  
               SEDFFHQX4  814  
               SEDFFHQX4  814  
                  MXI4X4  814  
                  MXI4X4  814  
                  DLY1X4  814  
                  DLY1X4  814  
              SDFFSRHQX2  814  
              SDFFSRHQX2  814  
                  XOR2XL  814  
                  XOR2XL  814  
               SEDFFHQX1  814  
               SEDFFHQX1  814  
                 TLATNXL  814  
                 TLATNXL  814  
               OAI2BB2XL  814  
               OAI2BB2XL  814  
                   OR4XL  814  
                   OR4XL  814  
                  DFFQXL  814  
                  DFFQXL  814  
                  AND2XL  814  
                  AND2XL  814  
                CLKBUFX3  814  
                CLKBUFX3  814  
                 DFFTRXL  814  
                 DFFTRXL  814  
                   OR2X2  814  
                   OR2X2  814  
                  DLY2X4  814  
                  DLY2X4  814  
                 NAND2X1  814  
                 NAND2X1  814  
                  MXI4X2  814  
                  MXI4X2  814  
                 AOI32X2  814  
                 AOI32X2  814  
                DFFNSRX2  814  
                DFFNSRX2  814  
                   OR3X4  814  
                   OR3X4  814  
                  DFFRXL  814  
                  DFFRXL  814  
                  XOR3XL  814  
                  XOR3XL  814  
                CLKBUFX6  814  
                CLKBUFX6  814  
                AOI222XL  814  
                AOI222XL  814  
                   OR4X6  814  
                   OR4X6  814  
                ACHCONX2  814  
                ACHCONX2  814  
                 OAI21X1  814  
                 OAI21X1  814  
                  DLY3X4  814  
                  DLY3X4  814  
               TLATNSRX2  814  
               TLATNSRX2  814  
                  AND3XL  814  
                  AND3XL  814  
                  DFFSXL  814  
                  DFFSXL  814  
               NAND4BBXL  814  
               NAND4BBXL  814  
               CLKBUFX16  814  
               CLKBUFX16  814  
                OAI221X1  814  
                OAI221X1  814  
                  AND4XL  814  
                  AND4XL  814  
                 OAI31X1  814  
                 OAI31X1  814  
                  OA21X1  814  
                  OA21X1  814  
                  DLY4X4  814  
                  DLY4X4  814  
               CLKXOR2X8  814  
               CLKXOR2X8  814  
                   OR2X8  814  
                   OR2X8  814  
                   DFFXL  814  
                   DFFXL  814  
               OAI2BB2X4  814  
               OAI2BB2X4  814  
                  EDFFX1  814  
                  EDFFX1  814  
                  HOLDX1  814  
                  HOLDX1  814  
             TLATNTSCAX8  814  
             TLATNTSCAX8  814  
               OAI2BB2X1  814  
               OAI2BB2X1  814  
                CLKINVX1  814  
                CLKINVX1  814  
                SDFFHQX2  814  
                SDFFHQX2  814  
              SDFFSRHQX8  814  
              SDFFSRHQX8  814  
               CLKXOR2X2  814  
               CLKXOR2X2  814  
                OAI221X4  814  
                OAI221X4  814  
                 XNOR3X1  814  
                 XNOR3X1  814  
                 SEDFFXL  814  
                 SEDFFXL  814  
                  OA22X1  814  
                  OA22X1  814  
                AOI211X1  814  
                AOI211X1  814  
                  TLATX4  814  
                  TLATX4  814  
                  BUFX20  814  
                  BUFX20  814  
                 XNOR2XL  814  
                 XNOR2XL  814  
                   OR4X1  814  
                   OR4X1  814  
                OAI211XL  814  
                OAI211XL  814  
                   BUFX4  814  
                   BUFX4  814  
                CLKINVX4  814  
                CLKINVX4  814  
                 AOI33X4  814  
                 AOI33X4  814  
                 TBUFX16  814  
                 TBUFX16  814  
                 SDFFRX1  814  
                 SDFFRX1  814  
               DFFSRHQX8  814  
               DFFSRHQX8  814  
                AOI222X2  814  
                AOI222X2  814  
                NAND2BX1  814  
                NAND2BX1  814  
                AOI211X4  814  
                AOI211X4  814  
                  BMXIX4  814  
                  BMXIX4  814  
                   MX4XL  814  
                   MX4XL  814  
                  TLATX2  814  
                  TLATX2  814  
                  TBUFX8  814  
                  TBUFX8  814  
                NAND2BX4  814  
                NAND2BX4  814  
                 SDFFQXL  814  
                 SDFFQXL  814  
                 AOI33X2  814  
                 AOI33X2  814  
                  ADDFX1  814  
                  ADDFX1  814  
                SDFFHQX8  814  
                SDFFHQX8  814  
                MDFFHQX2  814  
                MDFFHQX2  814  
                   MX3X4  814  
                   MX3X4  814  
                   MX2X2  814  
                   MX2X2  814  
               NAND4BBX4  814  
               NAND4BBX4  814  
                  BMXIX2  814  
                  BMXIX2  814  
               AOI2BB1X2  814  
               AOI2BB1X2  814  
                  TBUFX6  814  
                  TBUFX6  814  
                 TBUFX12  814  
                 TBUFX12  814  
                 NAND3X1  814  
                 NAND3X1  814  
               DFFSRHQX2  814  
               DFFSRHQX2  814  
               NAND4BBX1  814  
               NAND4BBX1  814  
                 DFFHQX1  814  
                 DFFHQX1  814  
               SEDFFTRXL  814  
               SEDFFTRXL  814  
             TLATNTSCAX6  814  
             TLATNTSCAX6  814  
               SDFFRHQX4  814  
               SDFFRHQX4  814  
                 NAND2XL  814  
                 NAND2XL  814  
                  TBUFX4  814  
                  TBUFX4  814  
               AOI2BB2XL  814  
               AOI2BB2XL  814  
               SDFFNSRXL  814  
               SDFFNSRXL  814  
                 ADDFHX1  814  
                 ADDFHX1  814  
               SDFFRHQX1  814  
               SDFFRHQX1  814  
                CLKMX2X3  814  
                CLKMX2X3  814  
                EDFFTRX1  814  
                EDFFTRX1  814  
                   DFFX1  814  
                   DFFX1  814  
                MDFFHQX8  814  
                MDFFHQX8  814  
               CLKAND2X8  814  
               CLKAND2X8  814  
               CLKINVX20  814  
               CLKINVX20  814  
                  OA21XL  814  
                  OA21XL  814  
                OAI211X2  814  
                OAI211X2  814  
                  TBUFX2  814  
                  TBUFX2  814  
                 DFFSRX4  814  
                 DFFSRX4  814  
                  ADDHX1  814  
                  ADDHX1  814  
                  EDFFXL  814  
                  EDFFXL  814  
                 OAI21XL  814  
                 OAI21XL  814  
                   MX2X8  814  
                   MX2X8  814  
                CLKMX2X6  814  
                CLKMX2X6  814  
                EDFFTRX4  814  
                EDFFTRX4  814  
                 NOR2BX1  814  
                 NOR2BX1  814  
                SDFFSRX1  814  
                SDFFSRX1  814  
               CLKAND2X2  814  
               CLKAND2X2  814  
                 OAI22X1  814  
                 OAI22X1  814  
                 DFFSRX2  814  
                 DFFSRX2  814  
                 OAI32X1  814  
                 OAI32X1  814  
               TLATNCAX6  814  
               TLATNCAX6  814  
                  OA22XL  814  
                  OA22XL  814  
                  AND2X8  814  
                  AND2X8  814  
                 TLATNX4  814  
                 TLATNX4  814  
               SMDFFHQX8  814  
               SMDFFHQX8  814  
                 AOI21X1  814  
                 AOI21X1  814  
                 DFFTRX4  814  
                 DFFTRX4  814  
               TLATNCAX3  814  
               TLATNCAX3  814  
                 OAI31XL  814  
                 OAI31XL  814  
                  NOR2X1  814  
                  NOR2X1  814  
                SDFFSRX4  814  
                SDFFSRX4  814  
               SMDFFHQX2  814  
               SMDFFHQX2  814  
                   MX4X1  814  
                   MX4X1  814  
                 NOR3BX1  814  
                 NOR3BX1  814  
                  SDFFX1  814  
                  SDFFX1  814  
                  AND2X6  814  
                  AND2X6  814  
               SEDFFHQX8  814  
               SEDFFHQX8  814  
                 DFFTRX2  814  
                 DFFTRX2  814  
             TLATNTSCAX4  814  
             TLATNTSCAX4  814  
                  DFFQX4  814  
                  DFFQX4  814  
                  AND3X8  814  
                  AND3X8  814  
                AOI221X1  814  
                AOI221X1  814  
                 TLATNX2  814  
                 TLATNX2  814  
                   INVXL  814  
                   INVXL  814  
                  ADDFXL  814  
                  ADDFXL  814  
                   INVX6  814  
                   INVX6  814  
                 XNOR3XL  814  
                 XNOR3XL  814  
                   OR4X2  814  
                   OR4X2  814  
                  AO21X1  814  
                  AO21X1  814  
                OAI221XL  814  
                OAI221XL  814  
                  NOR3X1  814  
                  NOR3X1  814  
                  AND2X4  814  
                  AND2X4  814  
              TLATNCAX12  814  
              TLATNCAX12  814  
                  XOR2X4  814  
                  XOR2X4  814  
                 SDFFSX1  814  
                 SDFFSX1  814  
               AOI2BB2X4  814  
               AOI2BB2X4  814  
                 NOR4BX1  814  
                 NOR4BX1  814  
               SEDFFTRX1  814  
               SEDFFTRX1  814  
               SEDFFTRX4  814  
               SEDFFTRX4  814  
                NAND3BX1  814  
                NAND3BX1  814  
                  DFFQX2  814  
                  DFFQX2  814  
                  AND3X6  814  
                  AND3X6  814  
                AOI221X4  814  
                AOI221X4  814  
                  XOR2X2  814  
                  XOR2X2  814  
                  DFFRX4  814  
                  DFFRX4  814  
                  AND4X8  814  
                  AND4X8  814  
                 SDFFRXL  814  
                 SDFFRXL  814  
               SDFFNSRX1  814  
               SDFFNSRX1  814  
                 AOI31X1  814  
                 AOI31X1  814  
               SDFFNSRX4  814  
               SDFFNSRX4  814  
                  AND2X2  814  
                  AND2X2  814  
                   OR3XL  814  
                   OR3XL  814  
                CLKBUFX4  814  
                CLKBUFX4  814  
                  AO22X1  814  
                  AO22X1  814  
                  NOR4X1  814  
                  NOR4X1  814  
                NAND3BX4  814  
                NAND3BX4  814  
                  AND3X4  814  
                  AND3X4  814  
                DFFRHQX1  814  
                DFFRHQX1  814  
                AOI211XL  814  
                AOI211XL  814  
                  DFFRX2  814  
                  DFFRX2  814  
                  AND4X6  814  
                  AND4X6  814  
                   OR2X4  814  
                   OR2X4  814  
                 NAND4X1  814  
                 NAND4X1  814  
               AOI2BB2X1  814  
               AOI2BB2X1  814  
                NAND2BXL  814  
                NAND2BXL  814  
                  DFFSX4  814  
                  DFFSX4  814  
                   OR3X6  814  
                   OR3X6  814  
                  AND3X2  814  
                  AND3X2  814  
                  ADDHXL  814  
                  ADDHXL  814  
                DFFRHQX4  814  
                DFFRHQX4  814  
                 NAND3XL  814  
                 NAND3XL  814  
                 SEDFFX4  814  
                 SEDFFX4  814  
                  AND4X4  814  
                  AND4X4  814  
                   OR4X8  814  
                   OR4X8  814  
                DFFSHQX1  814  
                DFFSHQX1  814  
               SDFFSHQX1  814  
               SDFFSHQX1  814  
               SDFFSHQX4  814  
               SDFFSHQX4  814  
             TLATNTSCAX2  814  
             TLATNTSCAX2  814  
                 XNOR2X4  814  
                 XNOR2X4  814  
                   DFFX2  814  
                   DFFX2  814  
                 SEDFFX2  814  
                 SEDFFX2  814  
                 ADDFHXL  814  
                 ADDFHXL  814  
                OAI221X2  814  
                OAI221X2  814  
               SEDFFHQX2  814  
               SEDFFHQX2  814  
                SDFFTRX1  814  
                SDFFTRX1  814  
                  AND4X2  814  
                  AND4X2  814  
                 OAI22XL  814  
                 OAI22XL  814  
                DFFSHQX4  814  
                DFFSHQX4  814  
                  NOR2XL  814  
                  NOR2XL  814  
                 XNOR2X2  814  
                 XNOR2X2  814  
                   INVX1  814  
                   INVX1  814  
                 NAND2X8  814  
                 NAND2X8  814  
                 SDFFQX4  814  
                 SDFFQX4  814  
                  SDFFXL  814  
                  SDFFXL  814  
               CLKBUFX20  814  
               CLKBUFX20  814  
               OAI2BB2X2  814  
               OAI2BB2X2  814  
                 OAI33X1  814  
                 OAI33X1  814  
                SDFFTRX4  814  
                SDFFTRX4  814  
                 NOR2BXL  814  
                 NOR2BXL  814  
                  MXI2X1  814  
                  MXI2X1  814  
                NOR4BBX1  814  
                NOR4BBX1  814  
                CLKINVX2  814  
                CLKINVX2  814  
                 SDFFQX2  814  
                 SDFFQX2  814  
                 AOI22X1  814  
                 AOI22X1  814  
            TLATNTSCAX20  814  
            TLATNTSCAX20  814  
                  AO21XL  814  
                  AO21XL  814  
                 OAI32XL  814  
                 OAI32XL  814  
                  NOR3XL  814  
                  NOR3XL  814  
                EDFFTRXL  814  
                EDFFTRXL  814  
                   MX4X2  814  
                   MX4X2  814  
                 NAND2X6  814  
                 NAND2X6  814  
                 AOI21XL  814  
                 AOI21XL  814  
                 NAND2X4  814  
                 NAND2X4  814  
                NOR4BBX4  814  
                NOR4BBX4  814  
                SDFFSRXL  814  
                SDFFSRXL  814  
                   OR3X1  814  
                   OR3X1  814  
                AOI211X2  814  
                AOI211X2  814  
                   BUFX6  814  
                   BUFX6  814  
                 NOR3BXL  814  
                 NOR3BXL  814  
                  MXI3X1  814  
                  MXI3X1  814  
                NAND2BX2  814  
                NAND2BX2  814  
                 AOI32X1  814  
                 AOI32X1  814  
               OAI2BB1XL  814  
               OAI2BB1XL  814  
                  AO22XL  814  
                  AO22XL  814  
                 NAND2X2  814  
                 NAND2X2  814  
                  NOR4XL  814  
                  NOR4XL  814  
                   MX3XL  814  
                   MX3XL  814  
                CLKINVX8  814  
                CLKINVX8  814  
                NAND4BX1  814  
                NAND4BX1  814  
                 AOI31XL  814  
                 AOI31XL  814  
                  DLY1X1  814  
                  DLY1X1  814  
                 OAI21X4  814  
                 OAI21X4  814  
               SDFFRHQX8  814  
               SDFFRHQX8  814  
               NAND4BBX2  814  
               NAND4BBX2  814  
                 SDFFSXL  814  
                 SDFFSXL  814  
                   MX2X4  814  
                   MX2X4  814  
                 NOR4BXL  814  
                 NOR4BXL  814  
                  MXI4X1  814  
                  MXI4X1  814  
                 OAI21X2  814  
                 OAI21X2  814  
                NAND4BX4  814  
                NAND4BX4  814  
                   TIEHI  814  
                   TIEHI  814  
               CLKINVX12  814  
               CLKINVX12  814  
                  OA21X4  814  
                  OA21X4  814  
                AOI221XL  814  
                AOI221XL  814  
                  DLY2X1  814  
                  DLY2X1  814  
                 OAI31X4  814  
                 OAI31X4  814  
            TLATNTSCAX12  814  
            TLATNTSCAX12  814  
                NAND3BXL  814  
                NAND3BXL  814  
                  EDFFX4  814  
                  EDFFX4  814  
                OAI222X1  814  
                OAI222X1  814  
               SDFFRHQX2  814  
               SDFFRHQX2  814  
                CLKMX2X4  814  
                CLKMX2X4  814  
                EDFFTRX2  814  
                EDFFTRX2  814  
               CLKAND2X6  814  
               CLKAND2X6  814  
                  OA21X2  814  
                  OA21X2  814  
                 OAI31X2  814  
                 OAI31X2  814  
                EDFFHQX1  814  
                EDFFHQX1  814  
                SDFFSRX2  814  
                SDFFSRX2  814  
                  OA22X4  814  
                  OA22X4  814  
               CLKAND2X3  814  
               CLKAND2X3  814  
                  EDFFX2  814  
                  EDFFX2  814  
                  DLY3X1  814  
                  DLY3X1  814  
                OAI222X4  814  
                OAI222X4  814  
                   INVX2  814  
                   INVX2  814  
               TLATNSRXL  814  
               TLATNSRXL  814  
                  MXI2XL  814  
                  MXI2XL  814  
                 NAND4XL  814  
                 NAND4XL  814  
                 DFFHQX8  814  
                 DFFHQX8  814  
                EDFFHQX4  814  
                EDFFHQX4  814  
               TLATNCAX4  814  
               TLATNCAX4  814  954  
# Cells in .lib with max_cap: 
    ------------------------------
    Cell List with max_cap
    ------------------------------
               Cell Name  Max Capacitance (pf)  
               OAI2BB1X4  0.266419  
               OAI2BB1X4  0.266419  
                  OA22X2  0.258016  
                  OA22X2  0.258016  
                 NAND3X8  0.339805  
                 NAND3X8  0.339805  
                 SDFFRX4  0.527673  
                 SDFFRX4  0.527673  
                TLATSRX1  0.133593  
                TLATSRX1  0.133593  
               OAI2BB1X1  0.060693  
               OAI2BB1X1  0.060693  
                  DLY4X1  0.131167  
                  DLY4X1  0.131167  
                  ADDFX4  0.525162  
                  ADDFX4  0.525162  
              CLKAND2X12  1.529610  
              CLKAND2X12  1.529610  
                  MXI3XL  0.064910  
                  MXI3XL  0.064910  
                 NAND3X6  0.270151  
                 NAND3X6  0.270151  
                 SDFFRX2  0.264928  
                 SDFFRX2  0.264928  
                   MX3X1  0.126067  
                   MX3X1  0.126067  
              SDFFSRHQX1  0.125500  
              SDFFSRHQX1  0.125500  
            TLATNTSCAX16  2.212070  
            TLATNTSCAX16  2.212070  
                 OAI33XL  0.025788  
                 OAI33XL  0.025788  
                TLATSRX4  0.531751  
                TLATSRX4  0.531751  
                 DFFHQX4  0.521333  
                 DFFHQX4  0.521333  
                AOI221X2  0.097725  
                AOI221X2  0.097725  
                  ADDFX2  0.262201  
                  ADDFX2  0.262201  
                 AOI22XL  0.037790  
                 AOI22XL  0.037790  
                NAND3BX2  0.087218  
                NAND3BX2  0.087218  
                SDFFTRXL  0.073208  
                SDFFTRXL  0.073208  
                   OR3X2  0.250623  
                   OR3X2  0.250623  
                CLKBUFX2  0.261698  
                CLKBUFX2  0.261698  
                  TLATX1  0.133797  
                  TLATX1  0.133797  
                 DFFHQX2  0.260509  
                 DFFHQX2  0.260509  
                  MXI4XL  0.065043  
                  MXI4XL  0.065043  
               AOI2BB2X2  0.117711  
               AOI2BB2X2  0.117711  
               SEDFFTRX2  0.265198  
               SEDFFTRX2  0.265198  
               SDFFNSRX2  0.264367  
               SDFFNSRX2  0.264367  
                   INVX8  1.027920  
                   INVX8  1.027920  
                 AOI33X1  0.041693  
                 AOI33X1  0.041693  
                   OR4X4  0.553681  
                   OR4X4  0.553681  
                DFFNSRX1  0.134277  
                DFFNSRX1  0.134277  
                 NAND3X2  0.076875  
                 NAND3X2  0.076875  
                 ADDFHX4  0.525162  
                 ADDFHX4  0.525162  
                 NAND3X4  0.157764  
                 NAND3X4  0.157764  
                  NOR2X8  0.584888  
                  NOR2X8  0.584888  
                 AOI32XL  0.024898  
                 AOI32XL  0.024898  
                 OAI22X4  0.267448  
                 OAI22X4  0.267448  
                   OR2XL  0.072833  
                   OR2XL  0.072833  
              SDFFSRHQX4  0.512192  
              SDFFSRHQX4  0.512192  
                 TBUFX20  2.719580  
                 TBUFX20  2.719580  
                  INVX16  2.049340  
                  INVX16  2.049340  
                  ADDHX4  0.527114  
                  ADDHX4  0.527114  
               SDFFSHQX8  1.047160  
               SDFFSHQX8  1.047160  
                DFFRHQX2  0.254490  
                DFFRHQX2  0.254490  
               TLATNSRX4  0.532564  
               TLATNSRX4  0.532564  
                 ADDFHX2  0.262575  
                 ADDFHX2  0.262575  
                NOR4BBXL  0.021571  
                NOR4BBXL  0.021571  
                  NOR2X6  0.446150  
                  NOR2X6  0.446150  
                CLKBUFX8  1.031340  
                CLKBUFX8  1.031340  
                 NOR2BX4  0.293804  
                 NOR2BX4  0.293804  
               TLATNSRX1  0.134378  
               TLATNSRX1  0.134378  
               AOI2BB1XL  0.039190  
               AOI2BB1XL  0.039190  
                  NOR3X8  0.395084  
                  NOR3X8  0.395084  
                  ADDHX2  0.257485  
                  ADDHX2  0.257485  
               SDFFSHQX2  0.261758  
               SDFFSHQX2  0.261758  
                 OAI32X4  0.194934  
                 OAI32X4  0.194934  
                NAND4BXL  0.017846  
                NAND4BXL  0.017846  
              TLATNCAX16  2.171400  
              TLATNCAX16  2.171400  
                DFFSHQX2  0.248656  
                DFFSHQX2  0.248656  
                  TBUFX3  0.394171  
                  TBUFX3  0.394171  
                 NOR2BX2  0.143130  
                 NOR2BX2  0.143130  
                 AOI21X4  0.261111  
                 AOI21X4  0.261111  
                   OR2X6  0.768692  
                   OR2X6  0.768692  
                 OAI22X2  0.135776  
                 OAI22X2  0.135776  
                  TBUFX1  0.127366  
                  TBUFX1  0.127366  
                  SDFFX4  0.529337  
                  SDFFX4  0.529337  
                  INVX12  1.537660  
                  INVX12  1.537660  
                DFFRHQX8  1.042500  
                DFFRHQX8  1.042500  
                  NOR2X4  0.299678  
                  NOR2X4  0.299678  
                   OR3X8  1.098210  
                   OR3X8  1.098210  
                   BUFX2  0.261698  
                   BUFX2  0.261698  
                  NOR4X8  0.281250  
                  NOR4X8  0.281250  
                 AOI21X2  0.133070  
                 AOI21X2  0.133070  
                   DFFX4  0.522812  
                   DFFX4  0.522812  
               CLKBUFX12  1.553800  
               CLKBUFX12  1.553800  
                  NOR2X2  0.135226  
                  NOR2X2  0.135226  
                SDFFHQX1  0.128608  
                SDFFHQX1  0.128608  
                 NOR3BX4  0.195129  
                 NOR3BX4  0.195129  
                   INVX3  0.392880  
                   INVX3  0.392880  
               CLKXOR2X4  0.502589  
               CLKXOR2X4  0.502589  
                 DFFSRX1  0.134559  
                 DFFSRX1  0.134559  
                  AO21X4  0.510011  
                  AO21X4  0.510011  
                SDFFTRX2  0.261888  
                SDFFTRX2  0.261888  
                  SDFFX2  0.267071  
                  SDFFX2  0.267071  
                  NOR3X4  0.194787  
                  NOR3X4  0.194787  
                 AOI31X4  0.166085  
                 AOI31X4  0.166085  
                 OAI32X2  0.099158  
                 OAI32X2  0.099158  
               CLKXOR2X1  0.118189  
               CLKXOR2X1  0.118189  
                  NOR4X6  0.211439  
                  NOR4X6  0.211439  
                AOI222X1  0.049788  
                AOI222X1  0.049788  
                 NAND4X8  0.240365  
                 NAND4X8  0.240365  
                 SDFFSX4  0.524918  
                 SDFFSX4  0.524918  
                DFFSHQX8  1.039330  
                DFFSHQX8  1.039330  
                 NOR4BX4  0.139875  
                 NOR4BX4  0.139875  
                CLKINVX3  0.392880  
                CLKINVX3  0.392880  
                SDFFHQX4  0.524648  
                SDFFHQX4  0.524648  
                  NOR3X6  0.293128  
                  NOR3X6  0.293128  
                 TLATNX1  0.134214  
                 TLATNX1  0.134214  
                  AO21X2  0.260336  
                  AO21X2  0.260336  
                 AOI31X2  0.088431  
                 AOI31X2  0.088431  
                  NOR3X2  0.094094  
                  NOR3X2  0.094094  
                 NOR3BX2  0.099704  
                 NOR3BX2  0.099704  
                 DFFTRX1  0.134024  
                 DFFTRX1  0.134024  
                  TLATXL  0.074872  
                  TLATXL  0.074872  
                  AO22X4  0.509977  
                  AO22X4  0.509977  
                 NAND4X6  0.173071  
                 NAND4X6  0.173071  
                 SDFFSX2  0.265542  
                 SDFFSX2  0.265542  
                   MX3X2  0.250373  
                   MX3X2  0.250373  
                  NOR4X4  0.139132  
                  NOR4X4  0.139132  
                OAI222XL  0.024617  
                OAI222XL  0.024617  
                AOI222X4  0.194521  
                AOI222X4  0.194521  
                CLKINVX6  0.765973  
                CLKINVX6  0.765973  
                NOR4BBX2  0.064839  
                NOR4BBX2  0.064839  
                   OR2X1  0.124999  
                   OR2X1  0.124999  
                   MX4X4  0.531384  
                   MX4X4  0.531384  
                MDFFHQX1  0.128608  
                MDFFHQX1  0.128608  
                 NOR4BX2  0.065952  
                 NOR4BX2  0.065952  
               DFFSRHQX4  0.523338  
               DFFSRHQX4  0.523338  
                NAND4BX2  0.063937  
                NAND4BX2  0.063937  
               AOI2BB1X4  0.295851  
               AOI2BB1X4  0.295851  
                  AO22X2  0.251946  
                  AO22X2  0.251946  
                  NOR4X2  0.072750  
                  NOR4X2  0.072750  
                  DFFQX1  0.129554  
                  DFFQX1  0.129554  
                   MX2XL  0.069008  
                   MX2XL  0.069008  
                  XOR2X1  0.118189  
                  XOR2X1  0.118189  
                 NAND4X4  0.119462  
                 NAND4X4  0.119462  
               AOI2BB1X1  0.065344  
               AOI2BB1X1  0.065344  
               CLKINVX16  2.049340  
               CLKINVX16  2.049340  
                   BUFX8  1.031340  
                   BUFX8  1.031340  
                  AND2X1  0.131224  
                  AND2X1  0.131224  
                 NAND4X2  0.068490  
                 NAND4X2  0.068490  
               DFFSRHQX1  0.114847  
               DFFSRHQX1  0.114847  
             TLATNTSCAX3  0.376362  
             TLATNTSCAX3  0.376362  
                  BUFX16  2.158010  
                  BUFX16  2.158010  
                 AOI33XL  0.023456  
                 AOI33XL  0.023456  
                TLATSRXL  0.074154  
                TLATSRXL  0.074154  
                  MXI2X8  1.042290  
                  MXI2X8  1.042290  
                CLKMX2X2  0.261577  
                CLKMX2X2  0.261577  
                   MX2X6  0.822960  
                   MX2X6  0.822960  
                  MXI2X6  0.779075  
                  MXI2X6  0.779075  
                  XOR3X1  0.092598  
                  XOR3X1  0.092598  
                MDFFHQX4  0.524654  
                MDFFHQX4  0.524654  
                OAI211X1  0.045456  
                OAI211X1  0.045456  
                  TBUFXL  0.069794  
                  TBUFXL  0.069794  
                  DFFRX1  0.132819  
                  DFFRX1  0.132819  
                  AND3X1  0.129401  
                  AND3X1  0.129401  
                OAI222X2  0.089923  
                OAI222X2  0.089923  
                 OAI33X4  0.184160  
                 OAI33X4  0.184160  
                  MXI2X4  0.506949  
                  MXI2X4  0.506949  
               CLKAND2X4  0.518270  
               CLKAND2X4  0.518270  
                  DFFSX1  0.129720  
                  DFFSX1  0.129720  
                DFFNSRXL  0.074011  
                DFFNSRXL  0.074011  
                OAI211X4  0.178239  
                OAI211X4  0.178239  
               TLATNCAX8  1.030990  
               TLATNCAX8  1.030990  
                  BUFX12  1.553800  
                  BUFX12  1.553800  
                 SEDFFX1  0.133283  
                 SEDFFX1  0.133283  
                 OAI33X2  0.090645  
                 OAI33X2  0.090645  
                EDFFHQX2  0.262762  
                EDFFHQX2  0.262762  
                  AND4X1  0.127085  
                  AND4X1  0.127085  
                CLKMX2X8  1.097520  
                CLKMX2X8  1.097520  
                 XNOR2X1  0.125622  
                 XNOR2X1  0.125622  
                 AOI22X4  0.261813  
                 AOI22X4  0.261813  
               SMDFFHQX4  0.524781  
               SMDFFHQX4  0.524781  
                   BUFX3  0.390396  
                   BUFX3  0.390396  
              TLATNCAX20  2.797210  
              TLATNCAX20  2.797210  
                 AOI22X2  0.122567  
                 AOI22X2  0.122567  
                  MXI3X4  0.511063  
                  MXI3X4  0.511063  
               TLATNCAX2  0.261484  
               TLATNCAX2  0.261484  
               OAI2BB1X2  0.111752  
               OAI2BB1X2  0.111752  
                  MXI2X2  0.260889  
                  MXI2X2  0.260889  
               SMDFFHQX1  0.128101  
               SMDFFHQX1  0.128101  
                TLATSRX2  0.265495  
                TLATSRX2  0.265495  
                  INVX20  2.571780  
                  INVX20  2.571780  
                 AOI32X4  0.181571  
                 AOI32X4  0.181571  
                 SDFFQX1  0.130120  
                 SDFFQX1  0.130120  
                   INVX4  0.530450  
                   INVX4  0.530450  
               CLKMX2X12  1.554620  
               CLKMX2X12  1.554620  
                 DFFSRXL  0.073976  
                 DFFSRXL  0.073976  
                EDFFHQX8  1.050730  
                EDFFHQX8  1.050730  
                  MXI3X2  0.237208  
                  MXI3X2  0.237208  
                   MX2X1  0.129295  
                   MX2X1  0.129295  
               SEDFFHQX4  0.526086  
               SEDFFHQX4  0.526086  
                  MXI4X4  0.507562  
                  MXI4X4  0.507562  
                  DLY1X4  0.521746  
                  DLY1X4  0.521746  
              SDFFSRHQX2  0.247520  
              SDFFSRHQX2  0.247520  
                  XOR2XL  0.068329  
                  XOR2XL  0.068329  
               SEDFFHQX1  0.125413  
               SEDFFHQX1  0.125413  
                 TLATNXL  0.074612  
                 TLATNXL  0.074612  
               OAI2BB2XL  0.036617  
               OAI2BB2XL  0.036617  
                   OR4XL  0.070514  
                   OR4XL  0.070514  
                  DFFQXL  0.072520  
                  DFFQXL  0.072520  
                  AND2XL  0.068964  
                  AND2XL  0.068964  
                CLKBUFX3  0.390396  
                CLKBUFX3  0.390396  
                 DFFTRXL  0.073193  
                 DFFTRXL  0.073193  
                   OR2X2  0.252347  
                   OR2X2  0.252347  
                  DLY2X4  0.529924  
                  DLY2X4  0.529924  
                 NAND2X1  0.061368  
                 NAND2X1  0.061368  
                  MXI4X2  0.263371  
                  MXI4X2  0.263371  
                 AOI32X2  0.092044  
                 AOI32X2  0.092044  
                DFFNSRX2  0.264649  
                DFFNSRX2  0.264649  
                   OR3X4  0.533484  
                   OR3X4  0.533484  
                  DFFRXL  0.073640  
                  DFFRXL  0.073640  
                  XOR3XL  0.073485  
                  XOR3XL  0.073485  
                CLKBUFX6  0.756725  
                CLKBUFX6  0.756725  
                AOI222XL  0.027173  
                AOI222XL  0.027173  
                   OR4X6  0.808610  
                   OR4X6  0.808610  
                ACHCONX2  0.101569  
                ACHCONX2  0.101569  
                 OAI21X1  0.066470  
                 OAI21X1  0.066470  
                  DLY3X4  0.505965  
                  DLY3X4  0.505965  
               TLATNSRX2  0.265469  
               TLATNSRX2  0.265469  
                  AND3XL  0.073377  
                  AND3XL  0.073377  
                  DFFSXL  0.073434  
                  DFFSXL  0.073434  
               NAND4BBXL  0.017887  
               NAND4BBXL  0.017887  
               CLKBUFX16  2.158010  
               CLKBUFX16  2.158010  
                OAI221X1  0.045301  
                OAI221X1  0.045301  
                  AND4XL  0.070194  
                  AND4XL  0.070194  
                 OAI31X1  0.047468  
                 OAI31X1  0.047468  
                  OA21X1  0.128872  
                  OA21X1  0.128872  
                  DLY4X4  0.515529  
                  DLY4X4  0.515529  
               CLKXOR2X8  1.092400  
               CLKXOR2X8  1.092400  
                   OR2X8  1.034940  
                   OR2X8  1.034940  
                   DFFXL  0.074748  
                   DFFXL  0.074748  
               OAI2BB2X4  0.262196  
               OAI2BB2X4  0.262196  
                  EDFFX1  0.134526  
                  EDFFX1  0.134526  
                  HOLDX1  0.000000  
                  HOLDX1  0.000000  
             TLATNTSCAX8  1.035560  
             TLATNTSCAX8  1.035560  
               OAI2BB2X1  0.064768  
               OAI2BB2X1  0.064768  
                CLKINVX1  0.132158  
                CLKINVX1  0.132158  
                SDFFHQX2  0.262284  
                SDFFHQX2  0.262284  
              SDFFSRHQX8  1.033010  
              SDFFSRHQX8  1.033010  
               CLKXOR2X2  0.265058  
               CLKXOR2X2  0.265058  
                OAI221X4  0.178634  
                OAI221X4  0.178634  
                 XNOR3X1  0.092108  
                 XNOR3X1  0.092108  
                 SEDFFXL  0.073876  
                 SEDFFXL  0.073876  
                  OA22X1  0.127413  
                  OA22X1  0.127413  
                AOI211X1  0.051003  
                AOI211X1  0.051003  
                  TLATX4  0.534342  
                  TLATX4  0.534342  
                  BUFX20  2.589400  
                  BUFX20  2.589400  
                 XNOR2XL  0.068396  
                 XNOR2XL  0.068396  
                   OR4X1  0.121260  
                   OR4X1  0.121260  
                OAI211XL  0.025112  
                OAI211XL  0.025112  
                   BUFX4  0.507904  
                   BUFX4  0.507904  
                CLKINVX4  0.530450  
                CLKINVX4  0.530450  
                 AOI33X4  0.160962  
                 AOI33X4  0.160962  
                 TBUFX16  2.222720  
                 TBUFX16  2.222720  
                 SDFFRX1  0.133182  
                 SDFFRX1  0.133182  
               DFFSRHQX8  1.031860  
               DFFSRHQX8  1.031860  
                AOI222X2  0.098369  
                AOI222X2  0.098369  
                NAND2BX1  0.059819  
                NAND2BX1  0.059819  
                AOI211X4  0.198426  
                AOI211X4  0.198426  
                  BMXIX4  0.542974  
                  BMXIX4  0.542974  
                   MX4XL  0.067753  
                   MX4XL  0.067753  
                  TLATX2  0.268710  
                  TLATX2  0.268710  
                  TBUFX8  1.048060  
                  TBUFX8  1.048060  
                NAND2BX4  0.264236  
                NAND2BX4  0.264236  
                 SDFFQXL  0.069528  
                 SDFFQXL  0.069528  
                 AOI33X2  0.074878  
                 AOI33X2  0.074878  
                  ADDFX1  0.132346  
                  ADDFX1  0.132346  
                SDFFHQX8  1.051070  
                SDFFHQX8  1.051070  
                MDFFHQX2  0.262284  
                MDFFHQX2  0.262284  
                   MX3X4  0.460087  
                   MX3X4  0.460087  
                   MX2X2  0.261577  
                   MX2X2  0.261577  
               NAND4BBX4  0.120110  
               NAND4BBX4  0.120110  
                  BMXIX2  0.241137  
                  BMXIX2  0.241137  
               AOI2BB1X2  0.141404  
               AOI2BB1X2  0.141404  
                  TBUFX6  0.791441  
                  TBUFX6  0.791441  
                 TBUFX12  1.605360  
                 TBUFX12  1.605360  
                 NAND3X1  0.043982  
                 NAND3X1  0.043982  
               DFFSRHQX2  0.257473  
               DFFSRHQX2  0.257473  
               NAND4BBX1  0.033462  
               NAND4BBX1  0.033462  
                 DFFHQX1  0.131141  
                 DFFHQX1  0.131141  
               SEDFFTRXL  0.073392  
               SEDFFTRXL  0.073392  
             TLATNTSCAX6  0.782483  
             TLATNTSCAX6  0.782483  
               SDFFRHQX4  0.516085  
               SDFFRHQX4  0.516085  
                 NAND2XL  0.036185  
                 NAND2XL  0.036185  
                  TBUFX4  0.523024  
                  TBUFX4  0.523024  
               AOI2BB2XL  0.036897  
               AOI2BB2XL  0.036897  
               SDFFNSRXL  0.073824  
               SDFFNSRXL  0.073824  
                 ADDFHX1  0.131081  
                 ADDFHX1  0.131081  
               SDFFRHQX1  0.131907  
               SDFFRHQX1  0.131907  
                CLKMX2X3  0.379322  
                CLKMX2X3  0.379322  
                EDFFTRX1  0.133558  
                EDFFTRX1  0.133558  
                   DFFX1  0.134569  
                   DFFX1  0.134569  
                MDFFHQX8  1.051070  
                MDFFHQX8  1.051070  
               CLKAND2X8  1.028860  
               CLKAND2X8  1.028860  
               CLKINVX20  2.571780  
               CLKINVX20  2.571780  
                  OA21XL  0.069529  
                  OA21XL  0.069529  
                OAI211X2  0.086963  
                OAI211X2  0.086963  
                  TBUFX2  0.258761  
                  TBUFX2  0.258761  
                 DFFSRX4  0.524413  
                 DFFSRX4  0.524413  
                  ADDHX1  0.131710  
                  ADDHX1  0.131710  
                  EDFFXL  0.073410  
                  EDFFXL  0.073410  
                 OAI21XL  0.038017  
                 OAI21XL  0.038017  
                   MX2X8  1.097520  
                   MX2X8  1.097520  
                CLKMX2X6  0.822960  
                CLKMX2X6  0.822960  
                EDFFTRX4  0.523702  
                EDFFTRX4  0.523702  
                 NOR2BX1  0.064358  
                 NOR2BX1  0.064358  
                SDFFSRX1  0.134025  
                SDFFSRX1  0.134025  
               CLKAND2X2  0.255959  
               CLKAND2X2  0.255959  
                 OAI22X1  0.065262  
                 OAI22X1  0.065262  
                 DFFSRX2  0.264859  
                 DFFSRX2  0.264859  
                 OAI32X1  0.048185  
                 OAI32X1  0.048185  
               TLATNCAX6  0.778190  
               TLATNCAX6  0.778190  
                  OA22XL  0.068435  
                  OA22XL  0.068435  
                  AND2X8  1.034620  
                  AND2X8  1.034620  
                 TLATNX4  0.531663  
                 TLATNX4  0.531663  
               SMDFFHQX8  1.053570  
               SMDFFHQX8  1.053570  
                 AOI21X1  0.067083  
                 AOI21X1  0.067083  
                 DFFTRX4  0.526326  
                 DFFTRX4  0.526326  
               TLATNCAX3  0.395675  
               TLATNCAX3  0.395675  
                 OAI31XL  0.027023  
                 OAI31XL  0.027023  
                  NOR2X1  0.064248  
                  NOR2X1  0.064248  
                SDFFSRX4  0.524318  
                SDFFSRX4  0.524318  
               SMDFFHQX2  0.255618  
               SMDFFHQX2  0.255618  
                   MX4X1  0.119590  
                   MX4X1  0.119590  
                 NOR3BX1  0.046179  
                 NOR3BX1  0.046179  
                  SDFFX1  0.132728  
                  SDFFX1  0.132728  
                  AND2X6  0.760806  
                  AND2X6  0.760806  
               SEDFFHQX8  1.054310  
               SEDFFHQX8  1.054310  
                 DFFTRX2  0.262005  
                 DFFTRX2  0.262005  
             TLATNTSCAX4  0.514020  
             TLATNTSCAX4  0.514020  
                  DFFQX4  0.532082  
                  DFFQX4  0.532082  
                  AND3X8  1.042080  
                  AND3X8  1.042080  
                AOI221X1  0.048438  
                AOI221X1  0.048438  
                 TLATNX2  0.268399  
                 TLATNX2  0.268399  
                   INVXL  0.068219  
                   INVXL  0.068219  
                  ADDFXL  0.073242  
                  ADDFXL  0.073242  
                   INVX6  0.758175  
                   INVX6  0.758175  
                 XNOR3XL  0.075489  
                 XNOR3XL  0.075489  
                   OR4X2  0.256873  
                   OR4X2  0.256873  
                  AO21X1  0.124589  
                  AO21X1  0.124589  
                OAI221XL  0.025334  
                OAI221XL  0.025334  
                  NOR3X1  0.046224  
                  NOR3X1  0.046224  
                  AND2X4  0.520451  
                  AND2X4  0.520451  
              TLATNCAX12  1.555660  
              TLATNCAX12  1.555660  
                  XOR2X4  0.493039  
                  XOR2X4  0.493039  
                 SDFFSX1  0.133186  
                 SDFFSX1  0.133186  
               AOI2BB2X4  0.271244  
               AOI2BB2X4  0.271244  
                 NOR4BX1  0.036228  
                 NOR4BX1  0.036228  
               SEDFFTRX1  0.133182  
               SEDFFTRX1  0.133182  
               SEDFFTRX4  0.525045  
               SEDFFTRX4  0.525045  
                NAND3BX1  0.044302  
                NAND3BX1  0.044302  
                  DFFQX2  0.259693  
                  DFFQX2  0.259693  
                  AND3X6  0.768057  
                  AND3X6  0.768057  
                AOI221X4  0.195558  
                AOI221X4  0.195558  
                  XOR2X2  0.265058  
                  XOR2X2  0.265058  
                  DFFRX4  0.528208  
                  DFFRX4  0.528208  
                  AND4X8  1.020430  
                  AND4X8  1.020430  
                 SDFFRXL  0.073396  
                 SDFFRXL  0.073396  
               SDFFNSRX1  0.134301  
               SDFFNSRX1  0.134301  
                 AOI31X1  0.044506  
                 AOI31X1  0.044506  
               SDFFNSRX4  0.522023  
               SDFFNSRX4  0.522023  
                  AND2X2  0.250348  
                  AND2X2  0.250348  
                   OR3XL  0.068582  
                   OR3XL  0.068582  
                CLKBUFX4  0.507904  
                CLKBUFX4  0.507904  
                  AO22X1  0.118902  
                  AO22X1  0.118902  
                  NOR4X1  0.036394  
                  NOR4X1  0.036394  
                NAND3BX4  0.156305  
                NAND3BX4  0.156305  
                  AND3X4  0.512007  
                  AND3X4  0.512007  
                DFFRHQX1  0.129858  
                DFFRHQX1  0.129858  
                AOI211XL  0.029103  
                AOI211XL  0.029103  
                  DFFRX2  0.265270  
                  DFFRX2  0.265270  
                  AND4X6  0.770609  
                  AND4X6  0.770609  
                   OR2X4  0.527288  
                   OR2X4  0.527288  
                 NAND4X1  0.033061  
                 NAND4X1  0.033061  
               AOI2BB2X1  0.062102  
               AOI2BB2X1  0.062102  
                NAND2BXL  0.037781  
                NAND2BXL  0.037781  
                  DFFSX4  0.525444  
                  DFFSX4  0.525444  
                   OR3X6  0.780476  
                   OR3X6  0.780476  
                  AND3X2  0.256871  
                  AND3X2  0.256871  
                  ADDHXL  0.074182  
                  ADDHXL  0.074182  
                DFFRHQX4  0.518519  
                DFFRHQX4  0.518519  
                 NAND3XL  0.024965  
                 NAND3XL  0.024965  
                 SEDFFX4  0.526372  
                 SEDFFX4  0.526372  
                  AND4X4  0.512935  
                  AND4X4  0.512935  
                   OR4X8  1.091640  
                   OR4X8  1.091640  
                DFFSHQX1  0.119812  
                DFFSHQX1  0.119812  
               SDFFSHQX1  0.124760  
               SDFFSHQX1  0.124760  
               SDFFSHQX4  0.524578  
               SDFFSHQX4  0.524578  
             TLATNTSCAX2  0.252368  
             TLATNTSCAX2  0.252368  
                 XNOR2X4  0.489282  
                 XNOR2X4  0.489282  
                   DFFX2  0.265808  
                   DFFX2  0.265808  
                 SEDFFX2  0.262326  
                 SEDFFX2  0.262326  
                 ADDFHXL  0.105267  
                 ADDFHXL  0.105267  
                OAI221X2  0.089497  
                OAI221X2  0.089497  
               SEDFFHQX2  0.260244  
               SEDFFHQX2  0.260244  
                SDFFTRX1  0.135126  
                SDFFTRX1  0.135126  
                  AND4X2  0.256112  
                  AND4X2  0.256112  
                 OAI22XL  0.037578  
                 OAI22XL  0.037578  
                DFFSHQX4  0.524052  
                DFFSHQX4  0.524052  
                  NOR2XL  0.042721  
                  NOR2XL  0.042721  
                 XNOR2X2  0.264039  
                 XNOR2X2  0.264039  
                   INVX1  0.132158  
                   INVX1  0.132158  
                 NAND2X8  0.537508  
                 NAND2X8  0.537508  
                 SDFFQX4  0.534951  
                 SDFFQX4  0.534951  
                  SDFFXL  0.073020  
                  SDFFXL  0.073020  
               CLKBUFX20  2.589400  
               CLKBUFX20  2.589400  
               OAI2BB2X2  0.132903  
               OAI2BB2X2  0.132903  
                 OAI33X1  0.045496  
                 OAI33X1  0.045496  
                SDFFTRX4  0.524072  
                SDFFTRX4  0.524072  
                 NOR2BXL  0.042637  
                 NOR2BXL  0.042637  
                  MXI2X1  0.061584  
                  MXI2X1  0.061584  
                NOR4BBX1  0.035489  
                NOR4BBX1  0.035489  
                CLKINVX2  0.266968  
                CLKINVX2  0.266968  
                 SDFFQX2  0.263799  
                 SDFFQX2  0.263799  
                 AOI22X1  0.062098  
                 AOI22X1  0.062098  
            TLATNTSCAX20  2.810940  
            TLATNTSCAX20  2.810940  
                  AO21XL  0.065363  
                  AO21XL  0.065363  
                 OAI32XL  0.028110  
                 OAI32XL  0.028110  
                  NOR3XL  0.026966  
                  NOR3XL  0.026966  
                EDFFTRXL  0.073598  
                EDFFTRXL  0.073598  
                   MX4X2  0.238194  
                   MX4X2  0.238194  
                 NAND2X6  0.388394  
                 NAND2X6  0.388394  
                 AOI21XL  0.036688  
                 AOI21XL  0.036688  
                 NAND2X4  0.261658  
                 NAND2X4  0.261658  
                NOR4BBX4  0.132446  
                NOR4BBX4  0.132446  
                SDFFSRXL  0.073449  
                SDFFSRXL  0.073449  
                   OR3X1  0.116372  
                   OR3X1  0.116372  
                AOI211X2  0.097738  
                AOI211X2  0.097738  
                   BUFX6  0.756725  
                   BUFX6  0.756725  
                 NOR3BXL  0.027033  
                 NOR3BXL  0.027033  
                  MXI3X1  0.123580  
                  MXI3X1  0.123580  
                NAND2BX2  0.121805  
                NAND2BX2  0.121805  
                 AOI32X1  0.046062  
                 AOI32X1  0.046062  
               OAI2BB1XL  0.037029  
               OAI2BB1XL  0.037029  
                  AO22XL  0.069071  
                  AO22XL  0.069071  
                 NAND2X2  0.117401  
                 NAND2X2  0.117401  
                  NOR4XL  0.021596  
                  NOR4XL  0.021596  
                   MX3XL  0.069527  
                   MX3XL  0.069527  
                CLKINVX8  1.027920  
                CLKINVX8  1.027920  
                NAND4BX1  0.033163  
                NAND4BX1  0.033163  
                 AOI31XL  0.024044  
                 AOI31XL  0.024044  
                  DLY1X1  0.129279  
                  DLY1X1  0.129279  
                 OAI21X4  0.269240  
                 OAI21X4  0.269240  
               SDFFRHQX8  1.037870  
               SDFFRHQX8  1.037870  
               NAND4BBX2  0.061896  
               NAND4BBX2  0.061896  
                 SDFFSXL  0.073667  
                 SDFFSXL  0.073667  
                   MX2X4  0.525861  
                   MX2X4  0.525861  
                 NOR4BXL  0.021510  
                 NOR4BXL  0.021510  
                  MXI4X1  0.123198  
                  MXI4X1  0.123198  
                 OAI21X2  0.134676  
                 OAI21X2  0.134676  
                NAND4BX4  0.119874  
                NAND4BX4  0.119874  
               CLKINVX12  1.537080  
               CLKINVX12  1.537080  
                  OA21X4  0.496315  
                  OA21X4  0.496315  
                AOI221XL  0.028321  
                AOI221XL  0.028321  
                  DLY2X1  0.130289  
                  DLY2X1  0.130289  
                 OAI31X4  0.180447  
                 OAI31X4  0.180447  
            TLATNTSCAX12  1.572860  
            TLATNTSCAX12  1.572860  
                NAND3BXL  0.025475  
                NAND3BXL  0.025475  
                  EDFFX4  0.531328  
                  EDFFX4  0.531328  
                OAI222X1  0.045313  
                OAI222X1  0.045313  
               SDFFRHQX2  0.240283  
               SDFFRHQX2  0.240283  
                CLKMX2X4  0.524955  
                CLKMX2X4  0.524955  
                EDFFTRX2  0.264309  
                EDFFTRX2  0.264309  
               CLKAND2X6  0.759372  
               CLKAND2X6  0.759372  
                  OA21X2  0.256633  
                  OA21X2  0.256633  
                 OAI31X2  0.092414  
                 OAI31X2  0.092414  
                EDFFHQX1  0.133042  
                EDFFHQX1  0.133042  
                SDFFSRX2  0.264735  
                SDFFSRX2  0.264735  
                  OA22X4  0.505359  
                  OA22X4  0.505359  
               CLKAND2X3  0.385939  
               CLKAND2X3  0.385939  
                  EDFFX2  0.262036  
                  EDFFX2  0.262036  
                  DLY3X1  0.125013  
                  DLY3X1  0.125013  
                OAI222X4  0.178409  
                OAI222X4  0.178409  
                   INVX2  0.266968  
                   INVX2  0.266968  
               TLATNSRXL  0.074598  
               TLATNSRXL  0.074598  
                  MXI2XL  0.036587  
                  MXI2XL  0.036587  
                 NAND4XL  0.018054  
                 NAND4XL  0.018054  
                 DFFHQX8  1.053890  
                 DFFHQX8  1.053890  
                EDFFHQX4  0.513189  
                EDFFHQX4  0.513189  
               TLATNCAX4  0.519513  
               TLATNCAX4  0.519513  950  
# Cells in .lib with max_fanout: 0  
SDC max_cap: N/A  
SDC max_tran: N/A  
SDC max_fanout: N/A  
Default Ext. Scale Factor: 1.000  
Detail Ext. Scale Factor: 1.000  

==============================
Floorplan/Placement Information
==============================
Total area of Standard cells: 952982.846 um^2  
Total area of Standard cells(Subtracting Physical Cells): 455706.638 um^2  
Total area of Macros: 0.000 um^2  
Total area of Blockages: 0.000 um^2  
Total area of Pad cells: 0.000 um^2  
Total area of Core: 968457.004 um^2  
Total area of Chip: 1008291.451 um^2  
Effective Utilization: 2.1207e+00  
Number of Cell Rows: 575  
% Pure Gate Density #1 (Subtracting BLOCKAGES): 98.402%  
% Pure Gate Density #2 (Subtracting BLOCKAGES and Physical Cells): 47.055%  
% Pure Gate Density #3 (Subtracting MACROS): 98.402%  
% Pure Gate Density #4 (Subtracting MACROS and Physical Cells): 47.055%  
% Pure Gate Density #5 (Subtracting MACROS and BLOCKAGES): 98.402%  
% Pure Gate Density #6 (Subtracting MACROS and BLOCKAGES and Physical Cells): 47.055%  
% Core Density (Counting Std Cells and MACROs): 98.402%  
% Core Density #2(Subtracting Physical Cells): 47.055%  
% Chip Density (Counting Std Cells and MACROs and IOs): 94.515%  
% Chip Density #2(Subtracting Physical Cells): 45.196%  
# Macros within 5 sites of IO pad: No  
Macro halo defined?: No  

==============================
Wire Length Distribution
==============================
Total Metal1 wire length: 265963.8200 um  
Total Metal2 wire length: 897804.2300 um  
Total Metal3 wire length: 999903.1500 um  
Total Metal4 wire length: 691086.9000 um  
Total Metal5 wire length: 597856.0300 um  
Total Metal6 wire length: 17317.1850 um  
Total Metal7 wire length: 1619.0850 um  
Total Metal8 wire length: 1.3400 um  
Total Metal9 wire length: 0.0000 um  
Total wire length: 3471551.7400 um  
Average wire length/net: 21.3617 um  
Area of Power Net Distribution: 
    ------------------------------
    Area of Power Net Distribution
    ------------------------------
    Layer Name  Area of Power Net  Routable Area  Percentage  
    Metal1  34288.8600  968457.0038  3.5406%  
    Metal2  0.0000  968457.0038  0.0000%  
    Metal3  0.0000  968457.0038  0.0000%  
    Metal4  0.0000  968457.0038  0.0000%  
    Metal5  0.0000  968457.0038  0.0000%  
    Metal6  0.0000  968457.0038  0.0000%  
    Metal7  3975.5200  968457.0038  0.4105%  
    Metal8  3969.1400  968457.0038  0.4098%  
    Metal9  0.0000  968457.0038  0.0000%  For more information click here  
